i,j,path1,path2,embedding_distance
484,568,images/image_534.jpg,images/image_70.jpg,5.960464477539063e-08
65,507,images/image_157.jpg,images/image_555.jpg,1.1920928955078125e-07
110,115,images/image_198.jpg,images/image_201.jpg,1.1920928955078125e-07
298,571,images/image_367.jpg,images/image_73.jpg,1.1920928955078125e-07
371,577,images/image_432.jpg,images/image_79.jpg,1.1920928955078125e-07
2,180,images/image_10.jpg,images/image_260.jpg,2.0265579223632812e-06
24,457,images/image_12.jpg,images/image_51.jpg,3.2782554626464844e-06
447,548,images/image_500.jpg,images/image_592.jpg,4.112720489501953e-06
393,548,images/image_452.jpg,images/image_592.jpg,5.0067901611328125e-06
219,479,images/image_296.jpg,images/image_53.jpg,5.245208740234375e-06
393,447,images/image_452.jpg,images/image_500.jpg,5.245208740234375e-06
177,181,images/image_258.jpg,images/image_261.jpg,5.304813385009766e-06
9,180,images/image_106.jpg,images/image_260.jpg,5.662441253662109e-06
287,365,images/image_357.jpg,images/image_427.jpg,5.662441253662109e-06
360,394,images/image_422.jpg,images/image_453.jpg,5.841255187988281e-06
2,9,images/image_10.jpg,images/image_106.jpg,6.198883056640625e-06
172,411,images/image_253.jpg,images/image_469.jpg,6.556510925292969e-06
32,579,images/image_127.jpg,images/image_80.jpg,7.927417755126953e-06
9,590,images/image_106.jpg,images/image_90.jpg,7.987022399902344e-06
344,513,images/image_408.jpg,images/image_560.jpg,8.106231689453125e-06
50,555,images/image_143.jpg,images/image_599.jpg,8.64267349243164e-06
371,573,images/image_432.jpg,images/image_75.jpg,8.761882781982422e-06
573,577,images/image_75.jpg,images/image_79.jpg,8.761882781982422e-06
172,479,images/image_253.jpg,images/image_53.jpg,9.894371032714844e-06
202,515,images/image_280.jpg,images/image_562.jpg,9.953975677490234e-06
56,247,images/image_149.jpg,images/image_320.jpg,1.0132789611816406e-05
127,148,images/image_212.jpg,images/image_231.jpg,1.0251998901367188e-05
77,263,images/image_168.jpg,images/image_335.jpg,1.2218952178955078e-05
240,453,images/image_314.jpg,images/image_506.jpg,1.2278556823730469e-05
267,285,images/image_339.jpg,images/image_355.jpg,1.239776611328125e-05
152,448,images/image_235.jpg,images/image_501.jpg,1.2695789337158203e-05
75,156,images/image_166.jpg,images/image_239.jpg,1.2755393981933594e-05
446,471,images/image_50.jpg,images/image_522.jpg,1.2755393981933594e-05
411,479,images/image_469.jpg,images/image_53.jpg,1.329183578491211e-05
156,272,images/image_239.jpg,images/image_343.jpg,1.341104507446289e-05
219,411,images/image_296.jpg,images/image_469.jpg,1.3768672943115234e-05
19,445,images/image_115.jpg,images/image_5.jpg,1.3947486877441406e-05
73,545,images/image_164.jpg,images/image_59.jpg,1.4603137969970703e-05
255,453,images/image_328.jpg,images/image_506.jpg,1.4603137969970703e-05
3,245,images/image_100.jpg,images/image_319.jpg,1.4901161193847656e-05
169,572,images/image_250.jpg,images/image_74.jpg,1.5020370483398438e-05
192,563,images/image_271.jpg,images/image_66.jpg,1.5139579772949219e-05
85,104,images/image_175.jpg,images/image_192.jpg,1.531839370727539e-05
55,168,images/image_148.jpg,images/image_25.jpg,1.5437602996826172e-05
172,219,images/image_253.jpg,images/image_296.jpg,1.7642974853515625e-05
286,382,images/image_356.jpg,images/image_442.jpg,1.7940998077392578e-05
322,475,images/image_389.jpg,images/image_526.jpg,1.8417835235595703e-05
180,590,images/image_260.jpg,images/image_90.jpg,1.9669532775878906e-05
298,513,images/image_367.jpg,images/image_560.jpg,1.9788742065429688e-05
513,571,images/image_560.jpg,images/image_73.jpg,1.9788742065429688e-05
85,454,images/image_175.jpg,images/image_507.jpg,2.0384788513183594e-05
422,518,images/image_479.jpg,images/image_565.jpg,2.0742416381835938e-05
240,255,images/image_314.jpg,images/image_328.jpg,2.0802021026611328e-05
114,156,images/image_200.jpg,images/image_239.jpg,2.1219253540039062e-05
309,497,images/image_377.jpg,images/image_546.jpg,2.1219253540039062e-05
2,590,images/image_10.jpg,images/image_90.jpg,2.1338462829589844e-05
486,523,images/image_536.jpg,images/image_57.jpg,2.1576881408691406e-05
226,579,images/image_301.jpg,images/image_80.jpg,2.205371856689453e-05
123,361,images/image_209.jpg,images/image_423.jpg,2.2292137145996094e-05
453,574,images/image_506.jpg,images/image_76.jpg,2.2292137145996094e-05
373,534,images/image_434.jpg,images/image_58.jpg,2.2351741790771484e-05
32,226,images/image_127.jpg,images/image_301.jpg,2.2590160369873047e-05
212,238,images/image_29.jpg,images/image_312.jpg,2.2649765014648438e-05
454,580,images/image_507.jpg,images/image_81.jpg,2.294778823852539e-05
5,319,images/image_102.jpg,images/image_386.jpg,2.3126602172851562e-05
74,369,images/image_165.jpg,images/image_430.jpg,2.3126602172851562e-05
31,280,images/image_126.jpg,images/image_350.jpg,2.3186206817626953e-05
171,242,images/image_252.jpg,images/image_316.jpg,2.3305416107177734e-05
0,69,images/image_0.jpg,images/image_160.jpg,2.3543834686279297e-05
98,525,images/image_187.jpg,images/image_571.jpg,2.3543834686279297e-05
422,589,images/image_479.jpg,images/image_9.jpg,2.3663043975830078e-05
129,425,images/image_214.jpg,images/image_481.jpg,2.372264862060547e-05
259,421,images/image_331.jpg,images/image_478.jpg,2.378225326538086e-05
98,197,images/image_187.jpg,images/image_276.jpg,2.384185791015625e-05
197,525,images/image_276.jpg,images/image_571.jpg,2.4020671844482422e-05
332,391,images/image_398.jpg,images/image_450.jpg,2.4199485778808594e-05
45,172,images/image_139.jpg,images/image_253.jpg,2.4259090423583984e-05
166,340,images/image_248.jpg,images/image_404.jpg,2.4497509002685547e-05
495,534,images/image_544.jpg,images/image_58.jpg,2.4497509002685547e-05
92,385,images/image_181.jpg,images/image_445.jpg,2.467632293701172e-05
114,434,images/image_200.jpg,images/image_49.jpg,2.467632293701172e-05
45,411,images/image_139.jpg,images/image_469.jpg,2.473592758178711e-05
95,141,images/image_184.jpg,images/image_225.jpg,2.473592758178711e-05
81,335,images/image_171.jpg,images/image_40.jpg,2.485513687133789e-05
306,407,images/image_374.jpg,images/image_465.jpg,2.5212764739990234e-05
58,593,images/image_150.jpg,images/image_93.jpg,2.5272369384765625e-05
85,580,images/image_175.jpg,images/image_81.jpg,2.5272369384765625e-05
174,544,images/image_255.jpg,images/image_589.jpg,2.5928020477294922e-05
518,589,images/image_565.jpg,images/image_9.jpg,2.6226043701171875e-05
314,595,images/image_381.jpg,images/image_95.jpg,2.6404857635498047e-05
134,456,images/image_219.jpg,images/image_509.jpg,2.664327621459961e-05
66,382,images/image_158.jpg,images/image_442.jpg,2.6702880859375e-05
281,445,images/image_351.jpg,images/image_5.jpg,2.682209014892578e-05
12,150,images/image_109.jpg,images/image_233.jpg,2.7060508728027344e-05
326,329,images/image_392.jpg,images/image_395.jpg,2.7060508728027344e-05
75,114,images/image_166.jpg,images/image_200.jpg,2.7358531951904297e-05
362,567,images/image_424.jpg,images/image_7.jpg,2.759695053100586e-05
295,571,images/image_364.jpg,images/image_73.jpg,2.8252601623535156e-05
66,286,images/image_158.jpg,images/image_356.jpg,2.8371810913085938e-05
295,298,images/image_364.jpg,images/image_367.jpg,2.8371810913085938e-05
441,595,images/image_496.jpg,images/image_95.jpg,2.872943878173828e-05
104,454,images/image_192.jpg,images/image_507.jpg,2.8908252716064453e-05
13,287,images/image_11.jpg,images/image_357.jpg,2.944469451904297e-05
12,182,images/image_109.jpg,images/image_262.jpg,2.950429916381836e-05
243,474,images/image_317.jpg,images/image_525.jpg,2.962350845336914e-05
202,278,images/image_280.jpg,images/image_349.jpg,2.9981136322021484e-05
389,490,images/image_449.jpg,images/image_54.jpg,3.0159950256347656e-05
75,272,images/image_166.jpg,images/image_343.jpg,3.069639205932617e-05
227,434,images/image_302.jpg,images/image_49.jpg,3.129243850708008e-05
25,169,images/image_120.jpg,images/image_250.jpg,3.1828880310058594e-05
360,516,images/image_422.jpg,images/image_563.jpg,3.1828880310058594e-05
255,574,images/image_328.jpg,images/image_76.jpg,3.236532211303711e-05
171,179,images/image_252.jpg,images/image_26.jpg,3.2901763916015625e-05
235,346,images/image_31.jpg,images/image_41.jpg,3.314018249511719e-05
173,516,images/image_254.jpg,images/image_563.jpg,3.361701965332031e-05
394,516,images/image_453.jpg,images/image_563.jpg,3.403425216674805e-05
278,515,images/image_349.jpg,images/image_562.jpg,3.427267074584961e-05
76,319,images/image_167.jpg,images/image_386.jpg,3.4332275390625e-05
130,472,images/image_215.jpg,images/image_523.jpg,3.445148468017578e-05
173,394,images/image_254.jpg,images/image_453.jpg,3.4689903259277344e-05
298,344,images/image_367.jpg,images/image_408.jpg,3.49879264831543e-05
64,99,images/image_156.jpg,images/image_188.jpg,3.504753112792969e-05
344,571,images/image_408.jpg,images/image_73.jpg,3.504753112792969e-05
35,550,images/image_13.jpg,images/image_594.jpg,3.540515899658203e-05
45,479,images/image_139.jpg,images/image_53.jpg,3.540515899658203e-05
96,368,images/image_185.jpg,images/image_43.jpg,3.5762786865234375e-05
150,182,images/image_233.jpg,images/image_262.jpg,3.5762786865234375e-05
114,227,images/image_200.jpg,images/image_302.jpg,3.594160079956055e-05
375,485,images/image_436.jpg,images/image_535.jpg,3.600120544433594e-05
23,283,images/image_119.jpg,images/image_353.jpg,3.606081008911133e-05
65,173,images/image_157.jpg,images/image_254.jpg,3.635883331298828e-05
274,448,images/image_345.jpg,images/image_501.jpg,3.635883331298828e-05
382,404,images/image_442.jpg,images/image_462.jpg,3.641843795776367e-05
173,507,images/image_254.jpg,images/image_555.jpg,3.647804260253906e-05
156,434,images/image_239.jpg,images/image_49.jpg,3.6716461181640625e-05
128,174,images/image_213.jpg,images/image_255.jpg,3.725290298461914e-05
279,499,images/image_35.jpg,images/image_548.jpg,3.743171691894531e-05
543,558,images/image_588.jpg,images/image_61.jpg,3.7789344787597656e-05
188,198,images/image_268.jpg,images/image_277.jpg,3.790855407714844e-05
128,544,images/image_213.jpg,images/image_589.jpg,3.796815872192383e-05
351,518,images/image_414.jpg,images/image_565.jpg,3.820657730102539e-05
59,488,images/image_151.jpg,images/image_538.jpg,3.838539123535156e-05
351,589,images/image_414.jpg,images/image_9.jpg,3.910064697265625e-05
45,50,images/image_139.jpg,images/image_143.jpg,3.927946090698242e-05
248,554,images/image_321.jpg,images/image_598.jpg,3.9517879486083984e-05
79,347,images/image_17.jpg,images/image_410.jpg,3.9637088775634766e-05
222,227,images/image_299.jpg,images/image_302.jpg,3.975629806518555e-05
75,434,images/image_166.jpg,images/image_49.jpg,3.999471664428711e-05
173,360,images/image_254.jpg,images/image_422.jpg,4.029273986816406e-05
373,462,images/image_434.jpg,images/image_514.jpg,4.0471553802490234e-05
125,285,images/image_210.jpg,images/image_355.jpg,4.0531158447265625e-05
203,470,images/image_281.jpg,images/image_521.jpg,4.07099723815918e-05
227,272,images/image_302.jpg,images/image_343.jpg,4.088878631591797e-05
328,543,images/image_394.jpg,images/image_588.jpg,4.1604042053222656e-05
171,501,images/image_252.jpg,images/image_55.jpg,4.184246063232422e-05
45,219,images/image_139.jpg,images/image_296.jpg,4.220008850097656e-05
373,495,images/image_434.jpg,images/image_544.jpg,4.220008850097656e-05
19,281,images/image_115.jpg,images/image_351.jpg,4.225969314575195e-05
45,555,images/image_139.jpg,images/image_599.jpg,4.225969314575195e-05
222,272,images/image_299.jpg,images/image_343.jpg,4.2319297790527344e-05
83,450,images/image_173.jpg,images/image_503.jpg,4.279613494873047e-05
152,274,images/image_235.jpg,images/image_345.jpg,4.291534423828125e-05
127,532,images/image_212.jpg,images/image_578.jpg,4.3451786041259766e-05
114,272,images/image_200.jpg,images/image_343.jpg,4.3511390686035156e-05
114,222,images/image_200.jpg,images/image_299.jpg,4.357099533081055e-05
13,365,images/image_11.jpg,images/image_427.jpg,4.363059997558594e-05
87,259,images/image_177.jpg,images/image_331.jpg,4.363059997558594e-05
117,569,images/image_203.jpg,images/image_71.jpg,4.38690185546875e-05
440,491,images/image_495.jpg,images/image_540.jpg,4.4226646423339844e-05
179,242,images/image_26.jpg,images/image_316.jpg,4.4465065002441406e-05
6,283,images/image_103.jpg,images/image_353.jpg,4.464387893676758e-05
405,582,images/image_463.jpg,images/image_83.jpg,4.482269287109375e-05
240,574,images/image_314.jpg,images/image_76.jpg,4.5359134674072266e-05
125,267,images/image_210.jpg,images/image_339.jpg,4.559755325317383e-05
242,501,images/image_316.jpg,images/image_55.jpg,4.559755325317383e-05
156,227,images/image_239.jpg,images/image_302.jpg,4.571676254272461e-05
269,326,images/image_340.jpg,images/image_392.jpg,4.655122756958008e-05
361,527,images/image_423.jpg,images/image_573.jpg,4.661083221435547e-05
18,206,images/image_114.jpg,images/image_284.jpg,4.673004150390625e-05
353,429,images/image_416.jpg,images/image_485.jpg,4.750490188598633e-05
116,535,images/image_202.jpg,images/image_580.jpg,4.76837158203125e-05
332,407,images/image_398.jpg,images/image_465.jpg,4.774332046508789e-05
156,222,images/image_239.jpg,images/image_299.jpg,4.845857620239258e-05
274,549,images/image_345.jpg,images/image_593.jpg,4.863739013671875e-05
261,354,images/image_333.jpg,images/image_417.jpg,4.9054622650146484e-05
300,439,images/image_369.jpg,images/image_494.jpg,4.9233436584472656e-05
314,441,images/image_381.jpg,images/image_496.jpg,4.941225051879883e-05
38,489,images/image_132.jpg,images/image_539.jpg,5.0187110900878906e-05
485,549,images/image_535.jpg,images/image_593.jpg,5.054473876953125e-05
295,513,images/image_364.jpg,images/image_560.jpg,5.1081180572509766e-05
125,468,images/image_210.jpg,images/image_52.jpg,5.143880844116211e-05
467,597,images/image_519.jpg,images/image_97.jpg,5.161762237548828e-05
206,472,images/image_284.jpg,images/image_523.jpg,5.179643630981445e-05
463,483,images/image_515.jpg,images/image_533.jpg,5.1915645599365234e-05
99,459,images/image_188.jpg,images/image_511.jpg,5.2034854888916016e-05
274,485,images/image_345.jpg,images/image_535.jpg,5.227327346801758e-05
148,532,images/image_231.jpg,images/image_578.jpg,5.2869319915771484e-05
272,434,images/image_343.jpg,images/image_49.jpg,5.2988529205322266e-05
207,460,images/image_285.jpg,images/image_512.jpg,5.358457565307617e-05
72,498,images/image_163.jpg,images/image_547.jpg,5.364418029785156e-05
420,449,images/image_477.jpg,images/image_502.jpg,5.3822994232177734e-05
178,418,images/image_259.jpg,images/image_475.jpg,5.4001808166503906e-05
104,580,images/image_192.jpg,images/image_81.jpg,5.429983139038086e-05
198,234,images/image_277.jpg,images/image_309.jpg,5.429983139038086e-05
540,557,images/image_585.jpg,images/image_60.jpg,5.4776668548583984e-05
462,534,images/image_514.jpg,images/image_58.jpg,5.525350570678711e-05
449,510,images/image_502.jpg,images/image_558.jpg,5.53131103515625e-05
269,329,images/image_340.jpg,images/image_395.jpg,5.5909156799316406e-05
5,76,images/image_102.jpg,images/image_167.jpg,5.6862831115722656e-05
20,46,images/image_116.jpg,images/image_14.jpg,5.6862831115722656e-05
112,208,images/image_2.jpg,images/image_286.jpg,5.692243576049805e-05
127,186,images/image_212.jpg,images/image_266.jpg,5.7756900787353516e-05
154,327,images/image_237.jpg,images/image_393.jpg,5.817413330078125e-05
362,409,images/image_424.jpg,images/image_467.jpg,5.823373794555664e-05
184,226,images/image_264.jpg,images/image_301.jpg,5.8710575103759766e-05
160,463,images/image_242.jpg,images/image_515.jpg,5.918741226196289e-05
369,480,images/image_430.jpg,images/image_530.jpg,5.924701690673828e-05
267,468,images/image_339.jpg,images/image_52.jpg,5.984306335449219e-05
328,558,images/image_394.jpg,images/image_61.jpg,5.996227264404297e-05
188,234,images/image_268.jpg,images/image_309.jpg,6.0558319091796875e-05
73,594,images/image_164.jpg,images/image_94.jpg,6.103515625e-05
293,528,images/image_362.jpg,images/image_574.jpg,6.115436553955078e-05
185,476,images/image_265.jpg,images/image_527.jpg,6.127357482910156e-05
184,579,images/image_264.jpg,images/image_80.jpg,6.133317947387695e-05
75,227,images/image_166.jpg,images/image_302.jpg,6.157159805297852e-05
187,388,images/image_267.jpg,images/image_448.jpg,6.186962127685547e-05
25,572,images/image_120.jpg,images/image_74.jpg,6.210803985595703e-05
348,456,images/image_411.jpg,images/image_509.jpg,6.246566772460938e-05
350,478,images/image_413.jpg,images/image_529.jpg,6.264448165893555e-05
96,222,images/image_185.jpg,images/image_299.jpg,6.282329559326172e-05
64,459,images/image_156.jpg,images/image_511.jpg,6.300210952758789e-05
151,185,images/image_234.jpg,images/image_265.jpg,6.330013275146484e-05
540,581,images/image_585.jpg,images/image_82.jpg,6.520748138427734e-05
65,394,images/image_157.jpg,images/image_453.jpg,6.538629531860352e-05
394,507,images/image_453.jpg,images/image_555.jpg,6.538629531860352e-05
330,565,images/image_396.jpg,images/image_68.jpg,6.556510925292969e-05
162,517,images/image_244.jpg,images/image_564.jpg,6.657838821411133e-05
66,404,images/image_158.jpg,images/image_462.jpg,6.67572021484375e-05
65,360,images/image_157.jpg,images/image_422.jpg,6.771087646484375e-05
360,507,images/image_422.jpg,images/image_555.jpg,6.771087646484375e-05
87,421,images/image_177.jpg,images/image_478.jpg,6.794929504394531e-05
113,525,images/image_20.jpg,images/image_571.jpg,6.830692291259766e-05
125,494,images/image_210.jpg,images/image_543.jpg,6.848573684692383e-05
149,302,images/image_232.jpg,images/image_370.jpg,6.860494613647461e-05
286,404,images/image_356.jpg,images/image_462.jpg,6.884336471557617e-05
75,222,images/image_166.jpg,images/image_299.jpg,6.914138793945312e-05
42,181,images/image_136.jpg,images/image_261.jpg,6.99162483215332e-05
241,359,images/image_315.jpg,images/image_421.jpg,7.015466690063477e-05
50,411,images/image_143.jpg,images/image_469.jpg,7.027387619018555e-05
86,115,images/image_176.jpg,images/image_201.jpg,7.063150405883789e-05
86,110,images/image_176.jpg,images/image_198.jpg,7.063150405883789e-05
175,359,images/image_256.jpg,images/image_421.jpg,7.069110870361328e-05
285,468,images/image_355.jpg,images/image_52.jpg,7.110834121704102e-05
123,527,images/image_209.jpg,images/image_573.jpg,7.158517837524414e-05
42,177,images/image_136.jpg,images/image_258.jpg,7.176399230957031e-05
148,186,images/image_231.jpg,images/image_266.jpg,7.18832015991211e-05
61,536,images/image_153.jpg,images/image_581.jpg,7.2479248046875e-05
158,183,images/image_240.jpg,images/image_263.jpg,7.2479248046875e-05
222,434,images/image_299.jpg,images/image_49.jpg,7.259845733642578e-05
74,480,images/image_165.jpg,images/image_530.jpg,7.331371307373047e-05
233,461,images/image_308.jpg,images/image_513.jpg,7.349252700805664e-05
351,422,images/image_414.jpg,images/image_479.jpg,7.349252700805664e-05
65,516,images/image_157.jpg,images/image_563.jpg,7.37905502319336e-05
507,516,images/image_555.jpg,images/image_563.jpg,7.37905502319336e-05
545,594,images/image_59.jpg,images/image_94.jpg,7.462501525878906e-05
384,457,images/image_444.jpg,images/image_51.jpg,7.551908493041992e-05
39,432,images/image_133.jpg,images/image_488.jpg,7.593631744384766e-05
6,23,images/image_103.jpg,images/image_119.jpg,7.62939453125e-05
222,368,images/image_299.jpg,images/image_43.jpg,7.659196853637695e-05
462,495,images/image_514.jpg,images/image_544.jpg,7.677078247070312e-05
24,384,images/image_12.jpg,images/image_444.jpg,7.700920104980469e-05
63,578,images/image_155.jpg,images/image_8.jpg,7.784366607666016e-05
448,485,images/image_501.jpg,images/image_535.jpg,7.969141006469727e-05
290,321,images/image_36.jpg,images/image_388.jpg,7.998943328857422e-05
371,440,images/image_432.jpg,images/image_495.jpg,8.130073547363281e-05
440,577,images/image_495.jpg,images/image_79.jpg,8.130073547363281e-05
36,72,images/image_130.jpg,images/image_163.jpg,8.159875869750977e-05
295,344,images/image_364.jpg,images/image_408.jpg,8.195638656616211e-05
342,497,images/image_406.jpg,images/image_546.jpg,8.207559585571289e-05
411,555,images/image_469.jpg,images/image_599.jpg,8.219480514526367e-05
179,501,images/image_26.jpg,images/image_55.jpg,8.237361907958984e-05
32,184,images/image_127.jpg,images/image_264.jpg,8.243322372436523e-05
541,545,images/image_586.jpg,images/image_59.jpg,8.26716423034668e-05
98,113,images/image_187.jpg,images/image_20.jpg,8.273124694824219e-05
147,292,images/image_230.jpg,images/image_361.jpg,8.338689804077148e-05
31,504,images/image_126.jpg,images/image_552.jpg,8.362531661987305e-05
22,315,images/image_118.jpg,images/image_382.jpg,8.416175842285156e-05
187,476,images/image_267.jpg,images/image_527.jpg,8.422136306762695e-05
266,377,images/image_338.jpg,images/image_438.jpg,8.487701416015625e-05
57,69,images/image_15.jpg,images/image_160.jpg,8.499622344970703e-05
132,236,images/image_217.jpg,images/image_310.jpg,8.511543273925781e-05
50,172,images/image_143.jpg,images/image_253.jpg,8.541345596313477e-05
105,462,images/image_193.jpg,images/image_514.jpg,8.654594421386719e-05
114,368,images/image_200.jpg,images/image_43.jpg,8.678436279296875e-05
269,433,images/image_340.jpg,images/image_489.jpg,8.952617645263672e-05
160,483,images/image_242.jpg,images/image_533.jpg,9.000301361083984e-05
405,551,images/image_463.jpg,images/image_595.jpg,9.000301361083984e-05
23,431,images/image_119.jpg,images/image_487.jpg,9.006261825561523e-05
283,431,images/image_353.jpg,images/image_487.jpg,9.042024612426758e-05
420,510,images/image_477.jpg,images/image_558.jpg,9.101629257202148e-05
164,415,images/image_246.jpg,images/image_472.jpg,9.208917617797852e-05
440,573,images/image_495.jpg,images/image_75.jpg,9.244680404663086e-05
130,206,images/image_215.jpg,images/image_284.jpg,9.268522262573242e-05
329,433,images/image_395.jpg,images/image_489.jpg,9.328126907348633e-05
36,498,images/image_130.jpg,images/image_547.jpg,9.369850158691406e-05
156,368,images/image_239.jpg,images/image_43.jpg,9.47713851928711e-05
212,366,images/image_29.jpg,images/image_428.jpg,9.489059448242188e-05
250,520,images/image_323.jpg,images/image_567.jpg,9.5367431640625e-05
409,567,images/image_467.jpg,images/image_7.jpg,9.572505950927734e-05
18,472,images/image_114.jpg,images/image_523.jpg,9.578466415405273e-05
82,367,images/image_172.jpg,images/image_429.jpg,9.59634780883789e-05
44,330,images/image_138.jpg,images/image_396.jpg,9.679794311523438e-05
113,545,images/image_20.jpg,images/image_59.jpg,9.709596633911133e-05
483,597,images/image_533.jpg,images/image_97.jpg,9.715557098388672e-05
506,570,images/image_554.jpg,images/image_72.jpg,9.745359420776367e-05
113,541,images/image_20.jpg,images/image_586.jpg,9.751319885253906e-05
7,374,images/image_104.jpg,images/image_435.jpg,9.799003601074219e-05
172,555,images/image_253.jpg,images/image_599.jpg,9.822845458984375e-05
98,545,images/image_187.jpg,images/image_59.jpg,9.942054748535156e-05
238,366,images/image_312.jpg,images/image_428.jpg,0.00010037422180175781
391,407,images/image_450.jpg,images/image_465.jpg,0.00010073184967041016
306,332,images/image_374.jpg,images/image_398.jpg,0.00010144710540771484
21,552,images/image_117.jpg,images/image_596.jpg,0.00010180473327636719
107,357,images/image_195.jpg,images/image_42.jpg,0.00010246038436889648
223,246,images/image_3.jpg,images/image_32.jpg,0.0001036524772644043
0,57,images/image_0.jpg,images/image_15.jpg,0.00010496377944946289
108,276,images/image_196.jpg,images/image_347.jpg,0.00010508298873901367
48,443,images/image_141.jpg,images/image_498.jpg,0.00010532140731811523
58,567,images/image_150.jpg,images/image_7.jpg,0.00010532140731811523
175,241,images/image_256.jpg,images/image_315.jpg,0.00010538101196289062
285,494,images/image_355.jpg,images/image_543.jpg,0.00010579824447631836
272,368,images/image_343.jpg,images/image_43.jpg,0.00010752677917480469
309,342,images/image_377.jpg,images/image_406.jpg,0.00010752677917480469
44,565,images/image_138.jpg,images/image_68.jpg,0.00010794401168823242
137,350,images/image_221.jpg,images/image_413.jpg,0.00010955333709716797
270,282,images/image_341.jpg,images/image_352.jpg,0.00010961294174194336
256,305,images/image_329.jpg,images/image_373.jpg,0.00011038780212402344
73,98,images/image_164.jpg,images/image_187.jpg,0.00011074542999267578
152,485,images/image_235.jpg,images/image_535.jpg,0.00011080503463745117
91,543,images/image_180.jpg,images/image_588.jpg,0.00011181831359863281
326,433,images/image_392.jpg,images/image_489.jpg,0.0001118779182434082
389,413,images/image_449.jpg,images/image_470.jpg,0.0001118779182434082
134,348,images/image_219.jpg,images/image_411.jpg,0.00011229515075683594
22,136,images/image_118.jpg,images/image_220.jpg,0.00011283159255981445
75,368,images/image_166.jpg,images/image_43.jpg,0.00011289119720458984
413,437,images/image_470.jpg,images/image_492.jpg,0.00011426210403442383
356,527,images/image_419.jpg,images/image_573.jpg,0.00011497735977172852
467,483,images/image_519.jpg,images/image_533.jpg,0.00011515617370605469
73,541,images/image_164.jpg,images/image_586.jpg,0.00011563301086425781
50,219,images/image_143.jpg,images/image_296.jpg,0.0001156926155090332
100,436,images/image_189.jpg,images/image_491.jpg,0.00011599063873291016
551,582,images/image_595.jpg,images/image_83.jpg,0.00011616945266723633
334,381,images/image_4.jpg,images/image_441.jpg,0.00011754035949707031
448,549,images/image_501.jpg,images/image_593.jpg,0.0001176595687866211
50,479,images/image_143.jpg,images/image_53.jpg,0.00011783838272094727
196,538,images/image_275.jpg,images/image_583.jpg,0.00011897087097167969
212,268,images/image_29.jpg,images/image_34.jpg,0.00011944770812988281
265,412,images/image_337.jpg,images/image_47.jpg,0.00012022256851196289
98,541,images/image_187.jpg,images/image_586.jpg,0.0001208186149597168
567,593,images/image_7.jpg,images/image_93.jpg,0.00012099742889404297
160,467,images/image_242.jpg,images/image_519.jpg,0.00012117624282836914
219,555,images/image_296.jpg,images/image_599.jpg,0.00012129545211791992
311,318,images/image_379.jpg,images/image_385.jpg,0.0001214742660522461
152,549,images/image_235.jpg,images/image_593.jpg,0.00012302398681640625
113,197,images/image_20.jpg,images/image_276.jpg,0.00012308359146118164
227,368,images/image_302.jpg,images/image_43.jpg,0.00012308359146118164
217,474,images/image_294.jpg,images/image_525.jpg,0.00012385845184326172
345,353,images/image_409.jpg,images/image_416.jpg,0.00012409687042236328
73,113,images/image_164.jpg,images/image_20.jpg,0.00012427568435668945
479,555,images/image_53.jpg,images/image_599.jpg,0.00012433528900146484
96,272,images/image_185.jpg,images/image_343.jpg,0.0001245737075805664
137,478,images/image_221.jpg,images/image_529.jpg,0.0001246929168701172
218,264,images/image_295.jpg,images/image_336.jpg,0.00012493133544921875
247,511,images/image_320.jpg,images/image_559.jpg,0.00012701749801635742
178,415,images/image_259.jpg,images/image_472.jpg,0.00012737512588500977
383,578,images/image_443.jpg,images/image_8.jpg,0.0001278519630432129
297,467,images/image_366.jpg,images/image_519.jpg,0.00012826919555664062
91,328,images/image_180.jpg,images/image_394.jpg,0.00012832880020141602
96,227,images/image_185.jpg,images/image_302.jpg,0.0001283884048461914
371,491,images/image_432.jpg,images/image_540.jpg,0.0001285076141357422
491,577,images/image_540.jpg,images/image_79.jpg,0.0001285076141357422
11,531,images/image_108.jpg,images/image_577.jpg,0.00012928247451782227
105,373,images/image_193.jpg,images/image_434.jpg,0.00012934207916259766
151,414,images/image_234.jpg,images/image_471.jpg,0.00012993812561035156
375,549,images/image_436.jpg,images/image_593.jpg,0.00013017654418945312
463,467,images/image_515.jpg,images/image_519.jpg,0.0001303553581237793
362,593,images/image_424.jpg,images/image_93.jpg,0.0001304149627685547
29,347,images/image_124.jpg,images/image_410.jpg,0.00013053417205810547
388,476,images/image_448.jpg,images/image_527.jpg,0.0001310110092163086
368,434,images/image_43.jpg,images/image_49.jpg,0.00013113021850585938
129,183,images/image_214.jpg,images/image_263.jpg,0.0001315474510192871
106,561,images/image_194.jpg,images/image_64.jpg,0.0001316070556640625
144,472,images/image_228.jpg,images/image_523.jpg,0.00013208389282226562
378,552,images/image_439.jpg,images/image_596.jpg,0.00013214349746704102
430,475,images/image_486.jpg,images/image_526.jpg,0.00013315677642822266
105,495,images/image_193.jpg,images/image_544.jpg,0.0001335740089416504
197,541,images/image_276.jpg,images/image_586.jpg,0.00013464689254760742
275,575,images/image_346.jpg,images/image_77.jpg,0.00013464689254760742
109,486,images/image_197.jpg,images/image_536.jpg,0.00013494491577148438
345,429,images/image_409.jpg,images/image_485.jpg,0.0001354217529296875
239,538,images/image_313.jpg,images/image_583.jpg,0.0001354813575744629
375,448,images/image_436.jpg,images/image_501.jpg,0.00013577938079833984
96,114,images/image_185.jpg,images/image_200.jpg,0.00013583898544311523
105,534,images/image_193.jpg,images/image_58.jpg,0.00013595819473266602
139,405,images/image_223.jpg,images/image_463.jpg,0.00013595819473266602
49,533,images/image_142.jpg,images/image_579.jpg,0.00013720989227294922
121,353,images/image_207.jpg,images/image_416.jpg,0.00013756752014160156
96,156,images/image_185.jpg,images/image_239.jpg,0.00013822317123413086
267,494,images/image_339.jpg,images/image_543.jpg,0.0001386404037475586
463,597,images/image_515.jpg,images/image_97.jpg,0.00013911724090576172
419,537,images/image_476.jpg,images/image_582.jpg,0.00013935565948486328
409,593,images/image_467.jpg,images/image_93.jpg,0.0001399517059326172
525,545,images/image_571.jpg,images/image_59.jpg,0.00014013051986694336
324,565,images/image_390.jpg,images/image_68.jpg,0.00014078617095947266
149,414,images/image_232.jpg,images/image_471.jpg,0.0001410841941833496
557,581,images/image_60.jpg,images/image_82.jpg,0.00014132261276245117
525,541,images/image_571.jpg,images/image_586.jpg,0.00014144182205200195
67,442,images/image_159.jpg,images/image_497.jpg,0.0001423954963684082
72,220,images/image_163.jpg,images/image_297.jpg,0.0001424551010131836
322,430,images/image_389.jpg,images/image_486.jpg,0.00014293193817138672
197,545,images/image_276.jpg,images/image_59.jpg,0.00014454126358032227
274,375,images/image_345.jpg,images/image_436.jpg,0.00014454126358032227
213,394,images/image_290.jpg,images/image_453.jpg,0.00014519691467285156
194,196,images/image_273.jpg,images/image_275.jpg,0.0001455545425415039
268,366,images/image_34.jpg,images/image_428.jpg,0.0001480579376220703
160,597,images/image_242.jpg,images/image_97.jpg,0.0001487135887145996
491,573,images/image_540.jpg,images/image_75.jpg,0.0001493692398071289
486,487,images/image_536.jpg,images/image_537.jpg,0.0001494884490966797
413,490,images/image_470.jpg,images/image_54.jpg,0.00015056133270263672
56,511,images/image_149.jpg,images/image_559.jpg,0.00015145540237426758
58,362,images/image_150.jpg,images/image_424.jpg,0.00015145540237426758
185,187,images/image_265.jpg,images/image_267.jpg,0.0001538395881652832
297,483,images/image_366.jpg,images/image_533.jpg,0.00015395879745483398
94,451,images/image_183.jpg,images/image_504.jpg,0.00015401840209960938
297,597,images/image_366.jpg,images/image_97.jpg,0.00015401840209960938
47,461,images/image_140.jpg,images/image_513.jpg,0.00015479326248168945
415,418,images/image_472.jpg,images/image_475.jpg,0.00015527009963989258
129,158,images/image_214.jpg,images/image_240.jpg,0.00015622377395629883
280,504,images/image_350.jpg,images/image_552.jpg,0.0001563429832458496
189,476,images/image_269.jpg,images/image_527.jpg,0.00015664100646972656
202,403,images/image_280.jpg,images/image_461.jpg,0.00015670061111450195
7,502,images/image_104.jpg,images/image_550.jpg,0.00015681982040405273
189,388,images/image_269.jpg,images/image_448.jpg,0.00015729665756225586
306,391,images/image_374.jpg,images/image_450.jpg,0.00015819072723388672
73,525,images/image_164.jpg,images/image_571.jpg,0.00015920400619506836
468,494,images/image_52.jpg,images/image_543.jpg,0.00015920400619506836
185,189,images/image_265.jpg,images/image_269.jpg,0.00015926361083984375
73,197,images/image_164.jpg,images/image_276.jpg,0.00015980005264282227
403,515,images/image_461.jpg,images/image_562.jpg,0.00015997886657714844
6,431,images/image_103.jpg,images/image_487.jpg,0.00016051530838012695
47,233,images/image_140.jpg,images/image_308.jpg,0.00016129016876220703
186,532,images/image_266.jpg,images/image_578.jpg,0.0001621246337890625
159,556,images/image_241.jpg,images/image_6.jpg,0.00016236305236816406
34,416,images/image_129.jpg,images/image_473.jpg,0.000164031982421875
134,162,images/image_219.jpg,images/image_244.jpg,0.00016558170318603516
75,96,images/image_166.jpg,images/image_185.jpg,0.00016760826110839844
18,130,images/image_114.jpg,images/image_215.jpg,0.00016796588897705078
21,378,images/image_117.jpg,images/image_439.jpg,0.00016832351684570312
40,273,images/image_134.jpg,images/image_344.jpg,0.0001690387725830078
160,297,images/image_242.jpg,images/image_366.jpg,0.00016939640045166016
158,425,images/image_240.jpg,images/image_481.jpg,0.0001697540283203125
232,546,images/image_307.jpg,images/image_590.jpg,0.00017029047012329102
163,536,images/image_245.jpg,images/image_581.jpg,0.0001710653305053711
220,498,images/image_297.jpg,images/image_547.jpg,0.0001710653305053711
28,496,images/image_123.jpg,images/image_545.jpg,0.00017154216766357422
196,239,images/image_275.jpg,images/image_313.jpg,0.0001741647720336914
199,321,images/image_278.jpg,images/image_388.jpg,0.00017499923706054688
322,438,images/image_389.jpg,images/image_493.jpg,0.00017529726028442383
173,213,images/image_254.jpg,images/image_290.jpg,0.00017559528350830078
162,456,images/image_244.jpg,images/image_509.jpg,0.0001761913299560547
151,476,images/image_234.jpg,images/image_527.jpg,0.00017642974853515625
54,200,images/image_147.jpg,images/image_279.jpg,0.00017648935317993164
541,594,images/image_586.jpg,images/image_94.jpg,0.00017786026000976562
213,360,images/image_290.jpg,images/image_422.jpg,0.00017815828323364258
189,414,images/image_269.jpg,images/image_471.jpg,0.000179290771484375
96,434,images/image_185.jpg,images/image_49.jpg,0.0001800060272216797
260,539,images/image_332.jpg,images/image_584.jpg,0.0001800060272216797
301,596,images/image_37.jpg,images/image_96.jpg,0.00018012523651123047
324,330,images/image_390.jpg,images/image_396.jpg,0.00018042325973510742
217,243,images/image_294.jpg,images/image_317.jpg,0.0001819133758544922
37,251,images/image_131.jpg,images/image_324.jpg,0.0001824498176574707
438,475,images/image_493.jpg,images/image_526.jpg,0.00018298625946044922
58,409,images/image_150.jpg,images/image_467.jpg,0.0001831650733947754
18,144,images/image_114.jpg,images/image_228.jpg,0.00018340349197387695
489,560,images/image_539.jpg,images/image_63.jpg,0.00018346309661865234
254,395,images/image_327.jpg,images/image_454.jpg,0.00018352270126342773
124,216,images/image_21.jpg,images/image_293.jpg,0.0001843571662902832
136,315,images/image_220.jpg,images/image_382.jpg,0.00018477439880371094
152,375,images/image_235.jpg,images/image_436.jpg,0.00018525123596191406
185,414,images/image_265.jpg,images/image_471.jpg,0.00018596649169921875
192,457,images/image_271.jpg,images/image_51.jpg,0.00018644332885742188
139,582,images/image_223.jpg,images/image_83.jpg,0.0001869797706604004
6,372,images/image_103.jpg,images/image_433.jpg,0.00018715858459472656
130,144,images/image_215.jpg,images/image_228.jpg,0.00018793344497680664
408,470,images/image_466.jpg,images/image_521.jpg,0.0001887679100036621
374,502,images/image_435.jpg,images/image_550.jpg,0.0001906752586364746
46,455,images/image_14.jpg,images/image_508.jpg,0.00019127130508422852
97,108,images/image_186.jpg,images/image_196.jpg,0.00019282102584838867
389,437,images/image_449.jpg,images/image_492.jpg,0.00019288063049316406
16,428,images/image_112.jpg,images/image_484.jpg,0.0001938939094543457
44,324,images/image_138.jpg,images/image_390.jpg,0.00019401311874389648
138,201,images/image_222.jpg,images/image_28.jpg,0.00019413232803344727
238,268,images/image_312.jpg,images/image_34.jpg,0.00019443035125732422
223,400,images/image_3.jpg,images/image_459.jpg,0.00019598007202148438
29,79,images/image_124.jpg,images/image_17.jpg,0.00019741058349609375
337,386,images/image_401.jpg,images/image_446.jpg,0.00019800662994384766
109,523,images/image_197.jpg,images/image_57.jpg,0.0001995563507080078
355,482,images/image_418.jpg,images/image_532.jpg,0.00020045042037963867
302,414,images/image_370.jpg,images/image_471.jpg,0.00020188093185424805
24,192,images/image_12.jpg,images/image_271.jpg,0.0002033710479736328
211,301,images/image_289.jpg,images/image_37.jpg,0.0002060532569885254
193,358,images/image_272.jpg,images/image_420.jpg,0.00020647048950195312
207,481,images/image_285.jpg,images/image_531.jpg,0.00020712614059448242
444,588,images/image_499.jpg,images/image_89.jpg,0.00020778179168701172
430,438,images/image_486.jpg,images/image_493.jpg,0.00020813941955566406
144,206,images/image_228.jpg,images/image_284.jpg,0.0002091526985168457
237,252,images/image_311.jpg,images/image_325.jpg,0.00020927190780639648
192,384,images/image_271.jpg,images/image_444.jpg,0.0002097487449645996
264,477,images/image_336.jpg,images/image_528.jpg,0.00021082162857055664
166,266,images/image_248.jpg,images/image_338.jpg,0.00021201372146606445
183,425,images/image_263.jpg,images/image_481.jpg,0.00021278858184814453
65,213,images/image_157.jpg,images/image_290.jpg,0.00021344423294067383
213,507,images/image_290.jpg,images/image_555.jpg,0.00021350383758544922
213,516,images/image_290.jpg,images/image_563.jpg,0.00021392107009887695
131,598,images/image_216.jpg,images/image_98.jpg,0.00021404027938842773
218,477,images/image_295.jpg,images/image_528.jpg,0.00021457672119140625
437,490,images/image_492.jpg,images/image_54.jpg,0.00021523237228393555
487,523,images/image_537.jpg,images/image_57.jpg,0.00021541118621826172
121,429,images/image_207.jpg,images/image_485.jpg,0.00021660327911376953
456,517,images/image_509.jpg,images/image_564.jpg,0.0002186894416809082
435,436,images/image_490.jpg,images/image_491.jpg,0.00021958351135253906
185,388,images/image_265.jpg,images/image_448.jpg,0.0002206563949584961
97,276,images/image_186.jpg,images/image_347.jpg,0.00022172927856445312
316,445,images/image_383.jpg,images/image_5.jpg,0.0002238154411315918
165,349,images/image_247.jpg,images/image_412.jpg,0.00022411346435546875
308,478,images/image_376.jpg,images/image_529.jpg,0.00022423267364501953
26,49,images/image_121.jpg,images/image_142.jpg,0.00022429227828979492
187,189,images/image_267.jpg,images/image_269.jpg,0.00022470951080322266
140,154,images/image_224.jpg,images/image_237.jpg,0.00022494792938232422
36,220,images/image_130.jpg,images/image_297.jpg,0.00022542476654052734
142,395,images/image_226.jpg,images/image_454.jpg,0.00022733211517333984
229,381,images/image_304.jpg,images/image_441.jpg,0.00022751092910766602
151,189,images/image_234.jpg,images/image_269.jpg,0.00022798776626586914
356,361,images/image_419.jpg,images/image_423.jpg,0.0002295970916748047
211,596,images/image_289.jpg,images/image_96.jpg,0.0002307891845703125
91,558,images/image_180.jpg,images/image_61.jpg,0.0002334117889404297
357,366,images/image_42.jpg,images/image_428.jpg,0.0002334117889404297
174,339,images/image_255.jpg,images/image_403.jpg,0.00023508071899414062
193,427,images/image_272.jpg,images/image_483.jpg,0.0002352595329284668
278,403,images/image_349.jpg,images/image_461.jpg,0.00023567676544189453
90,126,images/image_18.jpg,images/image_211.jpg,0.0002383589744567871
414,476,images/image_471.jpg,images/image_527.jpg,0.0002410411834716797
261,506,images/image_333.jpg,images/image_554.jpg,0.0002415180206298828
530,559,images/image_576.jpg,images/image_62.jpg,0.00024306774139404297
199,290,images/image_278.jpg,images/image_36.jpg,0.0002434849739074707
139,551,images/image_223.jpg,images/image_595.jpg,0.00024640560150146484
140,327,images/image_224.jpg,images/image_393.jpg,0.0002467632293701172
170,408,images/image_251.jpg,images/image_466.jpg,0.00024712085723876953
63,383,images/image_155.jpg,images/image_443.jpg,0.00024878978729248047
310,323,images/image_378.jpg,images/image_39.jpg,0.0002498030662536621
98,594,images/image_187.jpg,images/image_94.jpg,0.0002518892288208008
308,350,images/image_376.jpg,images/image_413.jpg,0.0002523660659790039
203,408,images/image_281.jpg,images/image_466.jpg,0.00025331974029541016
123,356,images/image_209.jpg,images/image_419.jpg,0.00025451183319091797
61,163,images/image_153.jpg,images/image_245.jpg,0.0002548694610595703
135,191,images/image_22.jpg,images/image_270.jpg,0.0002549886703491211
297,463,images/image_366.jpg,images/image_515.jpg,0.0002554655075073242
53,598,images/image_146.jpg,images/image_98.jpg,0.00025594234466552734
266,340,images/image_338.jpg,images/image_404.jpg,0.0002567172050476074
281,316,images/image_351.jpg,images/image_383.jpg,0.0002567768096923828
149,151,images/image_232.jpg,images/image_234.jpg,0.00025731325149536133
166,377,images/image_248.jpg,images/image_438.jpg,0.000261843204498291
235,586,images/image_31.jpg,images/image_87.jpg,0.0002644062042236328
354,506,images/image_417.jpg,images/image_554.jpg,0.0002646446228027344
524,599,images/image_570.jpg,images/image_99.jpg,0.00026476383209228516
20,455,images/image_116.jpg,images/image_508.jpg,0.0002664327621459961
109,487,images/image_197.jpg,images/image_537.jpg,0.00026667118072509766
134,517,images/image_219.jpg,images/image_564.jpg,0.00026684999465942383
289,492,images/image_359.jpg,images/image_541.jpg,0.00026786327362060547
165,347,images/image_247.jpg,images/image_410.jpg,0.0002709031105041504
162,348,images/image_244.jpg,images/image_411.jpg,0.000273287296295166
338,452,images/image_402.jpg,images/image_505.jpg,0.00027740001678466797
303,547,images/image_371.jpg,images/image_591.jpg,0.00027829408645629883
265,318,images/image_337.jpg,images/image_385.jpg,0.00028014183044433594
107,268,images/image_195.jpg,images/image_34.jpg,0.0002804398536682129
348,517,images/image_411.jpg,images/image_564.jpg,0.0002828836441040039
283,372,images/image_353.jpg,images/image_433.jpg,0.0002859830856323242
190,438,images/image_27.jpg,images/image_493.jpg,0.00028634071350097656
379,471,images/image_44.jpg,images/image_522.jpg,0.0002865791320800781
113,594,images/image_20.jpg,images/image_94.jpg,0.0002867579460144043
27,244,images/image_122.jpg,images/image_318.jpg,0.00028717517852783203
379,446,images/image_44.jpg,images/image_50.jpg,0.00028717517852783203
74,511,images/image_165.jpg,images/image_559.jpg,0.00028771162033081055
457,563,images/image_51.jpg,images/image_66.jpg,0.0002891421318054199
396,512,images/image_455.jpg,images/image_56.jpg,0.000291287899017334
210,420,images/image_288.jpg,images/image_477.jpg,0.00029206275939941406
442,508,images/image_497.jpg,images/image_556.jpg,0.00029480457305908203
95,245,images/image_184.jpg,images/image_319.jpg,0.0002951622009277344
151,187,images/image_234.jpg,images/image_267.jpg,0.00029593706130981445
107,366,images/image_195.jpg,images/image_428.jpg,0.0002974867820739746
340,377,images/image_404.jpg,images/image_438.jpg,0.0002986788749694824
376,499,images/image_437.jpg,images/image_548.jpg,0.00030052661895751953
79,165,images/image_17.jpg,images/image_247.jpg,0.00030350685119628906
164,178,images/image_246.jpg,images/image_259.jpg,0.0003052353858947754
384,563,images/image_444.jpg,images/image_66.jpg,0.0003056526184082031
396,587,images/image_455.jpg,images/image_88.jpg,0.0003059506416320801
209,250,images/image_287.jpg,images/image_323.jpg,0.0003063678741455078
110,336,images/image_198.jpg,images/image_400.jpg,0.0003077983856201172
115,336,images/image_201.jpg,images/image_400.jpg,0.0003077983856201172
53,131,images/image_146.jpg,images/image_216.jpg,0.00031000375747680664
400,530,images/image_459.jpg,images/image_576.jpg,0.0003110170364379883
197,594,images/image_276.jpg,images/image_94.jpg,0.00031179189682006836
24,563,images/image_12.jpg,images/image_66.jpg,0.00031387805938720703
89,120,images/image_179.jpg,images/image_206.jpg,0.0003142356872558594
388,414,images/image_448.jpg,images/image_471.jpg,0.00031489133834838867
187,414,images/image_267.jpg,images/image_471.jpg,0.0003160238265991211
164,418,images/image_246.jpg,images/image_475.jpg,0.00031620264053344727
279,376,images/image_35.jpg,images/image_437.jpg,0.00031828880310058594
1,271,images/image_1.jpg,images/image_342.jpg,0.00032269954681396484
238,357,images/image_312.jpg,images/image_42.jpg,0.0003231167793273926
23,372,images/image_119.jpg,images/image_433.jpg,0.00032323598861694336
284,395,images/image_354.jpg,images/image_454.jpg,0.0003268122673034668
336,488,images/image_400.jpg,images/image_538.jpg,0.00032705068588256836
142,254,images/image_226.jpg,images/image_327.jpg,0.0003273487091064453
29,165,images/image_124.jpg,images/image_247.jpg,0.0003292560577392578
142,284,images/image_226.jpg,images/image_354.jpg,0.0003313422203063965
21,410,images/image_117.jpg,images/image_468.jpg,0.0003352165222167969
128,339,images/image_213.jpg,images/image_403.jpg,0.0003361701965332031
19,316,images/image_115.jpg,images/image_383.jpg,0.0003375411033630371
372,431,images/image_433.jpg,images/image_487.jpg,0.00034034252166748047
103,163,images/image_191.jpg,images/image_245.jpg,0.0003407597541809082
339,544,images/image_403.jpg,images/image_589.jpg,0.0003427267074584961
525,594,images/image_571.jpg,images/image_94.jpg,0.00034737586975097656
223,530,images/image_3.jpg,images/image_576.jpg,0.0003502964973449707
43,576,images/image_137.jpg,images/image_78.jpg,0.00035136938095092773
149,185,images/image_232.jpg,images/image_265.jpg,0.0003514885902404785
212,357,images/image_29.jpg,images/image_42.jpg,0.0003516674041748047
354,570,images/image_417.jpg,images/image_72.jpg,0.00035506486892700195
346,586,images/image_41.jpg,images/image_87.jpg,0.0003554821014404297
38,560,images/image_132.jpg,images/image_63.jpg,0.00035643577575683594
100,277,images/image_189.jpg,images/image_348.jpg,0.00035899877548217773
225,562,images/image_300.jpg,images/image_65.jpg,0.0003606081008911133
86,324,images/image_176.jpg,images/image_390.jpg,0.0003616809844970703
378,410,images/image_439.jpg,images/image_468.jpg,0.0003630518913269043
3,95,images/image_100.jpg,images/image_184.jpg,0.00036388635635375977
318,412,images/image_385.jpg,images/image_47.jpg,0.0003649592399597168
106,575,images/image_194.jpg,images/image_77.jpg,0.00036656856536865234
137,308,images/image_221.jpg,images/image_376.jpg,0.0003679990768432617
195,242,images/image_274.jpg,images/image_316.jpg,0.0003687739372253418
8,78,images/image_105.jpg,images/image_169.jpg,0.00037103891372680664
151,388,images/image_234.jpg,images/image_448.jpg,0.0003769993782043457
194,538,images/image_273.jpg,images/image_583.jpg,0.0003771781921386719
158,273,images/image_240.jpg,images/image_344.jpg,0.0003788471221923828
26,533,images/image_121.jpg,images/image_579.jpg,0.00037932395935058594
92,123,images/image_181.jpg,images/image_209.jpg,0.0003806948661804199
149,476,images/image_232.jpg,images/image_527.jpg,0.0003852248191833496
343,566,images/image_407.jpg,images/image_69.jpg,0.0003858208656311035
195,501,images/image_274.jpg,images/image_55.jpg,0.00038737058639526367
304,333,images/image_372.jpg,images/image_399.jpg,0.00038743019104003906
153,314,images/image_236.jpg,images/image_381.jpg,0.0003884434700012207
93,466,images/image_182.jpg,images/image_518.jpg,0.00038933753967285156
86,336,images/image_176.jpg,images/image_400.jpg,0.0003930330276489258
246,400,images/image_32.jpg,images/image_459.jpg,0.0003930330276489258
268,357,images/image_34.jpg,images/image_42.jpg,0.00039327144622802734
369,511,images/image_430.jpg,images/image_559.jpg,0.00039577484130859375
107,212,images/image_195.jpg,images/image_29.jpg,0.00039702653884887695
223,559,images/image_3.jpg,images/image_62.jpg,0.0003972053527832031
400,559,images/image_459.jpg,images/image_62.jpg,0.00039952993392944336
480,584,images/image_530.jpg,images/image_85.jpg,0.0004030466079711914
329,493,images/image_395.jpg,images/image_542.jpg,0.0004038214683532715
190,475,images/image_27.jpg,images/image_526.jpg,0.00040721893310546875
397,522,images/image_456.jpg,images/image_569.jpg,0.0004081130027770996
151,302,images/image_234.jpg,images/image_370.jpg,0.00041365623474121094
33,524,images/image_128.jpg,images/image_570.jpg,0.0004158616065979004
100,435,images/image_189.jpg,images/image_490.jpg,0.00041681528091430664
84,194,images/image_174.jpg,images/image_273.jpg,0.00041794776916503906
210,449,images/image_288.jpg,images/image_502.jpg,0.0004208683967590332
74,247,images/image_165.jpg,images/image_320.jpg,0.0004233717918395996
171,195,images/image_252.jpg,images/image_274.jpg,0.00042682886123657227
107,238,images/image_195.jpg,images/image_312.jpg,0.00042700767517089844
33,599,images/image_128.jpg,images/image_99.jpg,0.0004280209541320801
460,481,images/image_512.jpg,images/image_531.jpg,0.00043588876724243164
261,570,images/image_333.jpg,images/image_72.jpg,0.0004379749298095703
149,187,images/image_232.jpg,images/image_267.jpg,0.00044101476669311523
141,245,images/image_225.jpg,images/image_319.jpg,0.00044155120849609375
311,412,images/image_379.jpg,images/image_47.jpg,0.0004450678825378418
359,514,images/image_421.jpg,images/image_561.jpg,0.0004483461380004883
326,493,images/image_392.jpg,images/image_542.jpg,0.00045293569564819336
179,195,images/image_26.jpg,images/image_274.jpg,0.0004538893699645996
78,519,images/image_169.jpg,images/image_566.jpg,0.0004552006721496582
37,217,images/image_131.jpg,images/image_294.jpg,0.0004578828811645508
190,430,images/image_27.jpg,images/image_486.jpg,0.00045818090438842773
37,243,images/image_131.jpg,images/image_317.jpg,0.00045943260192871094
59,336,images/image_151.jpg,images/image_400.jpg,0.00046074390411376953
67,508,images/image_159.jpg,images/image_556.jpg,0.0004623532295227051
241,514,images/image_315.jpg,images/image_561.jpg,0.0004674196243286133
194,239,images/image_273.jpg,images/image_313.jpg,0.00046902894973754883
190,322,images/image_27.jpg,images/image_389.jpg,0.0004699826240539551
106,275,images/image_194.jpg,images/image_346.jpg,0.00047075748443603516
221,564,images/image_298.jpg,images/image_67.jpg,0.0004718303680419922
480,511,images/image_530.jpg,images/image_559.jpg,0.0004722476005554199
121,345,images/image_207.jpg,images/image_409.jpg,0.00047600269317626953
523,528,images/image_57.jpg,images/image_574.jpg,0.00048023462295532227
293,523,images/image_362.jpg,images/image_57.jpg,0.00048047304153442383
61,103,images/image_153.jpg,images/image_191.jpg,0.0004811286926269531
55,215,images/image_148.jpg,images/image_292.jpg,0.0004849433898925781
110,324,images/image_198.jpg,images/image_390.jpg,0.0004852414131164551
115,324,images/image_201.jpg,images/image_390.jpg,0.0004852414131164551
88,146,images/image_178.jpg,images/image_23.jpg,0.00048601627349853516
161,396,images/image_243.jpg,images/image_455.jpg,0.00048732757568359375
153,595,images/image_236.jpg,images/image_95.jpg,0.00048738718032836914
175,514,images/image_256.jpg,images/image_561.jpg,0.0004881620407104492
142,469,images/image_226.jpg,images/image_520.jpg,0.0004901885986328125
84,196,images/image_174.jpg,images/image_275.jpg,0.0004926919937133789
93,236,images/image_182.jpg,images/image_310.jpg,0.0004969239234924316
167,184,images/image_249.jpg,images/image_264.jpg,0.0004977583885192871
425,471,images/image_481.jpg,images/image_522.jpg,0.0004993677139282227
247,480,images/image_320.jpg,images/image_530.jpg,0.000500023365020752
70,503,images/image_161.jpg,images/image_551.jpg,0.0005006790161132812
56,74,images/image_149.jpg,images/image_165.jpg,0.0005009174346923828
265,311,images/image_337.jpg,images/image_379.jpg,0.0005019903182983398
161,512,images/image_243.jpg,images/image_56.jpg,0.0005034208297729492
425,446,images/image_481.jpg,images/image_50.jpg,0.0005051493644714355
92,361,images/image_181.jpg,images/image_423.jpg,0.0005052089691162109
247,369,images/image_320.jpg,images/image_430.jpg,0.0005069971084594727
93,535,images/image_182.jpg,images/image_580.jpg,0.0005072355270385742
246,530,images/image_32.jpg,images/image_576.jpg,0.0005082488059997559
247,584,images/image_320.jpg,images/image_85.jpg,0.0005126595497131348
149,189,images/image_232.jpg,images/image_269.jpg,0.0005147457122802734
149,388,images/image_232.jpg,images/image_448.jpg,0.0005162358283996582
3,141,images/image_100.jpg,images/image_225.jpg,0.0005162954330444336
335,343,images/image_40.jpg,images/image_407.jpg,0.0005171298980712891
123,385,images/image_209.jpg,images/image_445.jpg,0.0005347132682800293
37,474,images/image_131.jpg,images/image_525.jpg,0.000535130500793457
43,71,images/image_137.jpg,images/image_162.jpg,0.000535130500793457
84,538,images/image_174.jpg,images/image_583.jpg,0.0005366802215576172
17,307,images/image_113.jpg,images/image_375.jpg,0.0005372762680053711
333,352,images/image_399.jpg,images/image_415.jpg,0.0005372762680053711
103,536,images/image_191.jpg,images/image_581.jpg,0.0005376338958740234
168,215,images/image_25.jpg,images/image_292.jpg,0.0005421042442321777
81,343,images/image_171.jpg,images/image_407.jpg,0.000548243522644043
143,341,images/image_227.jpg,images/image_405.jpg,0.0005497336387634277
210,510,images/image_288.jpg,images/image_558.jpg,0.0005497932434082031
170,470,images/image_251.jpg,images/image_521.jpg,0.0005506277084350586
51,363,images/image_144.jpg,images/image_425.jpg,0.000554203987121582
331,372,images/image_397.jpg,images/image_433.jpg,0.0005552768707275391
561,575,images/image_64.jpg,images/image_77.jpg,0.0005574822425842285
60,147,images/image_152.jpg,images/image_230.jpg,0.0005612969398498535
92,527,images/image_181.jpg,images/image_573.jpg,0.0005638003349304199
153,441,images/image_236.jpg,images/image_496.jpg,0.0005651116371154785
269,493,images/image_340.jpg,images/image_542.jpg,0.0005669593811035156
401,452,images/image_46.jpg,images/image_505.jpg,0.0005701184272766113
293,486,images/image_362.jpg,images/image_536.jpg,0.0005701780319213867
229,334,images/image_304.jpg,images/image_4.jpg,0.0005713701248168945
263,562,images/image_335.jpg,images/image_65.jpg,0.0005716085433959961
40,158,images/image_134.jpg,images/image_240.jpg,0.0005720257759094238
358,427,images/image_420.jpg,images/image_483.jpg,0.00057220458984375
110,488,images/image_198.jpg,images/image_538.jpg,0.0005729198455810547
115,488,images/image_201.jpg,images/image_538.jpg,0.0005729198455810547
486,528,images/image_536.jpg,images/image_574.jpg,0.0005745887756347656
433,493,images/image_489.jpg,images/image_542.jpg,0.0005753636360168457
338,401,images/image_402.jpg,images/image_46.jpg,0.000576317310333252
17,315,images/image_113.jpg,images/image_382.jpg,0.0005776882171630859
185,302,images/image_265.jpg,images/image_370.jpg,0.0005806684494018555
209,520,images/image_287.jpg,images/image_567.jpg,0.0005807876586914062
56,584,images/image_149.jpg,images/image_85.jpg,0.0005819797515869141
176,591,images/image_257.jpg,images/image_91.jpg,0.0005826950073242188
93,116,images/image_182.jpg,images/image_202.jpg,0.0005859732627868652
56,369,images/image_149.jpg,images/image_430.jpg,0.000591576099395752
170,203,images/image_251.jpg,images/image_281.jpg,0.0005922913551330566
56,480,images/image_149.jpg,images/image_530.jpg,0.0005933642387390137
1,41,images/image_1.jpg,images/image_135.jpg,0.000594019889831543
77,562,images/image_168.jpg,images/image_65.jpg,0.0005945563316345215
92,356,images/image_181.jpg,images/image_419.jpg,0.0005968809127807617
129,471,images/image_214.jpg,images/image_522.jpg,0.0006012916564941406
246,559,images/image_32.jpg,images/image_62.jpg,0.0006058812141418457
8,52,images/image_105.jpg,images/image_145.jpg,0.0006071329116821289
117,204,images/image_203.jpg,images/image_282.jpg,0.0006084442138671875
129,446,images/image_214.jpg,images/image_50.jpg,0.0006097555160522461
204,569,images/image_282.jpg,images/image_71.jpg,0.000611424446105957
8,519,images/image_105.jpg,images/image_566.jpg,0.0006155967712402344
283,331,images/image_353.jpg,images/image_397.jpg,0.0006164908409118652
369,584,images/image_430.jpg,images/image_85.jpg,0.0006218552589416504
32,167,images/image_127.jpg,images/image_249.jpg,0.0006269216537475586
512,587,images/image_56.jpg,images/image_88.jpg,0.000626981258392334
183,273,images/image_263.jpg,images/image_344.jpg,0.000628054141998291
74,584,images/image_165.jpg,images/image_85.jpg,0.0006284117698669434
410,552,images/image_468.jpg,images/image_596.jpg,0.0006295442581176758
167,226,images/image_249.jpg,images/image_301.jpg,0.0006415247917175293
302,476,images/image_370.jpg,images/image_527.jpg,0.0006458163261413574
370,458,images/image_431.jpg,images/image_510.jpg,0.0006476044654846191
299,333,images/image_368.jpg,images/image_399.jpg,0.0006487369537353516
296,531,images/image_365.jpg,images/image_577.jpg,0.0006551742553710938
167,579,images/image_249.jpg,images/image_80.jpg,0.0006552934646606445
33,417,images/image_128.jpg,images/image_474.jpg,0.0006659626960754395
118,596,images/image_204.jpg,images/image_96.jpg,0.0006659626960754395
41,271,images/image_135.jpg,images/image_342.jpg,0.0006744861602783203
158,446,images/image_240.jpg,images/image_50.jpg,0.0006799697875976562
6,331,images/image_103.jpg,images/image_397.jpg,0.0006816983222961426
89,133,images/image_179.jpg,images/image_218.jpg,0.0006844401359558105
217,251,images/image_294.jpg,images/image_324.jpg,0.0006854534149169922
361,385,images/image_423.jpg,images/image_445.jpg,0.0006870627403259277
275,561,images/image_346.jpg,images/image_64.jpg,0.0006873011589050293
158,471,images/image_240.jpg,images/image_522.jpg,0.0006946325302124023
473,500,images/image_524.jpg,images/image_549.jpg,0.0006974935531616211
224,464,images/image_30.jpg,images/image_516.jpg,0.0006989836692810059
331,431,images/image_397.jpg,images/image_487.jpg,0.0007031559944152832
23,331,images/image_119.jpg,images/image_397.jpg,0.0007033348083496094
52,78,images/image_145.jpg,images/image_169.jpg,0.0007048845291137695
189,302,images/image_269.jpg,images/image_370.jpg,0.0007086992263793945
273,425,images/image_344.jpg,images/image_481.jpg,0.0007104277610778809
187,302,images/image_267.jpg,images/image_370.jpg,0.0007196664810180664
30,136,images/image_125.jpg,images/image_220.jpg,0.0007215738296508789
106,521,images/image_194.jpg,images/image_568.jpg,0.0007230639457702637
40,425,images/image_134.jpg,images/image_481.jpg,0.0007233023643493652
60,292,images/image_152.jpg,images/image_361.jpg,0.0007394552230834961
335,566,images/image_40.jpg,images/image_69.jpg,0.000742495059967041
59,115,images/image_151.jpg,images/image_201.jpg,0.000744938850402832
59,110,images/image_151.jpg,images/image_198.jpg,0.000744938850402832
466,535,images/image_518.jpg,images/image_580.jpg,0.0007477402687072754
307,315,images/image_375.jpg,images/image_382.jpg,0.0007512569427490234
304,352,images/image_372.jpg,images/image_415.jpg,0.0007527470588684082
385,527,images/image_445.jpg,images/image_573.jpg,0.0007559657096862793
97,312,images/image_186.jpg,images/image_38.jpg,0.0007648468017578125
22,307,images/image_118.jpg,images/image_375.jpg,0.000765681266784668
86,565,images/image_176.jpg,images/image_68.jpg,0.0007675886154174805
129,273,images/image_214.jpg,images/image_344.jpg,0.0007764697074890137
120,133,images/image_206.jpg,images/image_218.jpg,0.0007792115211486816
423,554,images/image_48.jpg,images/image_598.jpg,0.0007838606834411621
302,388,images/image_370.jpg,images/image_448.jpg,0.0007843971252441406
253,547,images/image_326.jpg,images/image_591.jpg,0.0007863640785217285
379,425,images/image_44.jpg,images/image_481.jpg,0.0007867813110351562
277,436,images/image_348.jpg,images/image_491.jpg,0.0007877945899963379
303,451,images/image_371.jpg,images/image_504.jpg,0.0007916688919067383
356,385,images/image_419.jpg,images/image_445.jpg,0.0007996559143066406
214,259,images/image_291.jpg,images/image_331.jpg,0.0008072853088378906
109,293,images/image_197.jpg,images/image_362.jpg,0.0008121132850646973
93,132,images/image_182.jpg,images/image_217.jpg,0.0008140802383422852
347,349,images/image_410.jpg,images/image_412.jpg,0.0008155703544616699
29,349,images/image_124.jpg,images/image_412.jpg,0.0008177757263183594
370,592,images/image_431.jpg,images/image_92.jpg,0.0008192658424377441
254,469,images/image_327.jpg,images/image_520.jpg,0.0008202791213989258
109,528,images/image_197.jpg,images/image_574.jpg,0.0008271932601928711
395,469,images/image_454.jpg,images/image_520.jpg,0.0008279681205749512
15,101,images/image_111.jpg,images/image_19.jpg,0.0008317232131958008
254,284,images/image_327.jpg,images/image_354.jpg,0.000832676887512207
363,387,images/image_425.jpg,images/image_447.jpg,0.0008344650268554688
153,553,images/image_236.jpg,images/image_597.jpg,0.0008401274681091309
248,423,images/image_321.jpg,images/image_48.jpg,0.000850975513458252
225,529,images/image_300.jpg,images/image_575.jpg,0.0008519291877746582
118,301,images/image_204.jpg,images/image_37.jpg,0.0008619427680969238
40,129,images/image_134.jpg,images/image_214.jpg,0.0008627772331237793
205,401,images/image_283.jpg,images/image_46.jpg,0.000865936279296875
363,426,images/image_425.jpg,images/image_482.jpg,0.0008707046508789062
511,584,images/image_559.jpg,images/image_85.jpg,0.0008734464645385742
86,488,images/image_176.jpg,images/image_538.jpg,0.0008766651153564453
183,446,images/image_263.jpg,images/image_50.jpg,0.0008785724639892578
214,421,images/image_291.jpg,images/image_478.jpg,0.0008842945098876953
183,471,images/image_263.jpg,images/image_522.jpg,0.0008853673934936523
116,466,images/image_202.jpg,images/image_518.jpg,0.000887453556060791
288,294,images/image_358.jpg,images/image_363.jpg,0.0008944869041442871
396,398,images/image_455.jpg,images/image_457.jpg,0.0008960962295532227
284,469,images/image_354.jpg,images/image_520.jpg,0.0008966326713562012
299,304,images/image_368.jpg,images/image_372.jpg,0.0009017586708068848
79,349,images/image_17.jpg,images/image_412.jpg,0.0009028315544128418
11,296,images/image_108.jpg,images/image_365.jpg,0.0009133815765380859
25,435,images/image_120.jpg,images/image_490.jpg,0.0009133815765380859
44,86,images/image_138.jpg,images/image_176.jpg,0.0009185671806335449
17,22,images/image_113.jpg,images/image_118.jpg,0.0009207725524902344
40,183,images/image_134.jpg,images/image_263.jpg,0.000922083854675293
22,30,images/image_118.jpg,images/image_125.jpg,0.000927269458770752
4,376,images/image_101.jpg,images/image_437.jpg,0.000928342342376709
243,251,images/image_317.jpg,images/image_324.jpg,0.0009298920631408691
363,465,images/image_425.jpg,images/image_517.jpg,0.0009349584579467773
81,566,images/image_171.jpg,images/image_69.jpg,0.0009352564811706543
228,542,images/image_303.jpg,images/image_587.jpg,0.0009415745735168457
115,565,images/image_201.jpg,images/image_68.jpg,0.0009451508522033691
110,565,images/image_198.jpg,images/image_68.jpg,0.0009452104568481445
86,330,images/image_176.jpg,images/image_396.jpg,0.0009480714797973633
138,258,images/image_222.jpg,images/image_330.jpg,0.0009718537330627441
40,379,images/image_134.jpg,images/image_44.jpg,0.0009843707084655762
84,239,images/image_174.jpg,images/image_313.jpg,0.0009865760803222656
71,576,images/image_162.jpg,images/image_78.jpg,0.000986635684967041
169,435,images/image_250.jpg,images/image_490.jpg,0.000987708568572998
417,524,images/image_474.jpg,images/image_570.jpg,0.000993192195892334
251,474,images/image_324.jpg,images/image_525.jpg,0.0009970664978027344
282,325,images/image_352.jpg,images/image_391.jpg,0.0009982585906982422
129,379,images/image_214.jpg,images/image_44.jpg,0.001001596450805664
291,443,images/image_360.jpg,images/image_498.jpg,0.0010185837745666504
48,291,images/image_141.jpg,images/image_360.jpg,0.001026928424835205
4,279,images/image_101.jpg,images/image_35.jpg,0.0010313987731933594
44,115,images/image_138.jpg,images/image_201.jpg,0.0010431408882141113
44,110,images/image_138.jpg,images/image_198.jpg,0.0010431408882141113
324,336,images/image_390.jpg,images/image_400.jpg,0.0010505914688110352
53,256,images/image_146.jpg,images/image_329.jpg,0.0010548830032348633
521,561,images/image_568.jpg,images/image_64.jpg,0.001056671142578125
310,399,images/image_378.jpg,images/image_458.jpg,0.0010573267936706543
224,505,images/image_30.jpg,images/image_553.jpg,0.0010625720024108887
59,86,images/image_151.jpg,images/image_176.jpg,0.0010756850242614746
87,214,images/image_177.jpg,images/image_291.jpg,0.0010775327682495117
435,572,images/image_490.jpg,images/image_74.jpg,0.0010782480239868164
34,478,images/image_129.jpg,images/image_529.jpg,0.0010806918144226074
164,220,images/image_246.jpg,images/image_297.jpg,0.001086413860321045
253,303,images/image_326.jpg,images/image_371.jpg,0.001093447208404541
158,379,images/image_240.jpg,images/image_44.jpg,0.0010941624641418457
293,487,images/image_362.jpg,images/image_537.jpg,0.0010997653007507324
487,528,images/image_537.jpg,images/image_574.jpg,0.0011044740676879883
201,258,images/image_28.jpg,images/image_330.jpg,0.0011116862297058105
34,137,images/image_129.jpg,images/image_221.jpg,0.0011284947395324707
161,587,images/image_243.jpg,images/image_88.jpg,0.0011305809020996094
253,451,images/image_326.jpg,images/image_504.jpg,0.0011348128318786621
451,547,images/image_504.jpg,images/image_591.jpg,0.0011429786682128906
143,147,images/image_227.jpg,images/image_230.jpg,0.0011491775512695312
256,598,images/image_329.jpg,images/image_98.jpg,0.0011563301086425781
110,330,images/image_198.jpg,images/image_396.jpg,0.0011585354804992676
115,330,images/image_201.jpg,images/image_396.jpg,0.0011585354804992676
40,446,images/image_134.jpg,images/image_50.jpg,0.0011783242225646973
344,473,images/image_408.jpg,images/image_524.jpg,0.0011812448501586914
108,312,images/image_196.jpg,images/image_38.jpg,0.0011835694313049316
60,143,images/image_152.jpg,images/image_227.jpg,0.001191556453704834
36,164,images/image_130.jpg,images/image_246.jpg,0.0011954903602600098
118,211,images/image_204.jpg,images/image_289.jpg,0.0012006163597106934
10,450,images/image_107.jpg,images/image_503.jpg,0.0012027621269226074
4,499,images/image_101.jpg,images/image_548.jpg,0.0012059211730957031
458,592,images/image_510.jpg,images/image_92.jpg,0.0012099742889404297
205,452,images/image_283.jpg,images/image_505.jpg,0.0012105703353881836
236,466,images/image_310.jpg,images/image_518.jpg,0.001217961311340332
277,435,images/image_348.jpg,images/image_490.jpg,0.0012256503105163574
17,136,images/image_113.jpg,images/image_220.jpg,0.0012341141700744629
473,571,images/image_524.jpg,images/image_73.jpg,0.0012369751930236816
298,473,images/image_367.jpg,images/image_524.jpg,0.0012370944023132324
398,587,images/image_457.jpg,images/image_88.jpg,0.0012401938438415527
72,164,images/image_163.jpg,images/image_246.jpg,0.0012431740760803223
40,471,images/image_134.jpg,images/image_522.jpg,0.0012448430061340332
295,473,images/image_364.jpg,images/image_524.jpg,0.0012460947036743164
225,263,images/image_300.jpg,images/image_335.jpg,0.001251518726348877
521,575,images/image_568.jpg,images/image_77.jpg,0.0012521743774414062
14,249,images/image_110.jpg,images/image_322.jpg,0.0012546777725219727
473,513,images/image_524.jpg,images/image_560.jpg,0.0012739300727844238
273,446,images/image_344.jpg,images/image_50.jpg,0.0012860298156738281
136,307,images/image_220.jpg,images/image_375.jpg,0.001287698745727539
77,225,images/image_168.jpg,images/image_300.jpg,0.0012959837913513184
30,315,images/image_125.jpg,images/image_382.jpg,0.0013222694396972656
296,477,images/image_365.jpg,images/image_528.jpg,0.00133514404296875
273,471,images/image_344.jpg,images/image_522.jpg,0.0013394951820373535
53,305,images/image_146.jpg,images/image_373.jpg,0.0013456344604492188
220,415,images/image_297.jpg,images/image_472.jpg,0.0013484954833984375
119,482,images/image_205.jpg,images/image_532.jpg,0.0013502240180969238
406,428,images/image_464.jpg,images/image_484.jpg,0.0013592839241027832
231,325,images/image_306.jpg,images/image_391.jpg,0.0013639330863952637
94,303,images/image_183.jpg,images/image_371.jpg,0.0013663768768310547
220,418,images/image_297.jpg,images/image_475.jpg,0.0013693571090698242
48,426,images/image_141.jpg,images/image_482.jpg,0.0013956427574157715
270,325,images/image_341.jpg,images/image_391.jpg,0.001397550106048584
273,379,images/image_344.jpg,images/image_44.jpg,0.0013977885246276855
426,443,images/image_482.jpg,images/image_498.jpg,0.001416027545928955
387,426,images/image_447.jpg,images/image_482.jpg,0.001433253288269043
34,350,images/image_129.jpg,images/image_413.jpg,0.0014396905899047852
276,312,images/image_347.jpg,images/image_38.jpg,0.0014480948448181152
34,308,images/image_129.jpg,images/image_376.jpg,0.001458883285522461
183,379,images/image_263.jpg,images/image_44.jpg,0.0014601349830627441
275,521,images/image_346.jpg,images/image_568.jpg,0.0014656782150268555
236,535,images/image_310.jpg,images/image_580.jpg,0.0014657378196716309
68,102,images/image_16.jpg,images/image_190.jpg,0.0014668703079223633
10,83,images/image_107.jpg,images/image_173.jpg,0.001488029956817627
387,465,images/image_447.jpg,images/image_517.jpg,0.0014881491661071777
25,100,images/image_120.jpg,images/image_189.jpg,0.0015030503273010254
230,432,images/image_305.jpg,images/image_488.jpg,0.0015153884887695312
60,341,images/image_152.jpg,images/image_405.jpg,0.0015199780464172363
164,498,images/image_246.jpg,images/image_547.jpg,0.0015249252319335938
336,565,images/image_400.jpg,images/image_68.jpg,0.0015255212783813477
138,157,images/image_222.jpg,images/image_24.jpg,0.001543581485748291
417,599,images/image_474.jpg,images/image_99.jpg,0.0015584230422973633
36,415,images/image_130.jpg,images/image_472.jpg,0.0015637874603271484
132,466,images/image_217.jpg,images/image_518.jpg,0.0015728473663330078
72,415,images/image_163.jpg,images/image_472.jpg,0.0015774965286254883
143,292,images/image_227.jpg,images/image_361.jpg,0.0015845298767089844
264,296,images/image_336.jpg,images/image_365.jpg,0.0015845298767089844
51,426,images/image_144.jpg,images/image_482.jpg,0.0015918612480163574
25,436,images/image_120.jpg,images/image_491.jpg,0.001622915267944336
119,355,images/image_205.jpg,images/image_418.jpg,0.0016397833824157715
25,277,images/image_120.jpg,images/image_348.jpg,0.0016574859619140625
305,598,images/image_373.jpg,images/image_98.jpg,0.0016856193542480469
363,443,images/image_425.jpg,images/image_498.jpg,0.0016970038414001465
72,418,images/image_163.jpg,images/image_475.jpg,0.0017005205154418945
314,553,images/image_381.jpg,images/image_597.jpg,0.0017066597938537598
205,338,images/image_283.jpg,images/image_402.jpg,0.0017151832580566406
416,478,images/image_473.jpg,images/image_529.jpg,0.0017189979553222656
132,535,images/image_217.jpg,images/image_580.jpg,0.0017222762107849121
116,236,images/image_202.jpg,images/image_310.jpg,0.0017259716987609863
299,352,images/image_368.jpg,images/image_415.jpg,0.001727283000946045
52,519,images/image_145.jpg,images/image_566.jpg,0.001730501651763916
344,500,images/image_408.jpg,images/image_549.jpg,0.0017333030700683594
398,512,images/image_457.jpg,images/image_56.jpg,0.0017405152320861816
178,220,images/image_259.jpg,images/image_297.jpg,0.0017685890197753906
100,169,images/image_189.jpg,images/image_250.jpg,0.0017845630645751953
48,363,images/image_141.jpg,images/image_425.jpg,0.0017986893653869629
36,418,images/image_130.jpg,images/image_475.jpg,0.0018109679222106934
51,465,images/image_144.jpg,images/image_517.jpg,0.0018166303634643555
137,416,images/image_221.jpg,images/image_473.jpg,0.0018230080604553223
169,436,images/image_250.jpg,images/image_491.jpg,0.001825869083404541
102,585,images/image_190.jpg,images/image_86.jpg,0.0018399953842163086
400,484,images/image_459.jpg,images/image_534.jpg,0.0018445849418640137
400,568,images/image_459.jpg,images/image_70.jpg,0.0018445849418640137
415,498,images/image_472.jpg,images/image_547.jpg,0.0018683671951293945
529,562,images/image_575.jpg,images/image_65.jpg,0.001877129077911377
330,336,images/image_396.jpg,images/image_400.jpg,0.0018814802169799805
51,443,images/image_144.jpg,images/image_498.jpg,0.0018863081932067871
94,253,images/image_183.jpg,images/image_326.jpg,0.0018886923789978027
44,336,images/image_138.jpg,images/image_400.jpg,0.0018901824951171875
246,484,images/image_32.jpg,images/image_534.jpg,0.0018920302391052246
246,568,images/image_32.jpg,images/image_70.jpg,0.0018920302391052246
553,595,images/image_597.jpg,images/image_95.jpg,0.001896500587463379
39,230,images/image_133.jpg,images/image_305.jpg,0.0019106268882751465
157,201,images/image_24.jpg,images/image_28.jpg,0.0019137263298034668
161,398,images/image_243.jpg,images/image_457.jpg,0.0019198060035705566
323,399,images/image_39.jpg,images/image_458.jpg,0.0019273161888122559
94,547,images/image_183.jpg,images/image_591.jpg,0.0019308924674987793
324,488,images/image_390.jpg,images/image_538.jpg,0.001931905746459961
500,513,images/image_549.jpg,images/image_560.jpg,0.0019328594207763672
100,572,images/image_189.jpg,images/image_74.jpg,0.0019382834434509277
155,390,images/image_238.jpg,images/image_45.jpg,0.001950085163116455
16,406,images/image_112.jpg,images/image_464.jpg,0.0019510388374328613
436,572,images/image_491.jpg,images/image_74.jpg,0.0019617080688476562
308,416,images/image_376.jpg,images/image_473.jpg,0.001973390579223633
298,500,images/image_367.jpg,images/image_549.jpg,0.001988828182220459
500,571,images/image_549.jpg,images/image_73.jpg,0.0019888877868652344
418,498,images/image_475.jpg,images/image_547.jpg,0.0019954442977905273
131,256,images/image_216.jpg,images/image_329.jpg,0.002039492130279541
169,277,images/image_250.jpg,images/image_348.jpg,0.0020664334297180176
116,132,images/image_202.jpg,images/image_217.jpg,0.0020684003829956055
441,553,images/image_496.jpg,images/image_597.jpg,0.0020723938941955566
72,178,images/image_163.jpg,images/image_259.jpg,0.002099752426147461
51,387,images/image_144.jpg,images/image_447.jpg,0.002110302448272705
350,416,images/image_413.jpg,images/image_473.jpg,0.0021587014198303223
484,530,images/image_534.jpg,images/image_576.jpg,0.002166271209716797
530,568,images/image_576.jpg,images/image_70.jpg,0.0021663308143615723
36,178,images/image_130.jpg,images/image_259.jpg,0.0021704435348510742
48,51,images/image_141.jpg,images/image_144.jpg,0.0021737217903137207
218,296,images/image_295.jpg,images/image_365.jpg,0.002199411392211914
277,572,images/image_348.jpg,images/image_74.jpg,0.0022122859954833984
295,500,images/image_364.jpg,images/image_549.jpg,0.0022153854370117188
147,341,images/image_230.jpg,images/image_405.jpg,0.0022208690643310547
223,484,images/image_3.jpg,images/image_534.jpg,0.002272307872772217
223,568,images/image_3.jpg,images/image_70.jpg,0.002272307872772217
59,324,images/image_151.jpg,images/image_390.jpg,0.0022840499877929688
426,465,images/image_482.jpg,images/image_517.jpg,0.002422809600830078
178,498,images/image_259.jpg,images/image_547.jpg,0.002439260482788086
231,270,images/image_306.jpg,images/image_341.jpg,0.0024529695510864258
231,282,images/image_306.jpg,images/image_352.jpg,0.0025574564933776855
131,305,images/image_216.jpg,images/image_373.jpg,0.002586543560028076
488,565,images/image_538.jpg,images/image_68.jpg,0.0026724934577941895
252,296,images/image_325.jpg,images/image_365.jpg,0.0027084946632385254
559,568,images/image_62.jpg,images/image_70.jpg,0.002709627151489258
484,559,images/image_534.jpg,images/image_62.jpg,0.00270998477935791
216,582,images/image_293.jpg,images/image_83.jpg,0.0027115941047668457
464,505,images/image_516.jpg,images/image_553.jpg,0.002758502960205078
397,403,images/image_456.jpg,images/image_461.jpg,0.0027731657028198242
216,551,images/image_293.jpg,images/image_595.jpg,0.0028691887855529785
44,488,images/image_138.jpg,images/image_538.jpg,0.0028709769248962402
252,531,images/image_325.jpg,images/image_577.jpg,0.0028914213180541992
387,443,images/image_447.jpg,images/image_498.jpg,0.002907395362854004
124,582,images/image_21.jpg,images/image_83.jpg,0.0029219985008239746
237,531,images/image_311.jpg,images/image_577.jpg,0.002933323383331299
292,341,images/image_361.jpg,images/image_405.jpg,0.0029450058937072754
96,365,images/image_185.jpg,images/image_427.jpg,0.0029999613761901855
30,307,images/image_125.jpg,images/image_375.jpg,0.003013312816619873
124,551,images/image_21.jpg,images/image_595.jpg,0.0030227303504943848
477,531,images/image_528.jpg,images/image_577.jpg,0.0030347108840942383
59,565,images/image_151.jpg,images/image_68.jpg,0.0030660629272460938
222,365,images/image_299.jpg,images/image_427.jpg,0.003072679042816162
330,488,images/image_396.jpg,images/image_538.jpg,0.003077268600463867
89,122,images/image_179.jpg,images/image_208.jpg,0.003084242343902588
48,387,images/image_141.jpg,images/image_447.jpg,0.0030865073204040527
96,287,images/image_185.jpg,images/image_357.jpg,0.003088831901550293
237,296,images/image_311.jpg,images/image_365.jpg,0.003117680549621582
222,287,images/image_299.jpg,images/image_357.jpg,0.003156423568725586
227,365,images/image_302.jpg,images/image_427.jpg,0.0031577348709106445
397,515,images/image_456.jpg,images/image_562.jpg,0.003188908100128174
202,397,images/image_280.jpg,images/image_456.jpg,0.003195047378540039
227,287,images/image_302.jpg,images/image_357.jpg,0.00324857234954834
216,405,images/image_293.jpg,images/image_463.jpg,0.0032549500465393066
145,390,images/image_229.jpg,images/image_45.jpg,0.0032652616500854492
44,59,images/image_138.jpg,images/image_151.jpg,0.0032715201377868652
278,397,images/image_349.jpg,images/image_456.jpg,0.0033171772956848145
169,535,images/image_250.jpg,images/image_580.jpg,0.0033308863639831543
403,522,images/image_461.jpg,images/image_569.jpg,0.0033510327339172363
116,169,images/image_202.jpg,images/image_250.jpg,0.003400087356567383
124,405,images/image_21.jpg,images/image_463.jpg,0.0034189820289611816
272,365,images/image_343.jpg,images/image_427.jpg,0.0034244656562805176
535,572,images/image_580.jpg,images/image_74.jpg,0.0034596920013427734
120,122,images/image_206.jpg,images/image_208.jpg,0.003460824489593506
13,96,images/image_11.jpg,images/image_185.jpg,0.0034983158111572266
272,287,images/image_343.jpg,images/image_357.jpg,0.003506302833557129
59,330,images/image_151.jpg,images/image_396.jpg,0.0035100579261779785
17,30,images/image_113.jpg,images/image_125.jpg,0.0035172700881958008
25,535,images/image_120.jpg,images/image_580.jpg,0.003523111343383789
116,572,images/image_202.jpg,images/image_74.jpg,0.003544330596923828
25,116,images/image_120.jpg,images/image_202.jpg,0.0035735368728637695
13,222,images/image_11.jpg,images/image_299.jpg,0.0035736560821533203
139,216,images/image_223.jpg,images/image_293.jpg,0.0035802125930786133
365,368,images/image_427.jpg,images/image_43.jpg,0.0035926103591918945
365,434,images/image_427.jpg,images/image_49.jpg,0.0036069154739379883
263,529,images/image_335.jpg,images/image_575.jpg,0.003624558448791504
114,365,images/image_200.jpg,images/image_427.jpg,0.003659963607788086
156,365,images/image_239.jpg,images/image_427.jpg,0.0036731958389282227
13,227,images/image_11.jpg,images/image_302.jpg,0.0036805272102355957
287,368,images/image_357.jpg,images/image_43.jpg,0.0036913156509399414
264,531,images/image_336.jpg,images/image_577.jpg,0.003692150115966797
287,434,images/image_357.jpg,images/image_49.jpg,0.0036984682083129883
77,529,images/image_168.jpg,images/image_575.jpg,0.0037006139755249023
124,139,images/image_21.jpg,images/image_223.jpg,0.003707587718963623
11,477,images/image_108.jpg,images/image_528.jpg,0.003722846508026123
11,237,images/image_108.jpg,images/image_311.jpg,0.0037354230880737305
114,287,images/image_200.jpg,images/image_357.jpg,0.0037564635276794434
156,287,images/image_239.jpg,images/image_357.jpg,0.003764033317565918
252,477,images/image_325.jpg,images/image_528.jpg,0.003794729709625244
116,435,images/image_202.jpg,images/image_490.jpg,0.0038001537322998047
11,252,images/image_108.jpg,images/image_325.jpg,0.0038173794746398926
435,535,images/image_490.jpg,images/image_580.jpg,0.0038207173347473145
75,365,images/image_166.jpg,images/image_427.jpg,0.0038336515426635742
82,200,images/image_172.jpg,images/image_279.jpg,0.0038619041442871094
93,169,images/image_182.jpg,images/image_250.jpg,0.0038688182830810547
54,82,images/image_147.jpg,images/image_172.jpg,0.0039103031158447266
93,572,images/image_182.jpg,images/image_74.jpg,0.003922700881958008
13,272,images/image_11.jpg,images/image_343.jpg,0.0039275288581848145
75,287,images/image_166.jpg,images/image_357.jpg,0.0039283037185668945
515,522,images/image_562.jpg,images/image_569.jpg,0.003959715366363525
202,522,images/image_280.jpg,images/image_569.jpg,0.004044532775878906
252,264,images/image_325.jpg,images/image_336.jpg,0.004062771797180176
2,384,images/image_10.jpg,images/image_444.jpg,0.0040694475173950195
9,384,images/image_106.jpg,images/image_444.jpg,0.004126369953155518
13,368,images/image_11.jpg,images/image_43.jpg,0.004145026206970215
13,434,images/image_11.jpg,images/image_49.jpg,0.004165351390838623
180,384,images/image_260.jpg,images/image_444.jpg,0.004176020622253418
278,522,images/image_349.jpg,images/image_569.jpg,0.0042057037353515625
13,156,images/image_11.jpg,images/image_239.jpg,0.004205942153930664
13,114,images/image_11.jpg,images/image_200.jpg,0.004226624965667725
384,590,images/image_444.jpg,images/image_90.jpg,0.004227638244628906
200,367,images/image_279.jpg,images/image_429.jpg,0.004254937171936035
25,93,images/image_120.jpg,images/image_182.jpg,0.00426095724105835
54,367,images/image_147.jpg,images/image_429.jpg,0.004287779331207275
291,426,images/image_360.jpg,images/image_482.jpg,0.004354000091552734
2,563,images/image_10.jpg,images/image_66.jpg,0.004379630088806152
13,75,images/image_11.jpg,images/image_166.jpg,0.004383504390716553
236,572,images/image_310.jpg,images/image_74.jpg,0.004387080669403076
2,192,images/image_10.jpg,images/image_271.jpg,0.004404902458190918
169,236,images/image_250.jpg,images/image_310.jpg,0.004413306713104248
11,264,images/image_108.jpg,images/image_336.jpg,0.0044214725494384766
157,258,images/image_24.jpg,images/image_330.jpg,0.004433810710906982
9,563,images/image_106.jpg,images/image_66.jpg,0.004482269287109375
218,531,images/image_295.jpg,images/image_577.jpg,0.004491567611694336
9,192,images/image_106.jpg,images/image_271.jpg,0.004497051239013672
180,563,images/image_260.jpg,images/image_66.jpg,0.004503607749938965
180,192,images/image_260.jpg,images/image_271.jpg,0.00452810525894165
2,457,images/image_10.jpg,images/image_51.jpg,0.004539310932159424
2,24,images/image_10.jpg,images/image_12.jpg,0.004585206508636475
9,457,images/image_106.jpg,images/image_51.jpg,0.0045923590660095215
132,572,images/image_217.jpg,images/image_74.jpg,0.004594683647155762
218,252,images/image_295.jpg,images/image_325.jpg,0.004608333110809326
563,590,images/image_66.jpg,images/image_90.jpg,0.004625260829925537
192,590,images/image_271.jpg,images/image_90.jpg,0.004630088806152344
132,169,images/image_217.jpg,images/image_250.jpg,0.004631340503692627
9,24,images/image_106.jpg,images/image_12.jpg,0.004636406898498535
180,457,images/image_260.jpg,images/image_51.jpg,0.004658102989196777
457,590,images/image_51.jpg,images/image_90.jpg,0.004688560962677002
24,180,images/image_12.jpg,images/image_260.jpg,0.004704535007476807
24,590,images/image_12.jpg,images/image_90.jpg,0.004730045795440674
116,436,images/image_202.jpg,images/image_491.jpg,0.004765033721923828
51,291,images/image_144.jpg,images/image_360.jpg,0.004817783832550049
436,535,images/image_491.jpg,images/image_580.jpg,0.0048618316650390625
25,236,images/image_120.jpg,images/image_310.jpg,0.0048645734786987305
443,465,images/image_498.jpg,images/image_517.jpg,0.004879772663116455
48,465,images/image_141.jpg,images/image_517.jpg,0.004917740821838379
291,363,images/image_360.jpg,images/image_425.jpg,0.004948794841766357
169,466,images/image_250.jpg,images/image_518.jpg,0.004961371421813965
466,572,images/image_518.jpg,images/image_74.jpg,0.0050261616706848145
122,133,images/image_208.jpg,images/image_218.jpg,0.005046486854553223
25,132,images/image_120.jpg,images/image_217.jpg,0.005063235759735107
100,116,images/image_189.jpg,images/image_202.jpg,0.005086362361907959
68,585,images/image_16.jpg,images/image_86.jpg,0.005099058151245117
237,477,images/image_311.jpg,images/image_528.jpg,0.005112767219543457
100,535,images/image_189.jpg,images/image_580.jpg,0.005198836326599121
93,435,images/image_182.jpg,images/image_490.jpg,0.005301773548126221
11,218,images/image_108.jpg,images/image_295.jpg,0.00535506010055542
25,466,images/image_120.jpg,images/image_518.jpg,0.005428493022918701
237,264,images/image_311.jpg,images/image_336.jpg,0.005467116832733154
435,466,images/image_490.jpg,images/image_518.jpg,0.005588054656982422
281,586,images/image_351.jpg,images/image_87.jpg,0.00563281774520874
19,586,images/image_115.jpg,images/image_87.jpg,0.00570070743560791
445,586,images/image_5.jpg,images/image_87.jpg,0.005908489227294922
218,237,images/image_295.jpg,images/image_311.jpg,0.006188035011291504
116,277,images/image_202.jpg,images/image_348.jpg,0.006344914436340332
179,306,images/image_26.jpg,images/image_374.jpg,0.006389260292053223
179,407,images/image_26.jpg,images/image_465.jpg,0.006430566310882568
171,306,images/image_252.jpg,images/image_374.jpg,0.006471693515777588
277,535,images/image_348.jpg,images/image_580.jpg,0.00647658109664917
171,407,images/image_252.jpg,images/image_465.jpg,0.006515920162200928
291,387,images/image_360.jpg,images/image_447.jpg,0.006724119186401367
229,527,images/image_304.jpg,images/image_573.jpg,0.006767988204956055
242,306,images/image_316.jpg,images/image_374.jpg,0.006780028343200684
242,407,images/image_316.jpg,images/image_465.jpg,0.006831765174865723
381,385,images/image_441.jpg,images/image_445.jpg,0.006891369819641113
236,435,images/image_310.jpg,images/image_490.jpg,0.006896317005157471
93,436,images/image_182.jpg,images/image_491.jpg,0.006914973258972168
229,361,images/image_304.jpg,images/image_423.jpg,0.006954014301300049
179,332,images/image_26.jpg,images/image_398.jpg,0.006984293460845947
381,527,images/image_441.jpg,images/image_573.jpg,0.006999850273132324
306,501,images/image_374.jpg,images/image_55.jpg,0.007040977478027344
260,371,images/image_332.jpg,images/image_432.jpg,0.007046163082122803
260,577,images/image_332.jpg,images/image_79.jpg,0.007046163082122803
171,332,images/image_252.jpg,images/image_398.jpg,0.0070593953132629395
260,573,images/image_332.jpg,images/image_75.jpg,0.007071852684020996
334,385,images/image_4.jpg,images/image_445.jpg,0.007083714008331299
407,501,images/image_465.jpg,images/image_55.jpg,0.007091045379638672
123,229,images/image_209.jpg,images/image_304.jpg,0.00709909200668335
92,381,images/image_181.jpg,images/image_441.jpg,0.0070999860763549805
361,381,images/image_423.jpg,images/image_441.jpg,0.007145881652832031
436,466,images/image_491.jpg,images/image_518.jpg,0.007158637046813965
123,381,images/image_209.jpg,images/image_441.jpg,0.007202029228210449
229,356,images/image_304.jpg,images/image_419.jpg,0.007238864898681641
132,435,images/image_217.jpg,images/image_490.jpg,0.007249295711517334
260,491,images/image_332.jpg,images/image_540.jpg,0.007279038429260254
19,235,images/image_115.jpg,images/image_31.jpg,0.007307291030883789
179,391,images/image_26.jpg,images/image_450.jpg,0.007322430610656738
235,281,images/image_31.jpg,images/image_351.jpg,0.007346987724304199
92,334,images/image_181.jpg,images/image_4.jpg,0.007356584072113037
131,350,images/image_216.jpg,images/image_413.jpg,0.007366776466369629
93,100,images/image_182.jpg,images/image_189.jpg,0.007398128509521484
242,332,images/image_316.jpg,images/image_398.jpg,0.00740504264831543
316,586,images/image_383.jpg,images/image_87.jpg,0.00741422176361084
171,391,images/image_252.jpg,images/image_450.jpg,0.0074193477630615234
229,385,images/image_304.jpg,images/image_445.jpg,0.007419764995574951
356,381,images/image_419.jpg,images/image_441.jpg,0.007425963878631592
19,346,images/image_115.jpg,images/image_41.jpg,0.007473468780517578
371,539,images/image_432.jpg,images/image_584.jpg,0.007496297359466553
539,577,images/image_584.jpg,images/image_79.jpg,0.007496297359466553
260,440,images/image_332.jpg,images/image_495.jpg,0.007514238357543945
92,229,images/image_181.jpg,images/image_304.jpg,0.0075203776359558105
539,573,images/image_584.jpg,images/image_75.jpg,0.007532954216003418
281,346,images/image_351.jpg,images/image_41.jpg,0.007553458213806152
491,539,images/image_540.jpg,images/image_584.jpg,0.007553815841674805
235,445,images/image_31.jpg,images/image_5.jpg,0.0075757503509521484
131,478,images/image_216.jpg,images/image_529.jpg,0.007585883140563965
350,598,images/image_413.jpg,images/image_98.jpg,0.007608532905578613
131,137,images/image_216.jpg,images/image_221.jpg,0.007615447044372559
334,527,images/image_4.jpg,images/image_573.jpg,0.007661640644073486
332,501,images/image_398.jpg,images/image_55.jpg,0.0076677799224853516
346,445,images/image_41.jpg,images/image_5.jpg,0.007764279842376709
334,361,images/image_4.jpg,images/image_423.jpg,0.007774472236633301
242,391,images/image_316.jpg,images/image_450.jpg,0.007778823375701904
123,334,images/image_209.jpg,images/image_4.jpg,0.0077841877937316895
137,598,images/image_221.jpg,images/image_98.jpg,0.00782322883605957
440,539,images/image_495.jpg,images/image_584.jpg,0.007908523082733154
100,466,images/image_189.jpg,images/image_518.jpg,0.007930457592010498
478,598,images/image_529.jpg,images/image_98.jpg,0.007940053939819336
62,191,images/image_154.jpg,images/image_270.jpg,0.007961511611938477
391,501,images/image_450.jpg,images/image_55.jpg,0.008038640022277832
334,356,images/image_4.jpg,images/image_419.jpg,0.008091330528259277
34,131,images/image_129.jpg,images/image_216.jpg,0.008146464824676514
53,350,images/image_146.jpg,images/image_413.jpg,0.00826561450958252
53,137,images/image_146.jpg,images/image_221.jpg,0.008308470249176025
131,308,images/image_216.jpg,images/image_376.jpg,0.008406102657318115
53,478,images/image_146.jpg,images/image_529.jpg,0.008446097373962402
131,416,images/image_216.jpg,images/image_473.jpg,0.008490145206451416
34,53,images/image_129.jpg,images/image_146.jpg,0.00849616527557373
93,277,images/image_182.jpg,images/image_348.jpg,0.0088273286819458
236,436,images/image_310.jpg,images/image_491.jpg,0.008881807327270508
34,598,images/image_129.jpg,images/image_98.jpg,0.008917391300201416
53,416,images/image_146.jpg,images/image_473.jpg,0.008967995643615723
195,306,images/image_274.jpg,images/image_374.jpg,0.008968651294708252
308,598,images/image_376.jpg,images/image_98.jpg,0.008983492851257324
195,407,images/image_274.jpg,images/image_465.jpg,0.009002685546875
145,155,images/image_229.jpg,images/image_238.jpg,0.00900411605834961
241,573,images/image_315.jpg,images/image_75.jpg,0.009188055992126465
137,256,images/image_221.jpg,images/image_329.jpg,0.009246468544006348
88,307,images/image_178.jpg,images/image_375.jpg,0.009257316589355469
100,236,images/image_189.jpg,images/image_310.jpg,0.009258031845092773
359,573,images/image_421.jpg,images/image_75.jpg,0.00926750898361206
132,436,images/image_217.jpg,images/image_491.jpg,0.00927424430847168
241,440,images/image_315.jpg,images/image_495.jpg,0.009281575679779053
256,350,images/image_329.jpg,images/image_413.jpg,0.009310305118560791
359,440,images/image_421.jpg,images/image_495.jpg,0.009342074394226074
235,316,images/image_31.jpg,images/image_383.jpg,0.009386539459228516
416,598,images/image_473.jpg,images/image_98.jpg,0.009530305862426758
100,132,images/image_189.jpg,images/image_217.jpg,0.009584605693817139
241,371,images/image_315.jpg,images/image_432.jpg,0.009586811065673828
241,577,images/image_315.jpg,images/image_79.jpg,0.009586811065673828
175,573,images/image_256.jpg,images/image_75.jpg,0.009626686573028564
175,440,images/image_256.jpg,images/image_495.jpg,0.009635448455810547
316,346,images/image_383.jpg,images/image_41.jpg,0.009652376174926758
359,371,images/image_421.jpg,images/image_432.jpg,0.009658753871917725
359,577,images/image_421.jpg,images/image_79.jpg,0.009658753871917725
241,491,images/image_315.jpg,images/image_540.jpg,0.009665966033935547
53,308,images/image_146.jpg,images/image_376.jpg,0.009669244289398193
256,478,images/image_329.jpg,images/image_529.jpg,0.009681284427642822
195,332,images/image_274.jpg,images/image_398.jpg,0.009709596633911133
359,491,images/image_421.jpg,images/image_540.jpg,0.009743750095367432
291,465,images/image_360.jpg,images/image_517.jpg,0.009743988513946533
69,163,images/image_160.jpg,images/image_245.jpg,0.00985640287399292
277,466,images/image_348.jpg,images/image_518.jpg,0.009903132915496826
175,491,images/image_256.jpg,images/image_540.jpg,0.009993553161621094
175,371,images/image_256.jpg,images/image_432.jpg,0.010025501251220703
175,577,images/image_256.jpg,images/image_79.jpg,0.010025501251220703
195,391,images/image_274.jpg,images/image_450.jpg,0.010215044021606445
57,163,images/image_15.jpg,images/image_245.jpg,0.010250270366668701
137,305,images/image_221.jpg,images/image_373.jpg,0.010306358337402344
13,556,images/image_11.jpg,images/image_6.jpg,0.010338962078094482
34,256,images/image_129.jpg,images/image_329.jpg,0.010348320007324219
236,277,images/image_310.jpg,images/image_348.jpg,0.010412454605102539
69,536,images/image_160.jpg,images/image_581.jpg,0.01041346788406372
61,69,images/image_153.jpg,images/image_160.jpg,0.010418355464935303
62,135,images/image_154.jpg,images/image_22.jpg,0.010423660278320312
305,350,images/image_373.jpg,images/image_413.jpg,0.010448992252349854
0,163,images/image_0.jpg,images/image_245.jpg,0.010484099388122559
132,277,images/image_217.jpg,images/image_348.jpg,0.010654091835021973
121,189,images/image_207.jpg,images/image_269.jpg,0.01069796085357666
305,478,images/image_373.jpg,images/image_529.jpg,0.01077890396118164
437,461,images/image_492.jpg,images/image_513.jpg,0.010800719261169434
365,556,images/image_427.jpg,images/image_6.jpg,0.010804712772369385
57,536,images/image_15.jpg,images/image_581.jpg,0.010822713375091553
287,556,images/image_357.jpg,images/image_6.jpg,0.010857462882995605
57,61,images/image_15.jpg,images/image_153.jpg,0.0109177827835083
34,305,images/image_129.jpg,images/image_373.jpg,0.010996639728546143
80,164,images/image_170.jpg,images/image_246.jpg,0.011044919490814209
0,536,images/image_0.jpg,images/image_581.jpg,0.011046648025512695
0,61,images/image_0.jpg,images/image_153.jpg,0.011054694652557373
189,353,images/image_269.jpg,images/image_416.jpg,0.011075794696807861
461,490,images/image_513.jpg,images/image_54.jpg,0.011079728603363037
13,159,images/image_11.jpg,images/image_241.jpg,0.011243820190429688
28,132,images/image_123.jpg,images/image_217.jpg,0.011275947093963623
121,185,images/image_207.jpg,images/image_265.jpg,0.011341512203216553
256,416,images/image_329.jpg,images/image_473.jpg,0.011400997638702393
233,437,images/image_308.jpg,images/image_492.jpg,0.011425256729125977
80,415,images/image_170.jpg,images/image_472.jpg,0.011471748352050781
256,308,images/image_329.jpg,images/image_376.jpg,0.011507689952850342
121,151,images/image_207.jpg,images/image_234.jpg,0.011522829532623291
389,461,images/image_449.jpg,images/image_513.jpg,0.011628508567810059
413,461,images/image_470.jpg,images/image_513.jpg,0.011763393878936768
185,353,images/image_265.jpg,images/image_416.jpg,0.011785626411437988
233,490,images/image_308.jpg,images/image_54.jpg,0.011795520782470703
159,365,images/image_241.jpg,images/image_427.jpg,0.011829137802124023
159,287,images/image_241.jpg,images/image_357.jpg,0.011850416660308838
121,388,images/image_207.jpg,images/image_448.jpg,0.01190173625946045
189,345,images/image_269.jpg,images/image_409.jpg,0.01192617416381836
7,170,images/image_104.jpg,images/image_251.jpg,0.01192706823348999
208,463,images/image_286.jpg,images/image_515.jpg,0.011995077133178711
121,476,images/image_207.jpg,images/image_527.jpg,0.012014925479888916
189,429,images/image_269.jpg,images/image_485.jpg,0.012017428874969482
305,416,images/image_373.jpg,images/image_473.jpg,0.01202017068862915
151,353,images/image_234.jpg,images/image_416.jpg,0.01210474967956543
121,187,images/image_207.jpg,images/image_267.jpg,0.012115776538848877
170,374,images/image_251.jpg,images/image_435.jpg,0.012124717235565186
47,437,images/image_140.jpg,images/image_492.jpg,0.012156128883361816
353,388,images/image_416.jpg,images/image_448.jpg,0.012192070484161377
22,88,images/image_118.jpg,images/image_178.jpg,0.012198209762573242
146,307,images/image_23.jpg,images/image_375.jpg,0.012230455875396729
112,463,images/image_2.jpg,images/image_515.jpg,0.012282729148864746
11,320,images/image_108.jpg,images/image_387.jpg,0.01228487491607666
184,389,images/image_264.jpg,images/image_449.jpg,0.01228785514831543
233,389,images/image_308.jpg,images/image_449.jpg,0.012339472770690918
167,389,images/image_249.jpg,images/image_449.jpg,0.012357831001281738
353,476,images/image_416.jpg,images/image_527.jpg,0.012364029884338379
121,414,images/image_207.jpg,images/image_471.jpg,0.012387752532958984
160,208,images/image_242.jpg,images/image_286.jpg,0.01238870620727539
233,413,images/image_308.jpg,images/image_470.jpg,0.012394249439239502
69,103,images/image_160.jpg,images/image_191.jpg,0.012394309043884277
170,502,images/image_251.jpg,images/image_550.jpg,0.012415647506713867
208,597,images/image_286.jpg,images/image_97.jpg,0.012431919574737549
36,80,images/image_130.jpg,images/image_170.jpg,0.012440860271453857
187,353,images/image_267.jpg,images/image_416.jpg,0.012451231479644775
321,437,images/image_388.jpg,images/image_492.jpg,0.012451887130737305
28,572,images/image_123.jpg,images/image_74.jpg,0.012506604194641113
132,496,images/image_217.jpg,images/image_545.jpg,0.012531459331512451
167,170,images/image_249.jpg,images/image_251.jpg,0.012575984001159668
290,437,images/image_36.jpg,images/image_492.jpg,0.012598097324371338
112,597,images/image_2.jpg,images/image_97.jpg,0.012618601322174072
185,345,images/image_265.jpg,images/image_409.jpg,0.012629568576812744
112,160,images/image_2.jpg,images/image_242.jpg,0.012670695781707764
47,490,images/image_140.jpg,images/image_54.jpg,0.012675881385803223
25,28,images/image_120.jpg,images/image_123.jpg,0.01269233226776123
514,573,images/image_561.jpg,images/image_75.jpg,0.0127030611038208
184,490,images/image_264.jpg,images/image_54.jpg,0.012708902359008789
28,236,images/image_123.jpg,images/image_310.jpg,0.012715935707092285
28,169,images/image_123.jpg,images/image_250.jpg,0.012734949588775635
184,437,images/image_264.jpg,images/image_492.jpg,0.012752294540405273
440,514,images/image_495.jpg,images/image_561.jpg,0.01278233528137207
167,490,images/image_249.jpg,images/image_54.jpg,0.012808144092559814
185,429,images/image_265.jpg,images/image_485.jpg,0.012813746929168701
305,308,images/image_373.jpg,images/image_376.jpg,0.012816429138183594
208,483,images/image_286.jpg,images/image_533.jpg,0.012820661067962646
7,203,images/image_104.jpg,images/image_281.jpg,0.012862205505371094
167,374,images/image_249.jpg,images/image_435.jpg,0.012864828109741211
17,88,images/image_113.jpg,images/image_178.jpg,0.012885630130767822
72,80,images/image_163.jpg,images/image_170.jpg,0.012948572635650635
345,388,images/image_409.jpg,images/image_448.jpg,0.012955427169799805
57,103,images/image_15.jpg,images/image_191.jpg,0.012962639331817627
203,502,images/image_281.jpg,images/image_550.jpg,0.012975215911865234
353,414,images/image_416.jpg,images/image_471.jpg,0.013008832931518555
80,178,images/image_170.jpg,images/image_259.jpg,0.01303941011428833
151,345,images/image_234.jpg,images/image_409.jpg,0.013056159019470215
208,467,images/image_286.jpg,images/image_519.jpg,0.01307767629623413
203,374,images/image_281.jpg,images/image_435.jpg,0.013107240200042725
0,103,images/image_0.jpg,images/image_191.jpg,0.013115525245666504
112,483,images/image_2.jpg,images/image_533.jpg,0.013126254081726074
345,476,images/image_409.jpg,images/image_527.jpg,0.013136148452758789
388,429,images/image_448.jpg,images/image_485.jpg,0.013147056102752686
151,429,images/image_234.jpg,images/image_485.jpg,0.013158142566680908
371,514,images/image_432.jpg,images/image_561.jpg,0.01318579912185669
514,577,images/image_561.jpg,images/image_79.jpg,0.01318579912185669
187,345,images/image_267.jpg,images/image_409.jpg,0.013202905654907227
167,437,images/image_249.jpg,images/image_492.jpg,0.013209939002990723
80,418,images/image_170.jpg,images/image_475.jpg,0.013228178024291992
47,389,images/image_140.jpg,images/image_449.jpg,0.013238072395324707
184,413,images/image_264.jpg,images/image_470.jpg,0.013254821300506592
112,467,images/image_2.jpg,images/image_519.jpg,0.013261377811431885
47,413,images/image_140.jpg,images/image_470.jpg,0.013274848461151123
88,315,images/image_178.jpg,images/image_382.jpg,0.013284087181091309
80,498,images/image_170.jpg,images/image_547.jpg,0.013288259506225586
320,531,images/image_387.jpg,images/image_577.jpg,0.01329648494720459
491,514,images/image_540.jpg,images/image_561.jpg,0.013299524784088135
389,579,images/image_449.jpg,images/image_80.jpg,0.013380646705627441
321,413,images/image_388.jpg,images/image_470.jpg,0.013385772705078125
429,476,images/image_485.jpg,images/image_527.jpg,0.013387680053710938
226,389,images/image_301.jpg,images/image_449.jpg,0.013398230075836182
407,460,images/image_465.jpg,images/image_512.jpg,0.01340949535369873
167,413,images/image_249.jpg,images/image_470.jpg,0.013429462909698486
226,374,images/image_301.jpg,images/image_435.jpg,0.013432919979095459
7,470,images/image_104.jpg,images/image_521.jpg,0.01346123218536377
187,429,images/image_267.jpg,images/image_485.jpg,0.013461589813232422
88,136,images/image_178.jpg,images/image_220.jpg,0.013467371463775635
7,408,images/image_104.jpg,images/image_466.jpg,0.013475179672241211
81,84,images/image_171.jpg,images/image_174.jpg,0.013539791107177734
332,460,images/image_398.jpg,images/image_512.jpg,0.013567984104156494
290,413,images/image_36.jpg,images/image_470.jpg,0.01358652114868164
470,502,images/image_521.jpg,images/image_550.jpg,0.013598203659057617
80,220,images/image_170.jpg,images/image_297.jpg,0.013623297214508057
306,460,images/image_374.jpg,images/image_512.jpg,0.013668656349182129
96,556,images/image_185.jpg,images/image_6.jpg,0.013701379299163818
374,470,images/image_435.jpg,images/image_521.jpg,0.013736903667449951
32,389,images/image_127.jpg,images/image_449.jpg,0.013741374015808105
374,408,images/image_435.jpg,images/image_466.jpg,0.013761281967163086
408,502,images/image_466.jpg,images/image_550.jpg,0.013772428035736084
437,579,images/image_492.jpg,images/image_80.jpg,0.013784468173980713
7,167,images/image_104.jpg,images/image_249.jpg,0.013833284378051758
226,490,images/image_301.jpg,images/image_54.jpg,0.013842165470123291
490,579,images/image_54.jpg,images/image_80.jpg,0.013842582702636719
226,437,images/image_301.jpg,images/image_492.jpg,0.013843715190887451
76,347,images/image_167.jpg,images/image_410.jpg,0.013971388339996338
184,374,images/image_264.jpg,images/image_435.jpg,0.013996005058288574
414,429,images/image_471.jpg,images/image_485.jpg,0.01404350996017456
32,374,images/image_127.jpg,images/image_435.jpg,0.014043927192687988
391,460,images/image_450.jpg,images/image_512.jpg,0.014052152633666992
236,496,images/image_310.jpg,images/image_545.jpg,0.014071464538574219
345,414,images/image_409.jpg,images/image_471.jpg,0.014075756072998047
76,79,images/image_167.jpg,images/image_17.jpg,0.014133870601654053
32,437,images/image_127.jpg,images/image_492.jpg,0.01416635513305664
347,362,images/image_410.jpg,images/image_424.jpg,0.014207959175109863
84,335,images/image_174.jpg,images/image_40.jpg,0.01421201229095459
32,490,images/image_127.jpg,images/image_54.jpg,0.014212429523468018
374,579,images/image_435.jpg,images/image_80.jpg,0.014262199401855469
496,572,images/image_545.jpg,images/image_74.jpg,0.014264225959777832
319,347,images/image_386.jpg,images/image_410.jpg,0.014275729656219482
222,556,images/image_299.jpg,images/image_6.jpg,0.014301061630249023
473,549,images/image_524.jpg,images/image_593.jpg,0.014319837093353271
413,579,images/image_470.jpg,images/image_80.jpg,0.014329075813293457
207,407,images/image_285.jpg,images/image_465.jpg,0.01433342695236206
208,297,images/image_286.jpg,images/image_366.jpg,0.014364123344421387
226,413,images/image_301.jpg,images/image_470.jpg,0.014379441738128662
368,556,images/image_43.jpg,images/image_6.jpg,0.014381229877471924
274,473,images/image_345.jpg,images/image_524.jpg,0.014388203620910645
79,362,images/image_17.jpg,images/image_424.jpg,0.014390766620635986
121,149,images/image_207.jpg,images/image_232.jpg,0.014391005039215088
79,319,images/image_17.jpg,images/image_386.jpg,0.014397621154785156
274,500,images/image_345.jpg,images/image_549.jpg,0.014421463012695312
296,320,images/image_365.jpg,images/image_387.jpg,0.01445227861404419
75,152,images/image_166.jpg,images/image_235.jpg,0.014477670192718506
347,567,images/image_410.jpg,images/image_7.jpg,0.014483749866485596
75,448,images/image_166.jpg,images/image_501.jpg,0.014525830745697021
321,389,images/image_388.jpg,images/image_449.jpg,0.01453089714050293
152,368,images/image_235.jpg,images/image_43.jpg,0.014537513256072998
207,332,images/image_285.jpg,images/image_398.jpg,0.014546990394592285
169,496,images/image_250.jpg,images/image_545.jpg,0.014548182487487793
368,448,images/image_43.jpg,images/image_501.jpg,0.01456308364868164
25,496,images/image_120.jpg,images/image_545.jpg,0.01457071304321289
207,306,images/image_285.jpg,images/image_374.jpg,0.01459282636642456
272,556,images/image_343.jpg,images/image_6.jpg,0.014604926109313965
500,549,images/image_549.jpg,images/image_593.jpg,0.014616727828979492
112,297,images/image_2.jpg,images/image_366.jpg,0.014618396759033203
114,152,images/image_200.jpg,images/image_235.jpg,0.01466834545135498
114,448,images/image_200.jpg,images/image_501.jpg,0.01470029354095459
32,413,images/image_127.jpg,images/image_470.jpg,0.014701247215270996
79,567,images/image_17.jpg,images/image_7.jpg,0.014701485633850098
290,389,images/image_36.jpg,images/image_449.jpg,0.014734268188476562
30,88,images/image_125.jpg,images/image_178.jpg,0.014744102954864502
199,437,images/image_278.jpg,images/image_492.jpg,0.014745831489562988
58,347,images/image_150.jpg,images/image_410.jpg,0.014759480953216553
7,226,images/image_104.jpg,images/image_301.jpg,0.014809668064117432
121,302,images/image_207.jpg,images/image_370.jpg,0.014855146408081055
156,556,images/image_239.jpg,images/image_6.jpg,0.0148698091506958
347,593,images/image_410.jpg,images/image_93.jpg,0.01487576961517334
152,156,images/image_235.jpg,images/image_239.jpg,0.014876723289489746
227,556,images/image_302.jpg,images/image_6.jpg,0.014884412288665771
170,226,images/image_251.jpg,images/image_301.jpg,0.014898061752319336
152,434,images/image_235.jpg,images/image_49.jpg,0.01491093635559082
179,460,images/image_26.jpg,images/image_512.jpg,0.014917731285095215
309,458,images/image_377.jpg,images/image_510.jpg,0.01491779088973999
29,362,images/image_124.jpg,images/image_424.jpg,0.014920651912689209
167,502,images/image_249.jpg,images/image_550.jpg,0.014923095703125
156,448,images/image_239.jpg,images/image_501.jpg,0.014926552772521973
434,448,images/image_49.jpg,images/image_501.jpg,0.014945805072784424
152,500,images/image_235.jpg,images/image_549.jpg,0.014978766441345215
58,79,images/image_150.jpg,images/image_17.jpg,0.014985799789428711
317,337,images/image_384.jpg,images/image_401.jpg,0.015027821063995361
321,490,images/image_388.jpg,images/image_54.jpg,0.015027880668640137
195,460,images/image_274.jpg,images/image_512.jpg,0.015028834342956543
170,184,images/image_251.jpg,images/image_264.jpg,0.015037834644317627
458,497,images/image_510.jpg,images/image_546.jpg,0.015074551105499268
207,391,images/image_285.jpg,images/image_450.jpg,0.015080094337463379
149,353,images/image_232.jpg,images/image_416.jpg,0.015084028244018555
79,593,images/image_17.jpg,images/image_93.jpg,0.015091538429260254
347,409,images/image_410.jpg,images/image_467.jpg,0.015098869800567627
5,347,images/image_102.jpg,images/image_410.jpg,0.01510399580001831
167,408,images/image_249.jpg,images/image_466.jpg,0.01511538028717041
195,207,images/image_274.jpg,images/image_285.jpg,0.015135049819946289
96,159,images/image_185.jpg,images/image_241.jpg,0.015150368213653564
29,76,images/image_124.jpg,images/image_167.jpg,0.015153944492340088
152,473,images/image_235.jpg,images/image_524.jpg,0.015162229537963867
242,460,images/image_316.jpg,images/image_512.jpg,0.015168368816375732
171,460,images/image_252.jpg,images/image_512.jpg,0.015176653861999512
29,567,images/image_124.jpg,images/image_7.jpg,0.015212535858154297
32,170,images/image_127.jpg,images/image_251.jpg,0.015218496322631836
5,79,images/image_102.jpg,images/image_17.jpg,0.015245318412780762
22,146,images/image_118.jpg,images/image_23.jpg,0.01525050401687622
448,500,images/image_501.jpg,images/image_549.jpg,0.015260159969329834
75,556,images/image_166.jpg,images/image_6.jpg,0.015262901782989502
79,409,images/image_17.jpg,images/image_467.jpg,0.015263617038726807
290,490,images/image_36.jpg,images/image_54.jpg,0.015267550945281982
195,481,images/image_274.jpg,images/image_531.jpg,0.015280485153198242
179,207,images/image_26.jpg,images/image_285.jpg,0.01528388261795044
473,485,images/image_524.jpg,images/image_535.jpg,0.015302896499633789
124,594,images/image_21.jpg,images/image_94.jpg,0.015303492546081543
7,184,images/image_104.jpg,images/image_264.jpg,0.015335798263549805
124,541,images/image_21.jpg,images/image_586.jpg,0.01534724235534668
448,473,images/image_501.jpg,images/image_524.jpg,0.015369236469268799
114,556,images/image_200.jpg,images/image_6.jpg,0.015396714210510254
124,197,images/image_21.jpg,images/image_276.jpg,0.015428900718688965
7,32,images/image_104.jpg,images/image_127.jpg,0.015431642532348633
75,274,images/image_166.jpg,images/image_345.jpg,0.015439808368682861
29,58,images/image_124.jpg,images/image_150.jpg,0.015441358089447021
434,556,images/image_49.jpg,images/image_6.jpg,0.015466749668121338
170,579,images/image_251.jpg,images/image_80.jpg,0.01548546552658081
400,582,images/image_459.jpg,images/image_83.jpg,0.015486299991607666
139,400,images/image_223.jpg,images/image_459.jpg,0.015490293502807617
96,152,images/image_185.jpg,images/image_235.jpg,0.015495657920837402
207,242,images/image_285.jpg,images/image_316.jpg,0.01550203561782837
216,594,images/image_293.jpg,images/image_94.jpg,0.015510320663452148
81,538,images/image_171.jpg,images/image_583.jpg,0.015516102313995361
29,319,images/image_124.jpg,images/image_386.jpg,0.015517711639404297
29,593,images/image_124.jpg,images/image_93.jpg,0.015518367290496826
274,368,images/image_345.jpg,images/image_43.jpg,0.015520334243774414
96,448,images/image_185.jpg,images/image_501.jpg,0.015522241592407227
171,207,images/image_252.jpg,images/image_285.jpg,0.015530228614807129
152,272,images/image_235.jpg,images/image_343.jpg,0.015536069869995117
152,222,images/image_235.jpg,images/image_299.jpg,0.01553720235824585
216,541,images/image_293.jpg,images/image_586.jpg,0.01556408405303955
485,500,images/image_535.jpg,images/image_549.jpg,0.015568137168884277
226,502,images/image_301.jpg,images/image_550.jpg,0.015569984912872314
222,448,images/image_299.jpg,images/image_501.jpg,0.015571177005767822
197,216,images/image_276.jpg,images/image_293.jpg,0.015587985515594482
272,448,images/image_343.jpg,images/image_501.jpg,0.01559072732925415
73,124,images/image_164.jpg,images/image_21.jpg,0.015612483024597168
114,274,images/image_200.jpg,images/image_345.jpg,0.015628695487976074
7,579,images/image_104.jpg,images/image_80.jpg,0.015669524669647217
98,124,images/image_187.jpg,images/image_21.jpg,0.015684068202972412
302,353,images/image_370.jpg,images/image_416.jpg,0.015694797039031982
28,535,images/image_123.jpg,images/image_580.jpg,0.015710115432739258
73,216,images/image_164.jpg,images/image_293.jpg,0.015737593173980713
152,227,images/image_235.jpg,images/image_302.jpg,0.01574176549911499
76,165,images/image_167.jpg,images/image_247.jpg,0.015745937824249268
199,413,images/image_278.jpg,images/image_470.jpg,0.015762686729431152
159,222,images/image_241.jpg,images/image_299.jpg,0.015764832496643066
227,448,images/image_302.jpg,images/image_501.jpg,0.01577460765838623
29,409,images/image_124.jpg,images/image_467.jpg,0.015818655490875244
400,551,images/image_459.jpg,images/image_595.jpg,0.015828847885131836
124,400,images/image_21.jpg,images/image_459.jpg,0.015831410884857178
124,545,images/image_21.jpg,images/image_59.jpg,0.0158383846282959
156,274,images/image_239.jpg,images/image_345.jpg,0.015851497650146484
98,216,images/image_187.jpg,images/image_293.jpg,0.0158689022064209
274,434,images/image_345.jpg,images/image_49.jpg,0.01587235927581787
159,368,images/image_241.jpg,images/image_43.jpg,0.015903472900390625
323,424,images/image_39.jpg,images/image_480.jpg,0.015922069549560547
400,405,images/image_459.jpg,images/image_463.jpg,0.015929102897644043
139,568,images/image_223.jpg,images/image_70.jpg,0.015969276428222656
139,484,images/image_223.jpg,images/image_534.jpg,0.01596933603286743
28,93,images/image_123.jpg,images/image_182.jpg,0.01598989963531494
179,481,images/image_26.jpg,images/image_531.jpg,0.015999197959899902
216,545,images/image_293.jpg,images/image_59.jpg,0.01599961519241333
159,272,images/image_241.jpg,images/image_343.jpg,0.016021728515625
124,525,images/image_21.jpg,images/image_571.jpg,0.016034364700317383
368,375,images/image_43.jpg,images/image_436.jpg,0.016042053699493408
75,375,images/image_166.jpg,images/image_436.jpg,0.016042470932006836
75,485,images/image_166.jpg,images/image_535.jpg,0.016080379486083984
139,223,images/image_223.jpg,images/image_3.jpg,0.016116678714752197
368,485,images/image_43.jpg,images/image_535.jpg,0.016117870807647705
216,525,images/image_293.jpg,images/image_571.jpg,0.016149163246154785
114,375,images/image_200.jpg,images/image_436.jpg,0.016150951385498047
165,319,images/image_247.jpg,images/image_386.jpg,0.016160130500793457
79,311,images/image_17.jpg,images/image_379.jpg,0.01616644859313965
242,481,images/image_316.jpg,images/image_531.jpg,0.016168832778930664
139,246,images/image_223.jpg,images/image_32.jpg,0.0161704421043396
28,277,images/image_123.jpg,images/image_348.jpg,0.016170918941497803
32,502,images/image_127.jpg,images/image_550.jpg,0.016186058521270752
149,345,images/image_232.jpg,images/image_409.jpg,0.016196727752685547
165,362,images/image_247.jpg,images/image_424.jpg,0.016217052936553955
114,485,images/image_200.jpg,images/image_535.jpg,0.016229093074798584
149,429,images/image_232.jpg,images/image_485.jpg,0.01622980833053589
184,502,images/image_264.jpg,images/image_550.jpg,0.016238033771514893
171,481,images/image_252.jpg,images/image_531.jpg,0.016239047050476074
484,582,images/image_534.jpg,images/image_83.jpg,0.01628708839416504
568,582,images/image_70.jpg,images/image_83.jpg,0.01628720760345459
405,484,images/image_463.jpg,images/image_534.jpg,0.016312599182128906
405,568,images/image_463.jpg,images/image_70.jpg,0.016312718391418457
335,538,images/image_40.jpg,images/image_583.jpg,0.016313791275024414
216,400,images/image_293.jpg,images/image_459.jpg,0.0163193941116333
223,582,images/image_3.jpg,images/image_83.jpg,0.01632910966873169
156,159,images/image_239.jpg,images/image_241.jpg,0.01633840799331665
310,424,images/image_378.jpg,images/image_480.jpg,0.01634848117828369
484,551,images/image_534.jpg,images/image_595.jpg,0.01636636257171631
551,568,images/image_595.jpg,images/image_70.jpg,0.01636636257171631
460,501,images/image_512.jpg,images/image_55.jpg,0.016367793083190918
320,477,images/image_387.jpg,images/image_528.jpg,0.016370177268981934
317,386,images/image_384.jpg,images/image_446.jpg,0.0163954496383667
5,29,images/image_102.jpg,images/image_124.jpg,0.016396760940551758
159,227,images/image_241.jpg,images/image_302.jpg,0.01639711856842041
79,412,images/image_17.jpg,images/image_47.jpg,0.016403496265411377
375,434,images/image_436.jpg,images/image_49.jpg,0.016409695148468018
28,435,images/image_123.jpg,images/image_490.jpg,0.016450107097625732
502,579,images/image_550.jpg,images/image_80.jpg,0.01645904779434204
156,375,images/image_239.jpg,images/image_436.jpg,0.016465306282043457
434,485,images/image_49.jpg,images/image_535.jpg,0.01647663116455078
165,567,images/image_247.jpg,images/image_7.jpg,0.01648998260498047
156,485,images/image_239.jpg,images/image_535.jpg,0.01650214195251465
407,481,images/image_465.jpg,images/image_531.jpg,0.016505062580108643
167,203,images/image_249.jpg,images/image_281.jpg,0.01652073860168457
96,274,images/image_185.jpg,images/image_345.jpg,0.016536295413970947
375,473,images/image_436.jpg,images/image_524.jpg,0.016536295413970947
246,582,images/image_32.jpg,images/image_83.jpg,0.016538262367248535
272,274,images/image_343.jpg,images/image_345.jpg,0.016540884971618652
222,274,images/image_299.jpg,images/image_345.jpg,0.01655864715576172
399,424,images/image_458.jpg,images/image_480.jpg,0.016559600830078125
318,481,images/image_385.jpg,images/image_531.jpg,0.016560077667236328
252,320,images/image_325.jpg,images/image_387.jpg,0.016569077968597412
113,124,images/image_20.jpg,images/image_21.jpg,0.016595065593719482
124,223,images/image_21.jpg,images/image_3.jpg,0.01662003993988037
342,458,images/image_406.jpg,images/image_510.jpg,0.016622185707092285
146,315,images/image_23.jpg,images/image_382.jpg,0.016655683517456055
136,146,images/image_220.jpg,images/image_23.jpg,0.016665935516357422
75,549,images/image_166.jpg,images/image_593.jpg,0.016687631607055664
113,216,images/image_20.jpg,images/image_293.jpg,0.016696631908416748
167,470,images/image_249.jpg,images/image_521.jpg,0.016705632209777832
207,501,images/image_285.jpg,images/image_55.jpg,0.016706645488739014
84,343,images/image_174.jpg,images/image_407.jpg,0.016719460487365723
75,159,images/image_166.jpg,images/image_241.jpg,0.01674365997314453
227,274,images/image_302.jpg,images/image_345.jpg,0.01674717664718628
223,551,images/image_3.jpg,images/image_595.jpg,0.016753792762756348
264,320,images/image_336.jpg,images/image_387.jpg,0.016760170459747314
306,481,images/image_374.jpg,images/image_531.jpg,0.016765117645263672
223,405,images/image_3.jpg,images/image_463.jpg,0.016770899295806885
368,549,images/image_43.jpg,images/image_593.jpg,0.016775190830230713
81,196,images/image_171.jpg,images/image_275.jpg,0.016784608364105225
17,146,images/image_113.jpg,images/image_23.jpg,0.016792356967926025
332,481,images/image_398.jpg,images/image_531.jpg,0.016835272312164307
302,429,images/image_370.jpg,images/image_485.jpg,0.01683741807937622
28,116,images/image_123.jpg,images/image_202.jpg,0.016845226287841797
114,549,images/image_200.jpg,images/image_593.jpg,0.01687222719192505
375,500,images/image_436.jpg,images/image_549.jpg,0.016883015632629395
131,516,images/image_216.jpg,images/image_563.jpg,0.016884326934814453
311,347,images/image_379.jpg,images/image_410.jpg,0.0168992280960083
246,405,images/image_32.jpg,images/image_463.jpg,0.016905784606933594
58,165,images/image_150.jpg,images/image_247.jpg,0.016921818256378174
114,159,images/image_200.jpg,images/image_241.jpg,0.01694953441619873
302,345,images/image_370.jpg,images/image_409.jpg,0.01695483922958374
237,320,images/image_311.jpg,images/image_387.jpg,0.016975224018096924
246,551,images/image_32.jpg,images/image_595.jpg,0.016987383365631104
159,434,images/image_241.jpg,images/image_49.jpg,0.01701200008392334
199,389,images/image_278.jpg,images/image_449.jpg,0.017026901245117188
5,165,images/image_102.jpg,images/image_247.jpg,0.017028748989105225
96,375,images/image_185.jpg,images/image_436.jpg,0.01703190803527832
165,593,images/image_247.jpg,images/image_93.jpg,0.017079830169677734
222,375,images/image_299.jpg,images/image_436.jpg,0.017081081867218018
131,360,images/image_216.jpg,images/image_422.jpg,0.017086923122406006
29,311,images/image_124.jpg,images/image_379.jpg,0.017104506492614746
156,549,images/image_239.jpg,images/image_593.jpg,0.01712089776992798
434,549,images/image_49.jpg,images/image_593.jpg,0.017132580280303955
96,485,images/image_185.jpg,images/image_535.jpg,0.017137348651885986
165,409,images/image_247.jpg,images/image_467.jpg,0.01715022325515747
272,375,images/image_343.jpg,images/image_436.jpg,0.0171700119972229
222,485,images/image_299.jpg,images/image_535.jpg,0.017178058624267578
347,412,images/image_410.jpg,images/image_47.jpg,0.01717972755432129
216,223,images/image_293.jpg,images/image_3.jpg,0.017203092575073242
272,485,images/image_343.jpg,images/image_535.jpg,0.017210006713867188
30,146,images/image_125.jpg,images/image_23.jpg,0.017225205898284912
181,392,images/image_261.jpg,images/image_451.jpg,0.01723945140838623
29,412,images/image_124.jpg,images/image_47.jpg,0.017267942428588867
131,173,images/image_216.jpg,images/image_254.jpg,0.017272114753723145
227,375,images/image_302.jpg,images/image_436.jpg,0.017274677753448486
65,131,images/image_157.jpg,images/image_216.jpg,0.017279505729675293
131,507,images/image_216.jpg,images/image_555.jpg,0.017279505729675293
28,100,images/image_123.jpg,images/image_189.jpg,0.017287075519561768
81,194,images/image_171.jpg,images/image_273.jpg,0.017320334911346436
177,392,images/image_258.jpg,images/image_451.jpg,0.01733344793319702
131,394,images/image_216.jpg,images/image_453.jpg,0.017339646816253662
309,592,images/image_377.jpg,images/image_92.jpg,0.01734483242034912
227,485,images/image_302.jpg,images/image_535.jpg,0.017359018325805664
481,501,images/image_531.jpg,images/image_55.jpg,0.017366349697113037
76,349,images/image_167.jpg,images/image_412.jpg,0.017430543899536133
391,481,images/image_450.jpg,images/image_531.jpg,0.017471373081207275
145,596,images/image_229.jpg,images/image_96.jpg,0.017475008964538574
226,408,images/image_301.jpg,images/image_466.jpg,0.017478466033935547
199,490,images/image_278.jpg,images/image_54.jpg,0.017544329166412354
497,592,images/image_546.jpg,images/image_92.jpg,0.017558395862579346
163,560,images/image_245.jpg,images/image_63.jpg,0.01761186122894287
196,335,images/image_275.jpg,images/image_40.jpg,0.01762312650680542
124,246,images/image_21.jpg,images/image_32.jpg,0.01765531301498413
184,408,images/image_264.jpg,images/image_466.jpg,0.01769840717315674
93,496,images/image_182.jpg,images/image_545.jpg,0.017771780490875244
28,466,images/image_123.jpg,images/image_518.jpg,0.017799198627471924
311,481,images/image_379.jpg,images/image_531.jpg,0.01780170202255249
32,408,images/image_127.jpg,images/image_466.jpg,0.017802894115447998
82,427,images/image_172.jpg,images/image_483.jpg,0.017809629440307617
31,265,images/image_126.jpg,images/image_337.jpg,0.017826199531555176
96,549,images/image_185.jpg,images/image_593.jpg,0.017835140228271484
496,535,images/image_545.jpg,images/image_580.jpg,0.017837107181549072
272,549,images/image_343.jpg,images/image_593.jpg,0.017837822437286377
222,549,images/image_299.jpg,images/image_593.jpg,0.017853140830993652
81,239,images/image_171.jpg,images/image_313.jpg,0.01790475845336914
319,349,images/image_386.jpg,images/image_412.jpg,0.01792985200881958
28,436,images/image_123.jpg,images/image_491.jpg,0.01801091432571411
227,549,images/image_302.jpg,images/image_593.jpg,0.018043816089630127
31,412,images/image_126.jpg,images/image_47.jpg,0.018046557903289795
265,280,images/image_337.jpg,images/image_350.jpg,0.01810920238494873
408,579,images/image_466.jpg,images/image_80.jpg,0.01811802387237549
194,335,images/image_273.jpg,images/image_40.jpg,0.01814514398574829
241,260,images/image_315.jpg,images/image_332.jpg,0.018179893493652344
265,481,images/image_337.jpg,images/image_531.jpg,0.01820242404937744
216,246,images/image_293.jpg,images/image_32.jpg,0.018254637718200684
58,319,images/image_150.jpg,images/image_386.jpg,0.01827770471572876
280,412,images/image_350.jpg,images/image_47.jpg,0.018285691738128662
58,76,images/image_150.jpg,images/image_167.jpg,0.018307209014892578
367,427,images/image_429.jpg,images/image_483.jpg,0.01836109161376953
343,538,images/image_407.jpg,images/image_583.jpg,0.0183713436126709
42,392,images/image_136.jpg,images/image_451.jpg,0.0183754563331604
79,318,images/image_17.jpg,images/image_385.jpg,0.01838219165802002
260,359,images/image_332.jpg,images/image_421.jpg,0.01845848560333252
203,226,images/image_281.jpg,images/image_301.jpg,0.018543899059295654
79,265,images/image_17.jpg,images/image_337.jpg,0.018572986125946045
103,560,images/image_191.jpg,images/image_63.jpg,0.018578529357910156
5,58,images/image_102.jpg,images/image_150.jpg,0.018578827381134033
124,559,images/image_21.jpg,images/image_62.jpg,0.0185815691947937
559,582,images/image_62.jpg,images/image_83.jpg,0.018604576587677002
139,559,images/image_223.jpg,images/image_62.jpg,0.018611252307891846
218,320,images/image_295.jpg,images/image_387.jpg,0.018665432929992676
277,496,images/image_348.jpg,images/image_545.jpg,0.018716037273406982
435,496,images/image_490.jpg,images/image_545.jpg,0.018730580806732178
261,419,images/image_333.jpg,images/image_476.jpg,0.018746018409729004
239,335,images/image_313.jpg,images/image_40.jpg,0.01877659559249878
207,318,images/image_285.jpg,images/image_385.jpg,0.018782436847686768
124,530,images/image_21.jpg,images/image_576.jpg,0.018786907196044922
530,582,images/image_576.jpg,images/image_83.jpg,0.018803954124450684
319,567,images/image_386.jpg,images/image_7.jpg,0.018814682960510254
118,145,images/image_204.jpg,images/image_229.jpg,0.01881510019302368
139,530,images/image_223.jpg,images/image_576.jpg,0.018822431564331055
5,349,images/image_102.jpg,images/image_412.jpg,0.018834710121154785
76,567,images/image_167.jpg,images/image_7.jpg,0.01883488893508911
226,470,images/image_301.jpg,images/image_521.jpg,0.018868684768676758
184,203,images/image_264.jpg,images/image_281.jpg,0.018874824047088623
175,260,images/image_256.jpg,images/image_332.jpg,0.01887810230255127
145,301,images/image_229.jpg,images/image_37.jpg,0.018887221813201904
265,504,images/image_337.jpg,images/image_552.jpg,0.01891040802001953
32,203,images/image_127.jpg,images/image_281.jpg,0.018954575061798096
551,559,images/image_595.jpg,images/image_62.jpg,0.01897609233856201
536,560,images/image_581.jpg,images/image_63.jpg,0.01901799440383911
216,559,images/image_293.jpg,images/image_62.jpg,0.0190199613571167
126,168,images/image_211.jpg,images/image_25.jpg,0.019020915031433105
349,362,images/image_412.jpg,images/image_424.jpg,0.01904088258743286
31,318,images/image_126.jpg,images/image_385.jpg,0.01906895637512207
116,496,images/image_202.jpg,images/image_545.jpg,0.019078850746154785
405,559,images/image_463.jpg,images/image_62.jpg,0.019126594066619873
5,567,images/image_102.jpg,images/image_7.jpg,0.019137859344482422
530,551,images/image_576.jpg,images/image_595.jpg,0.01916426420211792
318,347,images/image_385.jpg,images/image_410.jpg,0.019169092178344727
319,593,images/image_386.jpg,images/image_93.jpg,0.019173502922058105
31,311,images/image_126.jpg,images/image_379.jpg,0.01917976140975952
412,504,images/image_47.jpg,images/image_552.jpg,0.01919156312942505
184,470,images/image_264.jpg,images/image_521.jpg,0.019192397594451904
516,598,images/image_563.jpg,images/image_98.jpg,0.01920139789581299
76,593,images/image_167.jpg,images/image_93.jpg,0.019211888313293457
319,362,images/image_386.jpg,images/image_424.jpg,0.0192449688911438
32,470,images/image_127.jpg,images/image_521.jpg,0.019245386123657227
203,579,images/image_281.jpg,images/image_80.jpg,0.019274115562438965
76,362,images/image_167.jpg,images/image_424.jpg,0.01928001642227173
405,530,images/image_463.jpg,images/image_576.jpg,0.019290924072265625
280,318,images/image_350.jpg,images/image_385.jpg,0.019295334815979004
349,567,images/image_412.jpg,images/image_7.jpg,0.019304513931274414
280,311,images/image_350.jpg,images/image_379.jpg,0.019329309463500977
241,539,images/image_315.jpg,images/image_584.jpg,0.01933872699737549
216,530,images/image_293.jpg,images/image_576.jpg,0.019366919994354248
360,598,images/image_422.jpg,images/image_98.jpg,0.01939225196838379
29,318,images/image_124.jpg,images/image_385.jpg,0.019396543502807617
265,347,images/image_337.jpg,images/image_410.jpg,0.019414424896240234
145,211,images/image_229.jpg,images/image_289.jpg,0.019447505474090576
55,126,images/image_148.jpg,images/image_211.jpg,0.019463777542114258
126,215,images/image_211.jpg,images/image_292.jpg,0.019482076168060303
342,592,images/image_406.jpg,images/image_92.jpg,0.019483327865600586
5,593,images/image_102.jpg,images/image_93.jpg,0.019503474235534668
65,598,images/image_157.jpg,images/image_98.jpg,0.019521772861480713
354,419,images/image_417.jpg,images/image_476.jpg,0.019521772861480713
507,598,images/image_555.jpg,images/image_98.jpg,0.019521772861480713
261,537,images/image_333.jpg,images/image_582.jpg,0.019522547721862793
29,265,images/image_124.jpg,images/image_337.jpg,0.019545257091522217
470,579,images/image_521.jpg,images/image_80.jpg,0.019574403762817383
5,362,images/image_102.jpg,images/image_424.jpg,0.019600987434387207
82,358,images/image_172.jpg,images/image_420.jpg,0.01960533857345581
173,598,images/image_254.jpg,images/image_98.jpg,0.019608616828918457
328,402,images/image_394.jpg,images/image_460.jpg,0.01961064338684082
359,539,images/image_421.jpg,images/image_584.jpg,0.01965939998626709
466,496,images/image_518.jpg,images/image_545.jpg,0.01966392993927002
82,193,images/image_172.jpg,images/image_272.jpg,0.019672036170959473
394,598,images/image_453.jpg,images/image_98.jpg,0.019680559635162354
419,506,images/image_476.jpg,images/image_554.jpg,0.019684791564941406
131,213,images/image_216.jpg,images/image_290.jpg,0.019691944122314453
195,493,images/image_274.jpg,images/image_542.jpg,0.01977825164794922
52,546,images/image_145.jpg,images/image_590.jpg,0.019783318042755127
84,566,images/image_174.jpg,images/image_69.jpg,0.019826829433441162
412,481,images/image_47.jpg,images/image_531.jpg,0.019833922386169434
100,496,images/image_189.jpg,images/image_545.jpg,0.01985245943069458
163,489,images/image_245.jpg,images/image_539.jpg,0.019869089126586914
65,308,images/image_157.jpg,images/image_376.jpg,0.0198824405670166
308,507,images/image_376.jpg,images/image_555.jpg,0.0198824405670166
58,349,images/image_150.jpg,images/image_412.jpg,0.019884109497070312
207,311,images/image_285.jpg,images/image_379.jpg,0.01989847421646118
318,460,images/image_385.jpg,images/image_512.jpg,0.019916057586669922
175,539,images/image_256.jpg,images/image_584.jpg,0.019970417022705078
173,308,images/image_254.jpg,images/image_376.jpg,0.019977331161499023
308,360,images/image_376.jpg,images/image_422.jpg,0.019997894763946533
308,516,images/image_376.jpg,images/image_563.jpg,0.020032882690429688
196,343,images/image_275.jpg,images/image_407.jpg,0.02003943920135498
309,370,images/image_377.jpg,images/image_431.jpg,0.020059287548065186
349,409,images/image_412.jpg,images/image_467.jpg,0.02006429433822632
165,311,images/image_247.jpg,images/image_379.jpg,0.020065903663635254
165,412,images/image_247.jpg,images/image_47.jpg,0.02006697654724121
349,593,images/image_412.jpg,images/image_93.jpg,0.020075500011444092
419,570,images/image_476.jpg,images/image_72.jpg,0.02007603645324707
541,582,images/image_586.jpg,images/image_83.jpg,0.020081281661987305
402,490,images/image_460.jpg,images/image_54.jpg,0.02008676528930664
308,394,images/image_376.jpg,images/image_453.jpg,0.0200921893119812
61,560,images/image_153.jpg,images/image_63.jpg,0.02009439468383789
38,342,images/image_132.jpg,images/image_406.jpg,0.020152151584625244
402,558,images/image_460.jpg,images/image_61.jpg,0.0201759934425354
35,264,images/image_13.jpg,images/image_336.jpg,0.020231187343597412
370,497,images/image_431.jpg,images/image_546.jpg,0.020231187343597412
124,484,images/image_21.jpg,images/image_534.jpg,0.020234107971191406
124,568,images/image_21.jpg,images/image_70.jpg,0.020234346389770508
358,367,images/image_420.jpg,images/image_429.jpg,0.020268678665161133
35,218,images/image_13.jpg,images/image_295.jpg,0.02028757333755493
193,367,images/image_272.jpg,images/image_429.jpg,0.020292043685913086
506,537,images/image_554.jpg,images/image_582.jpg,0.020345449447631836
319,409,images/image_386.jpg,images/image_467.jpg,0.02035313844680786
318,504,images/image_385.jpg,images/image_552.jpg,0.02035754919052124
354,537,images/image_417.jpg,images/image_582.jpg,0.02037334442138672
76,409,images/image_167.jpg,images/image_467.jpg,0.020403742790222168
541,551,images/image_586.jpg,images/image_595.jpg,0.020489990711212158
582,594,images/image_83.jpg,images/image_94.jpg,0.020506441593170166
436,496,images/image_491.jpg,images/image_545.jpg,0.020558834075927734
311,504,images/image_379.jpg,images/image_552.jpg,0.020571351051330566
402,543,images/image_460.jpg,images/image_588.jpg,0.02060490846633911
5,409,images/image_102.jpg,images/image_467.jpg,0.02070927619934082
52,232,images/image_145.jpg,images/image_307.jpg,0.020728766918182373
207,265,images/image_285.jpg,images/image_337.jpg,0.020763933658599854
537,570,images/image_582.jpg,images/image_72.jpg,0.020793557167053223
73,582,images/image_164.jpg,images/image_83.jpg,0.020805835723876953
216,484,images/image_293.jpg,images/image_534.jpg,0.020815789699554443
216,568,images/image_293.jpg,images/image_70.jpg,0.02081596851348877
389,402,images/image_449.jpg,images/image_460.jpg,0.020836710929870605
197,582,images/image_276.jpg,images/image_83.jpg,0.020842313766479492
182,548,images/image_262.jpg,images/image_592.jpg,0.020846545696258545
239,343,images/image_313.jpg,images/image_407.jpg,0.020869731903076172
150,548,images/image_233.jpg,images/image_592.jpg,0.020916223526000977
12,548,images/image_109.jpg,images/image_592.jpg,0.02092456817626953
194,343,images/image_273.jpg,images/image_407.jpg,0.020935893058776855
311,460,images/image_379.jpg,images/image_512.jpg,0.020982682704925537
391,508,images/image_450.jpg,images/image_556.jpg,0.020993471145629883
545,582,images/image_59.jpg,images/image_83.jpg,0.021005570888519287
405,541,images/image_463.jpg,images/image_586.jpg,0.021016716957092285
182,393,images/image_262.jpg,images/image_452.jpg,0.021023333072662354
103,489,images/image_191.jpg,images/image_539.jpg,0.021042168140411377
551,594,images/image_595.jpg,images/image_94.jpg,0.021075010299682617
150,393,images/image_233.jpg,images/image_452.jpg,0.021086454391479492
90,168,images/image_18.jpg,images/image_25.jpg,0.02109473943710327
12,393,images/image_109.jpg,images/image_452.jpg,0.021094977855682373
53,516,images/image_146.jpg,images/image_563.jpg,0.02109616994857788
182,447,images/image_262.jpg,images/image_500.jpg,0.021099627017974854
150,447,images/image_233.jpg,images/image_500.jpg,0.0211641788482666
12,447,images/image_109.jpg,images/image_500.jpg,0.021164357662200928
38,497,images/image_132.jpg,images/image_546.jpg,0.02118229866027832
38,163,images/image_132.jpg,images/image_245.jpg,0.021184206008911133
233,321,images/image_308.jpg,images/image_388.jpg,0.02125096321105957
98,582,images/image_187.jpg,images/image_83.jpg,0.021256566047668457
181,554,images/image_261.jpg,images/image_598.jpg,0.021261870861053467
197,551,images/image_276.jpg,images/image_595.jpg,0.021269261837005615
181,423,images/image_261.jpg,images/image_48.jpg,0.021269679069519043
73,551,images/image_164.jpg,images/image_595.jpg,0.021321117877960205
53,360,images/image_146.jpg,images/image_422.jpg,0.0213470458984375
177,554,images/image_258.jpg,images/image_598.jpg,0.021362125873565674
313,317,images/image_380.jpg,images/image_384.jpg,0.021371841430664062
177,423,images/image_258.jpg,images/image_48.jpg,0.02140331268310547
78,546,images/image_169.jpg,images/image_590.jpg,0.021410703659057617
489,536,images/image_539.jpg,images/image_581.jpg,0.021417558193206787
525,582,images/image_571.jpg,images/image_83.jpg,0.021420776844024658
47,321,images/image_140.jpg,images/image_388.jpg,0.0214231014251709
402,413,images/image_460.jpg,images/image_470.jpg,0.021424710750579834
264,550,images/image_336.jpg,images/image_594.jpg,0.02143460512161255
218,550,images/image_295.jpg,images/image_594.jpg,0.021435320377349854
493,501,images/image_542.jpg,images/image_55.jpg,0.021487712860107422
545,551,images/image_59.jpg,images/image_595.jpg,0.02148890495300293
3,252,images/image_100.jpg,images/image_325.jpg,0.021512627601623535
91,402,images/image_180.jpg,images/image_460.jpg,0.021521449089050293
405,594,images/image_463.jpg,images/image_94.jpg,0.021524786949157715
340,417,images/image_404.jpg,images/image_474.jpg,0.02154099941253662
342,489,images/image_406.jpg,images/image_539.jpg,0.02155858278274536
350,507,images/image_413.jpg,images/image_555.jpg,0.021565258502960205
65,350,images/image_157.jpg,images/image_413.jpg,0.02156543731689453
246,258,images/image_32.jpg,images/image_330.jpg,0.021572113037109375
55,90,images/image_148.jpg,images/image_18.jpg,0.02158254384994507
53,173,images/image_146.jpg,images/image_254.jpg,0.021586358547210693
53,65,images/image_146.jpg,images/image_157.jpg,0.0215875506401062
53,507,images/image_146.jpg,images/image_555.jpg,0.021587610244750977
53,394,images/image_146.jpg,images/image_453.jpg,0.02163875102996826
321,461,images/image_388.jpg,images/image_513.jpg,0.02166348695755005
98,551,images/image_187.jpg,images/image_595.jpg,0.021673202514648438
3,237,images/image_100.jpg,images/image_311.jpg,0.021674633026123047
113,582,images/image_20.jpg,images/image_83.jpg,0.02171337604522705
350,360,images/image_413.jpg,images/image_422.jpg,0.02172267436981201
350,516,images/image_413.jpg,images/image_563.jpg,0.02172982692718506
173,350,images/image_254.jpg,images/image_413.jpg,0.021732091903686523
525,551,images/image_571.jpg,images/image_595.jpg,0.021825432777404785
73,405,images/image_164.jpg,images/image_463.jpg,0.02182769775390625
233,290,images/image_308.jpg,images/image_36.jpg,0.021840929985046387
350,394,images/image_413.jpg,images/image_453.jpg,0.02185732126235962
170,389,images/image_251.jpg,images/image_449.jpg,0.02185976505279541
197,405,images/image_276.jpg,images/image_463.jpg,0.021864235401153564
501,529,images/image_55.jpg,images/image_575.jpg,0.021875739097595215
42,423,images/image_136.jpg,images/image_48.jpg,0.02188640832901001
245,252,images/image_319.jpg,images/image_325.jpg,0.02191305160522461
38,309,images/image_132.jpg,images/image_377.jpg,0.021938681602478027
199,401,images/image_278.jpg,images/image_46.jpg,0.0219917893409729
166,417,images/image_248.jpg,images/image_474.jpg,0.021996140480041504
47,290,images/image_140.jpg,images/image_36.jpg,0.022001266479492188
405,545,images/image_463.jpg,images/image_59.jpg,0.02200937271118164
237,245,images/image_311.jpg,images/image_319.jpg,0.022016048431396484
90,215,images/image_18.jpg,images/image_292.jpg,0.022036254405975342
78,232,images/image_169.jpg,images/image_307.jpg,0.02206134796142578
265,460,images/image_337.jpg,images/image_512.jpg,0.022066593170166016
26,297,images/image_121.jpg,images/image_366.jpg,0.02208000421524048
478,507,images/image_529.jpg,images/image_555.jpg,0.022087931632995605
65,478,images/image_157.jpg,images/image_529.jpg,0.022088050842285156
113,551,images/image_20.jpg,images/image_595.jpg,0.0221097469329834
538,566,images/image_583.jpg,images/image_69.jpg,0.022120773792266846
332,508,images/image_398.jpg,images/image_556.jpg,0.022166550159454346
342,370,images/image_406.jpg,images/image_431.jpg,0.02217048406600952
321,401,images/image_388.jpg,images/image_46.jpg,0.022195816040039062
478,516,images/image_529.jpg,images/image_563.jpg,0.022208333015441895
173,478,images/image_254.jpg,images/image_529.jpg,0.02221524715423584
42,554,images/image_136.jpg,images/image_598.jpg,0.02221822738647461
360,478,images/image_422.jpg,images/image_529.jpg,0.022224724292755127
181,248,images/image_261.jpg,images/image_321.jpg,0.022224903106689453
213,598,images/image_290.jpg,images/image_98.jpg,0.022233009338378906
290,461,images/image_36.jpg,images/image_513.jpg,0.022239267826080322
98,405,images/image_187.jpg,images/image_463.jpg,0.022282779216766357
177,248,images/image_258.jpg,images/image_321.jpg,0.022331595420837402
394,478,images/image_453.jpg,images/image_529.jpg,0.022348642349243164
213,308,images/image_290.jpg,images/image_376.jpg,0.02236485481262207
321,452,images/image_388.jpg,images/image_505.jpg,0.022371351718902588
391,442,images/image_450.jpg,images/image_497.jpg,0.022384226322174072
170,490,images/image_251.jpg,images/image_54.jpg,0.0224035382270813
38,103,images/image_132.jpg,images/image_191.jpg,0.022418975830078125
10,541,images/image_107.jpg,images/image_586.jpg,0.02242976427078247
207,412,images/image_285.jpg,images/image_47.jpg,0.02243030071258545
405,525,images/image_463.jpg,images/image_571.jpg,0.02243882417678833
197,400,images/image_276.jpg,images/image_459.jpg,0.022447288036346436
383,438,images/image_443.jpg,images/image_493.jpg,0.022454798221588135
139,541,images/image_223.jpg,images/image_586.jpg,0.022460997104644775
179,529,images/image_26.jpg,images/image_575.jpg,0.022461354732513428
165,265,images/image_247.jpg,images/image_337.jpg,0.022475600242614746
199,452,images/image_278.jpg,images/image_505.jpg,0.022507905960083008
165,318,images/image_247.jpg,images/image_385.jpg,0.022509753704071045
95,237,images/image_184.jpg,images/image_311.jpg,0.022541284561157227
311,593,images/image_379.jpg,images/image_93.jpg,0.02257692813873291
171,493,images/image_252.jpg,images/image_542.jpg,0.022597849369049072
311,362,images/image_379.jpg,images/image_424.jpg,0.022611260414123535
242,493,images/image_316.jpg,images/image_542.jpg,0.022631943225860596
24,317,images/image_12.jpg,images/image_384.jpg,0.022648096084594727
199,233,images/image_278.jpg,images/image_308.jpg,0.022650301456451416
141,237,images/image_225.jpg,images/image_311.jpg,0.0226554274559021
61,489,images/image_153.jpg,images/image_539.jpg,0.022658228874206543
65,542,images/image_157.jpg,images/image_587.jpg,0.02266085147857666
507,542,images/image_555.jpg,images/image_587.jpg,0.02266085147857666
489,497,images/image_539.jpg,images/image_546.jpg,0.022665321826934814
213,228,images/image_290.jpg,images/image_303.jpg,0.022668659687042236
171,529,images/image_252.jpg,images/image_575.jpg,0.022674858570098877
317,457,images/image_384.jpg,images/image_51.jpg,0.022679269313812256
95,252,images/image_184.jpg,images/image_325.jpg,0.022696495056152344
113,405,images/image_20.jpg,images/image_463.jpg,0.02270287275314331
192,317,images/image_271.jpg,images/image_384.jpg,0.022703111171722412
47,199,images/image_140.jpg,images/image_278.jpg,0.02271515130996704
170,413,images/image_251.jpg,images/image_470.jpg,0.022725343704223633
317,563,images/image_384.jpg,images/image_66.jpg,0.022745490074157715
65,228,images/image_157.jpg,images/image_303.jpg,0.022751212120056152
228,507,images/image_303.jpg,images/image_555.jpg,0.02275151014328003
38,536,images/image_132.jpg,images/image_581.jpg,0.022803843021392822
139,594,images/image_223.jpg,images/image_94.jpg,0.02283191680908203
242,529,images/image_316.jpg,images/image_575.jpg,0.022845566272735596
349,412,images/image_412.jpg,images/image_47.jpg,0.0228804349899292
26,467,images/image_121.jpg,images/image_519.jpg,0.022883296012878418
141,252,images/image_225.jpg,images/image_325.jpg,0.022883296012878418
65,137,images/image_157.jpg,images/image_221.jpg,0.022926390171051025
137,507,images/image_221.jpg,images/image_555.jpg,0.0229264497756958
402,437,images/image_460.jpg,images/image_492.jpg,0.022926807403564453
290,401,images/image_36.jpg,images/image_46.jpg,0.022926926612854004
173,542,images/image_254.jpg,images/image_587.jpg,0.022941231727600098
383,430,images/image_443.jpg,images/image_486.jpg,0.022965312004089355
400,541,images/image_459.jpg,images/image_586.jpg,0.02296978235244751
290,452,images/image_36.jpg,images/image_505.jpg,0.022973477840423584
344,549,images/image_408.jpg,images/image_593.jpg,0.02297830581665039
306,508,images/image_374.jpg,images/image_556.jpg,0.022979915142059326
137,360,images/image_221.jpg,images/image_422.jpg,0.023003458976745605
137,516,images/image_221.jpg,images/image_563.jpg,0.023010075092315674
173,228,images/image_254.jpg,images/image_303.jpg,0.02303767204284668
137,173,images/image_221.jpg,images/image_254.jpg,0.023058772087097168
274,344,images/image_345.jpg,images/image_408.jpg,0.02305924892425537
213,542,images/image_290.jpg,images/image_587.jpg,0.023078560829162598
10,113,images/image_107.jpg,images/image_20.jpg,0.02308940887451172
407,508,images/image_465.jpg,images/image_556.jpg,0.023092269897460938
311,409,images/image_379.jpg,images/image_467.jpg,0.02310335636138916
58,311,images/image_150.jpg,images/image_379.jpg,0.02313143014907837
179,493,images/image_26.jpg,images/image_542.jpg,0.02314436435699463
137,394,images/image_221.jpg,images/image_453.jpg,0.023154377937316895
311,349,images/image_379.jpg,images/image_412.jpg,0.023180603981018066
98,400,images/image_187.jpg,images/image_459.jpg,0.02318394184112549
199,461,images/image_278.jpg,images/image_513.jpg,0.023184120655059814
73,139,images/image_164.jpg,images/image_223.jpg,0.023207008838653564
321,338,images/image_388.jpg,images/image_402.jpg,0.023215115070343018
42,248,images/image_136.jpg,images/image_321.jpg,0.023219764232635498
400,525,images/image_459.jpg,images/image_571.jpg,0.023223459720611572
549,571,images/image_593.jpg,images/image_73.jpg,0.0232316255569458
298,549,images/image_367.jpg,images/image_593.jpg,0.023231804370880127
295,549,images/image_364.jpg,images/image_593.jpg,0.02323603630065918
223,258,images/image_3.jpg,images/image_330.jpg,0.023262202739715576
8,546,images/image_105.jpg,images/image_590.jpg,0.023276090621948242
35,477,images/image_13.jpg,images/image_528.jpg,0.023304462432861328
516,542,images/image_563.jpg,images/image_587.jpg,0.023320019245147705
394,542,images/image_453.jpg,images/image_587.jpg,0.023340821266174316
360,542,images/image_422.jpg,images/image_587.jpg,0.023345649242401123
139,197,images/image_223.jpg,images/image_276.jpg,0.02334892749786377
274,571,images/image_345.jpg,images/image_73.jpg,0.023359477519989014
274,298,images/image_345.jpg,images/image_367.jpg,0.023359477519989014
57,560,images/image_15.jpg,images/image_63.jpg,0.023374319076538086
111,574,images/image_199.jpg,images/image_76.jpg,0.02337503433227539
111,255,images/image_199.jpg,images/image_328.jpg,0.023390591144561768
73,400,images/image_164.jpg,images/image_459.jpg,0.023402035236358643
139,545,images/image_223.jpg,images/image_59.jpg,0.0234067440032959
274,295,images/image_345.jpg,images/image_364.jpg,0.023410320281982422
26,597,images/image_121.jpg,images/image_97.jpg,0.02341461181640625
513,549,images/image_560.jpg,images/image_593.jpg,0.023419320583343506
400,545,images/image_459.jpg,images/image_59.jpg,0.023433923721313477
199,338,images/image_278.jpg,images/image_402.jpg,0.02343851327896118
228,394,images/image_303.jpg,images/image_453.jpg,0.02344048023223877
309,489,images/image_377.jpg,images/image_539.jpg,0.02346271276473999
233,558,images/image_308.jpg,images/image_61.jpg,0.023483753204345703
228,360,images/image_303.jpg,images/image_422.jpg,0.02349376678466797
26,160,images/image_121.jpg,images/image_242.jpg,0.02349764108657837
311,567,images/image_379.jpg,images/image_7.jpg,0.023507535457611084
195,529,images/image_274.jpg,images/image_575.jpg,0.02351778745651245
228,516,images/image_303.jpg,images/image_563.jpg,0.02352231740951538
274,513,images/image_345.jpg,images/image_560.jpg,0.023525118827819824
260,514,images/image_332.jpg,images/image_561.jpg,0.0235251784324646
289,290,images/image_359.jpg,images/image_36.jpg,0.023549795150756836
400,594,images/image_459.jpg,images/image_94.jpg,0.023550033569335938
289,321,images/image_359.jpg,images/image_388.jpg,0.02357381582260132
26,483,images/image_121.jpg,images/image_533.jpg,0.023581326007843018
332,442,images/image_398.jpg,images/image_497.jpg,0.023621439933776855
111,453,images/image_199.jpg,images/image_506.jpg,0.023653864860534668
170,437,images/image_251.jpg,images/image_492.jpg,0.023713767528533936
461,558,images/image_513.jpg,images/image_61.jpg,0.023743927478790283
10,545,images/image_107.jpg,images/image_59.jpg,0.02374589443206787
412,460,images/image_47.jpg,images/image_512.jpg,0.02374821901321411
326,439,images/image_392.jpg,images/image_494.jpg,0.023753106594085693
479,533,images/image_53.jpg,images/image_579.jpg,0.023753464221954346
98,139,images/image_187.jpg,images/image_223.jpg,0.023771047592163086
290,492,images/image_36.jpg,images/image_541.jpg,0.02387535572052002
204,224,images/image_282.jpg,images/image_30.jpg,0.023877978324890137
196,566,images/image_275.jpg,images/image_69.jpg,0.02388221025466919
49,297,images/image_142.jpg,images/image_366.jpg,0.023884117603302002
337,563,images/image_401.jpg,images/image_66.jpg,0.023894190788269043
438,578,images/image_493.jpg,images/image_8.jpg,0.02390390634536743
290,338,images/image_36.jpg,images/image_402.jpg,0.023939907550811768
152,344,images/image_235.jpg,images/image_408.jpg,0.023979783058166504
139,525,images/image_223.jpg,images/image_571.jpg,0.023982524871826172
321,492,images/image_388.jpg,images/image_541.jpg,0.023983299732208252
172,533,images/image_253.jpg,images/image_579.jpg,0.023987412452697754
243,260,images/image_317.jpg,images/image_332.jpg,0.02401036024093628
69,560,images/image_160.jpg,images/image_63.jpg,0.024021685123443604
49,479,images/image_142.jpg,images/image_53.jpg,0.02402496337890625
464,569,images/image_516.jpg,images/image_71.jpg,0.024031996726989746
195,329,images/image_274.jpg,images/image_395.jpg,0.024048924446105957
8,232,images/image_105.jpg,images/image_307.jpg,0.02405226230621338
37,260,images/image_131.jpg,images/image_332.jpg,0.0240594744682312
10,98,images/image_107.jpg,images/image_187.jpg,0.024067580699920654
192,337,images/image_271.jpg,images/image_401.jpg,0.024069607257843018
117,464,images/image_203.jpg,images/image_516.jpg,0.024110138416290283
38,61,images/image_132.jpg,images/image_153.jpg,0.02412337064743042
111,240,images/image_199.jpg,images/image_314.jpg,0.024136781692504883
45,533,images/image_139.jpg,images/image_579.jpg,0.024139881134033203
342,560,images/image_406.jpg,images/image_63.jpg,0.024154305458068848
10,525,images/image_107.jpg,images/image_571.jpg,0.024158954620361328
199,289,images/image_278.jpg,images/image_359.jpg,0.02417290210723877
195,326,images/image_274.jpg,images/image_392.jpg,0.024176836013793945
190,383,images/image_27.jpg,images/image_443.jpg,0.0241965651512146
219,533,images/image_296.jpg,images/image_579.jpg,0.0242193341255188
10,73,images/image_107.jpg,images/image_164.jpg,0.024232864379882812
344,485,images/image_408.jpg,images/image_535.jpg,0.02424788475036621
49,172,images/image_142.jpg,images/image_253.jpg,0.024254798889160156
113,139,images/image_20.jpg,images/image_223.jpg,0.024255037307739258
344,448,images/image_408.jpg,images/image_501.jpg,0.0242692232131958
26,479,images/image_121.jpg,images/image_53.jpg,0.024294376373291016
199,205,images/image_278.jpg,images/image_283.jpg,0.024309158325195312
152,571,images/image_235.jpg,images/image_73.jpg,0.024322330951690674
152,298,images/image_235.jpg,images/image_367.jpg,0.024322450160980225
213,350,images/image_290.jpg,images/image_413.jpg,0.024326860904693604
53,213,images/image_146.jpg,images/image_290.jpg,0.024330317974090576
45,49,images/image_139.jpg,images/image_142.jpg,0.024331629276275635
329,439,images/image_395.jpg,images/image_494.jpg,0.024374723434448242
10,197,images/image_107.jpg,images/image_276.jpg,0.024377882480621338
204,464,images/image_282.jpg,images/image_516.jpg,0.024379253387451172
10,594,images/image_107.jpg,images/image_94.jpg,0.02437955141067505
152,295,images/image_235.jpg,images/image_364.jpg,0.024402320384979248
519,546,images/image_566.jpg,images/image_590.jpg,0.024403512477874756
416,516,images/image_473.jpg,images/image_563.jpg,0.02440667152404785
197,530,images/image_276.jpg,images/image_576.jpg,0.024432778358459473
411,533,images/image_469.jpg,images/image_579.jpg,0.024455249309539795
199,492,images/image_278.jpg,images/image_541.jpg,0.02447044849395752
152,513,images/image_235.jpg,images/image_560.jpg,0.02447187900543213
49,219,images/image_142.jpg,images/image_296.jpg,0.0244905948638916
322,383,images/image_389.jpg,images/image_443.jpg,0.024500906467437744
63,438,images/image_155.jpg,images/image_493.jpg,0.024506211280822754
113,400,images/image_20.jpg,images/image_459.jpg,0.02451348304748535
485,571,images/image_535.jpg,images/image_73.jpg,0.02452331781387329
298,485,images/image_367.jpg,images/image_535.jpg,0.024523496627807617
295,485,images/image_364.jpg,images/image_535.jpg,0.024536490440368652
477,550,images/image_528.jpg,images/image_594.jpg,0.02453690767288208
258,559,images/image_330.jpg,images/image_62.jpg,0.024568915367126465
430,578,images/image_486.jpg,images/image_8.jpg,0.024573326110839844
26,172,images/image_121.jpg,images/image_253.jpg,0.024574637413024902
318,593,images/image_385.jpg,images/image_93.jpg,0.024577558040618896
173,416,images/image_254.jpg,images/image_473.jpg,0.02458357810974121
117,224,images/image_203.jpg,images/image_30.jpg,0.024596810340881348
360,416,images/image_422.jpg,images/image_473.jpg,0.02459883689880371
298,448,images/image_367.jpg,images/image_501.jpg,0.024603664875030518
224,569,images/image_30.jpg,images/image_71.jpg,0.024603843688964844
448,571,images/image_501.jpg,images/image_73.jpg,0.024603962898254395
318,362,images/image_385.jpg,images/image_424.jpg,0.02460688352584839
194,566,images/image_273.jpg,images/image_69.jpg,0.02465987205505371
295,448,images/image_364.jpg,images/image_501.jpg,0.024675190448760986
180,302,images/image_260.jpg,images/image_370.jpg,0.024675428867340088
26,45,images/image_121.jpg,images/image_139.jpg,0.02467656135559082
383,475,images/image_443.jpg,images/image_526.jpg,0.024680256843566895
485,513,images/image_535.jpg,images/image_560.jpg,0.02470707893371582
306,442,images/image_374.jpg,images/image_497.jpg,0.024709641933441162
394,416,images/image_453.jpg,images/image_473.jpg,0.024711191654205322
49,467,images/image_142.jpg,images/image_519.jpg,0.024720430374145508
49,411,images/image_142.jpg,images/image_469.jpg,0.024721503257751465
26,463,images/image_121.jpg,images/image_515.jpg,0.02472442388534546
407,442,images/image_465.jpg,images/image_497.jpg,0.024730026721954346
26,219,images/image_121.jpg,images/image_296.jpg,0.02473360300064087
9,302,images/image_106.jpg,images/image_370.jpg,0.024757027626037598
448,513,images/image_501.jpg,images/image_560.jpg,0.024760007858276367
312,357,images/image_38.jpg,images/image_42.jpg,0.02478170394897461
2,302,images/image_10.jpg,images/image_370.jpg,0.02478426694869995
213,478,images/image_290.jpg,images/image_529.jpg,0.024804353713989258
416,507,images/image_473.jpg,images/image_555.jpg,0.024811148643493652
65,416,images/image_157.jpg,images/image_473.jpg,0.024811267852783203
317,384,images/image_384.jpg,images/image_444.jpg,0.024814724922180176
205,321,images/image_283.jpg,images/image_388.jpg,0.024819791316986084
176,505,images/image_257.jpg,images/image_553.jpg,0.02482140064239502
514,539,images/image_561.jpg,images/image_584.jpg,0.024845778942108154
433,439,images/image_489.jpg,images/image_494.jpg,0.02488577365875244
239,566,images/image_313.jpg,images/image_69.jpg,0.024937868118286133
233,543,images/image_308.jpg,images/image_588.jpg,0.024943113327026367
67,391,images/image_159.jpg,images/image_450.jpg,0.02499532699584961
232,519,images/image_307.jpg,images/image_566.jpg,0.0249975323677063
184,290,images/image_264.jpg,images/image_36.jpg,0.025031626224517822
26,411,images/image_121.jpg,images/image_469.jpg,0.02504795789718628
318,409,images/image_385.jpg,images/image_467.jpg,0.025060415267944336
41,349,images/image_135.jpg,images/image_412.jpg,0.025076985359191895
302,590,images/image_370.jpg,images/image_90.jpg,0.025080204010009766
533,555,images/image_579.jpg,images/image_599.jpg,0.025082647800445557
0,560,images/image_0.jpg,images/image_63.jpg,0.025084614753723145
57,489,images/image_15.jpg,images/image_539.jpg,0.025084972381591797
362,412,images/image_424.jpg,images/image_47.jpg,0.02508556842803955
233,328,images/image_308.jpg,images/image_394.jpg,0.025117456912994385
439,493,images/image_494.jpg,images/image_542.jpg,0.025133132934570312
197,223,images/image_276.jpg,images/image_3.jpg,0.025134503841400146
24,337,images/image_12.jpg,images/image_401.jpg,0.025146067142486572
63,430,images/image_155.jpg,images/image_486.jpg,0.025147199630737305
34,516,images/image_129.jpg,images/image_563.jpg,0.025147557258605957
337,457,images/image_401.jpg,images/image_51.jpg,0.025156736373901367
530,541,images/image_576.jpg,images/image_586.jpg,0.025171637535095215
49,555,images/image_142.jpg,images/image_599.jpg,0.02521371841430664
58,318,images/image_150.jpg,images/image_385.jpg,0.025213778018951416
98,530,images/image_187.jpg,images/image_576.jpg,0.02522939443588257
461,543,images/image_513.jpg,images/image_588.jpg,0.025235414505004883
49,597,images/image_142.jpg,images/image_97.jpg,0.02523636817932129
266,417,images/image_338.jpg,images/image_474.jpg,0.02524036169052124
389,408,images/image_449.jpg,images/image_466.jpg,0.025250792503356934
50,533,images/image_143.jpg,images/image_579.jpg,0.025264739990234375
525,530,images/image_571.jpg,images/image_576.jpg,0.02526700496673584
269,439,images/image_340.jpg,images/image_494.jpg,0.02527862787246704
260,474,images/image_332.jpg,images/image_525.jpg,0.025284230709075928
412,593,images/image_47.jpg,images/image_93.jpg,0.025289297103881836
297,533,images/image_366.jpg,images/image_579.jpg,0.025301218032836914
34,360,images/image_129.jpg,images/image_422.jpg,0.02530723810195923
34,173,images/image_129.jpg,images/image_254.jpg,0.025308668613433838
27,539,images/image_122.jpg,images/image_584.jpg,0.025324344635009766
328,461,images/image_394.jpg,images/image_513.jpg,0.025328993797302246
300,326,images/image_369.jpg,images/image_392.jpg,0.025332331657409668
195,269,images/image_274.jpg,images/image_340.jpg,0.025340259075164795
306,529,images/image_374.jpg,images/image_575.jpg,0.02534043788909912
188,459,images/image_268.jpg,images/image_511.jpg,0.025380492210388184
184,321,images/image_264.jpg,images/image_388.jpg,0.02540677785873413
497,560,images/image_546.jpg,images/image_63.jpg,0.02541041374206543
49,50,images/image_142.jpg,images/image_143.jpg,0.025413930416107178
34,394,images/image_129.jpg,images/image_453.jpg,0.025434553623199463
34,65,images/image_129.jpg,images/image_157.jpg,0.025435030460357666
34,507,images/image_129.jpg,images/image_555.jpg,0.025435030460357666
265,349,images/image_337.jpg,images/image_412.jpg,0.02546215057373047
4,349,images/image_101.jpg,images/image_412.jpg,0.02550792694091797
409,431,images/image_467.jpg,images/image_487.jpg,0.025529801845550537
176,464,images/image_257.jpg,images/image_516.jpg,0.02554410696029663
190,578,images/image_27.jpg,images/image_8.jpg,0.025545179843902588
318,567,images/image_385.jpg,images/image_7.jpg,0.025579214096069336
49,483,images/image_142.jpg,images/image_533.jpg,0.02558499574661255
409,412,images/image_467.jpg,images/image_47.jpg,0.025585174560546875
290,579,images/image_36.jpg,images/image_80.jpg,0.025593101978302002
49,160,images/image_142.jpg,images/image_242.jpg,0.02559429407119751
204,505,images/image_282.jpg,images/image_553.jpg,0.025603294372558594
73,530,images/image_164.jpg,images/image_576.jpg,0.02560877799987793
530,545,images/image_576.jpg,images/image_59.jpg,0.025616109371185303
198,459,images/image_277.jpg,images/image_511.jpg,0.025626838207244873
131,542,images/image_216.jpg,images/image_587.jpg,0.025628089904785156
258,400,images/image_330.jpg,images/image_459.jpg,0.02563410997390747
205,290,images/image_283.jpg,images/image_36.jpg,0.025635480880737305
26,555,images/image_121.jpg,images/image_599.jpg,0.025649547576904297
223,541,images/image_3.jpg,images/image_586.jpg,0.025672316551208496
27,260,images/image_122.jpg,images/image_332.jpg,0.025695621967315674
35,252,images/image_13.jpg,images/image_325.jpg,0.025704681873321533
407,529,images/image_465.jpg,images/image_575.jpg,0.025709867477416992
318,349,images/image_385.jpg,images/image_412.jpg,0.025727391242980957
329,501,images/image_395.jpg,images/image_55.jpg,0.025774061679840088
137,213,images/image_221.jpg,images/image_290.jpg,0.0257759690284729
344,375,images/image_408.jpg,images/image_436.jpg,0.025800585746765137
251,260,images/image_324.jpg,images/image_332.jpg,0.02580779790878296
408,490,images/image_466.jpg,images/image_54.jpg,0.025813043117523193
530,594,images/image_576.jpg,images/image_94.jpg,0.025822877883911133
26,50,images/image_121.jpg,images/image_143.jpg,0.02585214376449585
326,501,images/image_392.jpg,images/image_55.jpg,0.025853216648101807
377,417,images/image_438.jpg,images/image_474.jpg,0.025853276252746582
197,559,images/image_276.jpg,images/image_62.jpg,0.02585422992706299
392,554,images/image_451.jpg,images/image_598.jpg,0.025869131088256836
195,433,images/image_274.jpg,images/image_489.jpg,0.0258711576461792
37,539,images/image_131.jpg,images/image_584.jpg,0.02588474750518799
149,180,images/image_232.jpg,images/image_260.jpg,0.025887250900268555
98,223,images/image_187.jpg,images/image_3.jpg,0.025896728038787842
69,489,images/image_160.jpg,images/image_539.jpg,0.02591562271118164
376,566,images/image_437.jpg,images/image_69.jpg,0.025917530059814453
58,412,images/image_150.jpg,images/image_47.jpg,0.025962650775909424
484,541,images/image_534.jpg,images/image_586.jpg,0.025963664054870605
541,568,images/image_586.jpg,images/image_70.jpg,0.025963664054870605
107,312,images/image_195.jpg,images/image_38.jpg,0.025973081588745117
311,319,images/image_379.jpg,images/image_386.jpg,0.025973618030548096
9,149,images/image_106.jpg,images/image_232.jpg,0.02598118782043457
300,329,images/image_369.jpg,images/image_395.jpg,0.025982022285461426
243,539,images/image_317.jpg,images/image_584.jpg,0.02598780393600464
2,149,images/image_10.jpg,images/image_232.jpg,0.026005208492279053
321,579,images/image_388.jpg,images/image_80.jpg,0.026008129119873047
223,525,images/image_3.jpg,images/image_571.jpg,0.02601003646850586
467,533,images/image_519.jpg,images/image_579.jpg,0.02602142095565796
63,190,images/image_155.jpg,images/image_27.jpg,0.026045262813568115
73,223,images/image_164.jpg,images/image_3.jpg,0.026045799255371094
502,560,images/image_550.jpg,images/image_63.jpg,0.026047825813293457
197,568,images/image_276.jpg,images/image_70.jpg,0.026051104068756104
197,484,images/image_276.jpg,images/image_534.jpg,0.026051104068756104
298,375,images/image_367.jpg,images/image_436.jpg,0.026071250438690186
375,571,images/image_436.jpg,images/image_73.jpg,0.026071250438690186
295,375,images/image_364.jpg,images/image_436.jpg,0.02607184648513794
408,413,images/image_466.jpg,images/image_470.jpg,0.02607828378677368
223,594,images/image_3.jpg,images/image_94.jpg,0.026080071926116943
225,501,images/image_300.jpg,images/image_55.jpg,0.02608168125152588
223,545,images/image_3.jpg,images/image_59.jpg,0.026092886924743652
258,530,images/image_330.jpg,images/image_576.jpg,0.02612394094467163
412,567,images/image_47.jpg,images/image_7.jpg,0.026131093502044678
322,578,images/image_389.jpg,images/image_8.jpg,0.026166677474975586
32,290,images/image_127.jpg,images/image_36.jpg,0.026175081729888916
386,563,images/image_446.jpg,images/image_66.jpg,0.026200711727142334
47,558,images/image_140.jpg,images/image_61.jpg,0.026229023933410645
176,224,images/image_257.jpg,images/image_30.jpg,0.02623647451400757
309,560,images/image_377.jpg,images/image_63.jpg,0.026242852210998535
248,392,images/image_321.jpg,images/image_451.jpg,0.026242971420288086
375,513,images/image_436.jpg,images/image_560.jpg,0.026266872882843018
226,290,images/image_301.jpg,images/image_36.jpg,0.026281535625457764
35,296,images/image_13.jpg,images/image_365.jpg,0.026283204555511475
99,188,images/image_188.jpg,images/image_268.jpg,0.026291728019714355
67,332,images/image_159.jpg,images/image_398.jpg,0.026314616203308105
149,590,images/image_232.jpg,images/image_90.jpg,0.026323139667510986
302,555,images/image_370.jpg,images/image_599.jpg,0.02632737159729004
192,386,images/image_271.jpg,images/image_446.jpg,0.02633368968963623
475,578,images/image_526.jpg,images/image_8.jpg,0.0263364315032959
234,459,images/image_309.jpg,images/image_511.jpg,0.026349008083343506
38,57,images/image_132.jpg,images/image_15.jpg,0.02639871835708618
159,202,images/image_241.jpg,images/image_280.jpg,0.02646338939666748
300,433,images/image_369.jpg,images/image_489.jpg,0.026505589485168457
260,492,images/image_332.jpg,images/image_541.jpg,0.02650761604309082
509,576,images/image_557.jpg,images/image_78.jpg,0.026533305644989014
99,198,images/image_188.jpg,images/image_277.jpg,0.02655404806137085
76,311,images/image_167.jpg,images/image_379.jpg,0.02655816078186035
533,597,images/image_579.jpg,images/image_97.jpg,0.02655816078186035
431,593,images/image_487.jpg,images/image_93.jpg,0.026560068130493164
244,539,images/image_318.jpg,images/image_584.jpg,0.026565194129943848
50,302,images/image_143.jpg,images/image_370.jpg,0.026573002338409424
32,321,images/image_127.jpg,images/image_388.jpg,0.02661186456680298
265,362,images/image_337.jpg,images/image_424.jpg,0.026655614376068115
43,509,images/image_137.jpg,images/image_557.jpg,0.026672780513763428
362,431,images/image_424.jpg,images/image_487.jpg,0.026675045490264893
226,321,images/image_301.jpg,images/image_388.jpg,0.02667921781539917
98,559,images/image_187.jpg,images/image_62.jpg,0.02670961618423462
113,530,images/image_20.jpg,images/image_576.jpg,0.026719093322753906
525,559,images/image_571.jpg,images/image_62.jpg,0.026722609996795654
300,493,images/image_369.jpg,images/image_542.jpg,0.02672797441482544
541,559,images/image_586.jpg,images/image_62.jpg,0.026729166507720947
484,525,images/image_534.jpg,images/image_571.jpg,0.026752114295959473
525,568,images/image_571.jpg,images/image_70.jpg,0.026752114295959473
542,598,images/image_587.jpg,images/image_98.jpg,0.026760458946228027
159,278,images/image_241.jpg,images/image_349.jpg,0.026781439781188965
64,188,images/image_156.jpg,images/image_268.jpg,0.0267828106880188
98,484,images/image_187.jpg,images/image_534.jpg,0.026842474937438965
98,568,images/image_187.jpg,images/image_70.jpg,0.026842474937438965
49,463,images/image_142.jpg,images/image_515.jpg,0.0268438458442688
265,593,images/image_337.jpg,images/image_93.jpg,0.026847362518310547
252,550,images/image_325.jpg,images/image_594.jpg,0.026867449283599854
63,322,images/image_155.jpg,images/image_389.jpg,0.026870429515838623
483,533,images/image_533.jpg,images/image_579.jpg,0.02687668800354004
279,566,images/image_35.jpg,images/image_69.jpg,0.026902616024017334
545,568,images/image_59.jpg,images/image_70.jpg,0.026912152767181396
484,545,images/image_534.jpg,images/image_59.jpg,0.026912331581115723
269,300,images/image_340.jpg,images/image_369.jpg,0.026915311813354492
197,246,images/image_276.jpg,images/image_32.jpg,0.026932716369628906
155,455,images/image_238.jpg,images/image_508.jpg,0.02693808078765869
160,533,images/image_242.jpg,images/image_579.jpg,0.02694404125213623
203,389,images/image_281.jpg,images/image_449.jpg,0.02695941925048828
0,489,images/image_0.jpg,images/image_539.jpg,0.026971817016601562
283,409,images/image_353.jpg,images/image_467.jpg,0.026993095874786377
179,225,images/image_26.jpg,images/image_300.jpg,0.02699941396713257
332,529,images/image_398.jpg,images/image_575.jpg,0.026999473571777344
63,475,images/image_155.jpg,images/image_526.jpg,0.027003765106201172
73,484,images/image_164.jpg,images/image_534.jpg,0.02701956033706665
73,568,images/image_164.jpg,images/image_70.jpg,0.027019739151000977
244,260,images/image_318.jpg,images/image_332.jpg,0.027029335498809814
180,414,images/image_260.jpg,images/image_471.jpg,0.02702951431274414
5,311,images/image_102.jpg,images/image_379.jpg,0.02703070640563965
23,409,images/image_119.jpg,images/image_467.jpg,0.027038276195526123
149,555,images/image_232.jpg,images/image_599.jpg,0.027039766311645508
499,566,images/image_548.jpg,images/image_69.jpg,0.027046501636505127
41,165,images/image_135.jpg,images/image_247.jpg,0.02704697847366333
217,260,images/image_294.jpg,images/image_332.jpg,0.027052581310272217
64,198,images/image_156.jpg,images/image_277.jpg,0.02706354856491089
337,384,images/image_401.jpg,images/image_444.jpg,0.027069449424743652
171,329,images/image_252.jpg,images/image_395.jpg,0.02709275484085083
117,505,images/image_203.jpg,images/image_553.jpg,0.02709519863128662
242,329,images/image_316.jpg,images/image_395.jpg,0.02709716558456421
251,429,images/image_324.jpg,images/image_485.jpg,0.027098417282104492
171,225,images/image_252.jpg,images/image_300.jpg,0.02711200714111328
431,567,images/image_487.jpg,images/image_7.jpg,0.027113795280456543
159,515,images/image_241.jpg,images/image_562.jpg,0.02712070941925049
265,409,images/image_337.jpg,images/image_467.jpg,0.02712804079055786
2,414,images/image_10.jpg,images/image_471.jpg,0.027141809463500977
73,559,images/image_164.jpg,images/image_62.jpg,0.027146756649017334
9,414,images/image_106.jpg,images/image_471.jpg,0.02715092897415161
167,290,images/image_249.jpg,images/image_36.jpg,0.02716219425201416
408,437,images/image_466.jpg,images/image_492.jpg,0.0271756649017334
171,326,images/image_252.jpg,images/image_392.jpg,0.02717900276184082
505,569,images/image_553.jpg,images/image_71.jpg,0.027189970016479492
242,326,images/image_316.jpg,images/image_392.jpg,0.027190327644348145
545,559,images/image_59.jpg,images/image_62.jpg,0.027193546295166016
225,242,images/image_300.jpg,images/image_316.jpg,0.027206003665924072
391,529,images/image_450.jpg,images/image_575.jpg,0.02721041440963745
484,594,images/image_534.jpg,images/image_94.jpg,0.027224063873291016
568,594,images/image_70.jpg,images/image_94.jpg,0.027224421501159668
269,501,images/image_340.jpg,images/image_55.jpg,0.02722567319869995
24,386,images/image_12.jpg,images/image_446.jpg,0.027228713035583496
213,416,images/image_290.jpg,images/image_473.jpg,0.02724134922027588
54,427,images/image_147.jpg,images/image_483.jpg,0.02724313735961914
386,457,images/image_446.jpg,images/image_51.jpg,0.027254939079284668
99,234,images/image_188.jpg,images/image_309.jpg,0.027256131172180176
38,69,images/image_132.jpg,images/image_160.jpg,0.027272701263427734
389,470,images/image_449.jpg,images/image_521.jpg,0.02727639675140381
258,484,images/image_330.jpg,images/image_534.jpg,0.02729475498199463
258,568,images/image_330.jpg,images/image_70.jpg,0.02729475498199463
50,149,images/image_143.jpg,images/image_232.jpg,0.027300775051116943
474,539,images/image_525.jpg,images/image_584.jpg,0.027347207069396973
45,302,images/image_139.jpg,images/image_370.jpg,0.027359724044799805
246,541,images/image_32.jpg,images/image_586.jpg,0.027360618114471436
559,594,images/image_62.jpg,images/image_94.jpg,0.027372300624847412
67,306,images/image_159.jpg,images/image_374.jpg,0.027373433113098145
113,223,images/image_20.jpg,images/image_3.jpg,0.02737969160079956
67,407,images/image_159.jpg,images/image_465.jpg,0.02742767333984375
226,514,images/image_301.jpg,images/image_561.jpg,0.0274505615234375
203,490,images/image_281.jpg,images/image_54.jpg,0.027482569217681885
505,591,images/image_553.jpg,images/image_91.jpg,0.027492284774780273
251,345,images/image_324.jpg,images/image_409.jpg,0.027497828006744385
58,431,images/image_150.jpg,images/image_487.jpg,0.027498960494995117
251,539,images/image_324.jpg,images/image_584.jpg,0.02749931812286377
249,399,images/image_322.jpg,images/image_458.jpg,0.027503132820129395
195,225,images/image_274.jpg,images/image_300.jpg,0.02750617265701294
464,591,images/image_516.jpg,images/image_91.jpg,0.027518093585968018
167,321,images/image_249.jpg,images/image_388.jpg,0.027522146701812744
414,590,images/image_471.jpg,images/image_90.jpg,0.02752894163131714
335,376,images/image_40.jpg,images/image_437.jpg,0.02755063772201538
58,265,images/image_150.jpg,images/image_337.jpg,0.027555882930755615
33,340,images/image_128.jpg,images/image_404.jpg,0.027567386627197266
238,312,images/image_312.jpg,images/image_38.jpg,0.02756941318511963
514,579,images/image_561.jpg,images/image_80.jpg,0.027574360370635986
346,423,images/image_41.jpg,images/image_48.jpg,0.027579069137573242
179,329,images/image_26.jpg,images/image_395.jpg,0.02766972780227661
296,550,images/image_365.jpg,images/image_594.jpg,0.027669906616210938
200,427,images/image_279.jpg,images/image_483.jpg,0.027674198150634766
35,237,images/image_13.jpg,images/image_311.jpg,0.02768641710281372
433,501,images/image_489.jpg,images/image_55.jpg,0.027695298194885254
10,551,images/image_107.jpg,images/image_595.jpg,0.02770596742630005
98,246,images/image_187.jpg,images/image_32.jpg,0.027724802494049072
179,326,images/image_26.jpg,images/image_392.jpg,0.027730464935302734
32,514,images/image_127.jpg,images/image_561.jpg,0.027734577655792236
265,567,images/image_337.jpg,images/image_7.jpg,0.027737855911254883
4,566,images/image_101.jpg,images/image_69.jpg,0.027741670608520508
113,568,images/image_20.jpg,images/image_70.jpg,0.02774178981781006
113,484,images/image_20.jpg,images/image_534.jpg,0.02774178981781006
46,155,images/image_14.jpg,images/image_238.jpg,0.02777409553527832
64,234,images/image_156.jpg,images/image_309.jpg,0.027783572673797607
172,302,images/image_253.jpg,images/image_370.jpg,0.02778756618499756
47,543,images/image_140.jpg,images/image_588.jpg,0.027792632579803467
374,560,images/image_435.jpg,images/image_63.jpg,0.02779686450958252
20,155,images/image_116.jpg,images/image_238.jpg,0.02780437469482422
73,246,images/image_164.jpg,images/image_32.jpg,0.02780836820602417
246,594,images/image_32.jpg,images/image_94.jpg,0.027809500694274902
203,413,images/image_281.jpg,images/image_470.jpg,0.027829527854919434
470,490,images/image_521.jpg,images/image_54.jpg,0.02783370018005371
246,525,images/image_32.jpg,images/image_571.jpg,0.027837157249450684
312,366,images/image_38.jpg,images/image_428.jpg,0.027844548225402832
246,545,images/image_32.jpg,images/image_59.jpg,0.027848780155181885
141,553,images/image_225.jpg,images/image_597.jpg,0.0278741717338562
7,560,images/image_104.jpg,images/image_63.jpg,0.027883470058441162
343,376,images/image_407.jpg,images/image_437.jpg,0.02789461612701416
489,502,images/image_539.jpg,images/image_550.jpg,0.027894914150238037
302,411,images/image_370.jpg,images/image_469.jpg,0.02792149782180786
313,422,images/image_380.jpg,images/image_479.jpg,0.0279313325881958
47,328,images/image_140.jpg,images/image_394.jpg,0.027966439723968506
108,357,images/image_196.jpg,images/image_42.jpg,0.02797830104827881
159,397,images/image_241.jpg,images/image_456.jpg,0.028007030487060547
6,409,images/image_103.jpg,images/image_467.jpg,0.028010964393615723
91,233,images/image_180.jpg,images/image_308.jpg,0.028060078620910645
34,213,images/image_129.jpg,images/image_290.jpg,0.02808248996734619
364,413,images/image_426.jpg,images/image_470.jpg,0.028103530406951904
45,149,images/image_139.jpg,images/image_232.jpg,0.028117597103118896
159,403,images/image_241.jpg,images/image_461.jpg,0.028118252754211426
413,470,images/image_470.jpg,images/image_521.jpg,0.028126895427703857
1,349,images/image_1.jpg,images/image_412.jpg,0.02812892198562622
283,593,images/image_353.jpg,images/image_93.jpg,0.028142213821411133
463,533,images/image_515.jpg,images/image_579.jpg,0.028151869773864746
157,561,images/image_24.jpg,images/image_64.jpg,0.028158605098724365
33,166,images/image_128.jpg,images/image_248.jpg,0.028161466121673584
118,186,images/image_204.jpg,images/image_266.jpg,0.02817898988723755
23,593,images/image_119.jpg,images/image_93.jpg,0.02819657325744629
283,362,images/image_353.jpg,images/image_424.jpg,0.028197526931762695
23,362,images/image_119.jpg,images/image_424.jpg,0.028209209442138672
256,516,images/image_329.jpg,images/image_563.jpg,0.028221487998962402
221,588,images/image_298.jpg,images/image_89.jpg,0.028231382369995117
38,502,images/image_132.jpg,images/image_550.jpg,0.0282590389251709
251,353,images/image_324.jpg,images/image_416.jpg,0.028262019157409668
81,376,images/image_171.jpg,images/image_437.jpg,0.028268516063690186
113,559,images/image_20.jpg,images/image_62.jpg,0.028273820877075195
10,124,images/image_107.jpg,images/image_21.jpg,0.028300583362579346
0,38,images/image_0.jpg,images/image_132.jpg,0.028329014778137207
91,461,images/image_180.jpg,images/image_513.jpg,0.02836465835571289
492,539,images/image_541.jpg,images/image_584.jpg,0.02836906909942627
302,479,images/image_370.jpg,images/image_53.jpg,0.028405487537384033
212,312,images/image_29.jpg,images/image_38.jpg,0.028426051139831543
256,360,images/image_329.jpg,images/image_422.jpg,0.02844822406768799
235,423,images/image_31.jpg,images/image_48.jpg,0.028456270694732666
138,246,images/image_222.jpg,images/image_32.jpg,0.028471827507019043
184,514,images/image_264.jpg,images/image_561.jpg,0.0284726619720459
364,389,images/image_426.jpg,images/image_449.jpg,0.028485000133514404
279,335,images/image_35.jpg,images/image_40.jpg,0.028525948524475098
65,256,images/image_157.jpg,images/image_329.jpg,0.028528332710266113
256,507,images/image_329.jpg,images/image_555.jpg,0.028528332710266113
335,499,images/image_40.jpg,images/image_548.jpg,0.02852928638458252
365,448,images/image_427.jpg,images/image_501.jpg,0.028548359870910645
152,365,images/image_235.jpg,images/image_427.jpg,0.028553128242492676
198,581,images/image_277.jpg,images/image_82.jpg,0.02855503559112549
149,172,images/image_232.jpg,images/image_253.jpg,0.028564631938934326
242,269,images/image_316.jpg,images/image_340.jpg,0.02857273817062378
171,269,images/image_252.jpg,images/image_340.jpg,0.028583109378814697
219,302,images/image_296.jpg,images/image_370.jpg,0.02859354019165039
313,518,images/image_380.jpg,images/image_565.jpg,0.028600990772247314
184,199,images/image_264.jpg,images/image_278.jpg,0.028630316257476807
283,567,images/image_353.jpg,images/image_7.jpg,0.028637349605560303
23,567,images/image_119.jpg,images/image_7.jpg,0.028647780418395996
313,351,images/image_380.jpg,images/image_414.jpg,0.028650224208831787
149,411,images/image_232.jpg,images/image_469.jpg,0.028684020042419434
107,193,images/image_195.jpg,images/image_272.jpg,0.028692901134490967
313,589,images/image_380.jpg,images/image_9.jpg,0.028736412525177002
202,556,images/image_280.jpg,images/image_6.jpg,0.028741836547851562
173,256,images/image_254.jpg,images/image_329.jpg,0.028754055500030518
141,595,images/image_225.jpg,images/image_95.jpg,0.028805255889892578
10,405,images/image_107.jpg,images/image_463.jpg,0.02881622314453125
27,251,images/image_122.jpg,images/image_324.jpg,0.028818726539611816
256,394,images/image_329.jpg,images/image_453.jpg,0.02882206439971924
237,550,images/image_311.jpg,images/image_594.jpg,0.028891146183013916
203,437,images/image_281.jpg,images/image_492.jpg,0.028896689414978027
107,108,images/image_195.jpg,images/image_196.jpg,0.028914809226989746
224,591,images/image_30.jpg,images/image_91.jpg,0.02891606092453003
151,180,images/image_234.jpg,images/image_260.jpg,0.028926849365234375
221,444,images/image_298.jpg,images/image_499.jpg,0.0289384126663208
287,448,images/image_357.jpg,images/image_501.jpg,0.028944313526153564
152,287,images/image_235.jpg,images/image_357.jpg,0.028944432735443115
331,529,images/image_397.jpg,images/image_575.jpg,0.028952360153198242
201,246,images/image_28.jpg,images/image_32.jpg,0.028968989849090576
4,165,images/image_101.jpg,images/image_247.jpg,0.02903139591217041
171,433,images/image_252.jpg,images/image_489.jpg,0.02903282642364502
141,314,images/image_225.jpg,images/image_381.jpg,0.029033899307250977
95,553,images/image_184.jpg,images/image_597.jpg,0.029035627841949463
151,555,images/image_234.jpg,images/image_599.jpg,0.029050052165985107
2,151,images/image_10.jpg,images/image_234.jpg,0.029055356979370117
9,151,images/image_106.jpg,images/image_234.jpg,0.02905583381652832
318,319,images/image_385.jpg,images/image_386.jpg,0.029057443141937256
242,433,images/image_316.jpg,images/image_489.jpg,0.029071033000946045
217,539,images/image_294.jpg,images/image_584.jpg,0.029078125953674316
58,283,images/image_150.jpg,images/image_353.jpg,0.0290830135345459
180,189,images/image_260.jpg,images/image_269.jpg,0.029114902019500732
6,593,images/image_103.jpg,images/image_93.jpg,0.029117465019226074
278,556,images/image_349.jpg,images/image_6.jpg,0.029129087924957275
23,58,images/image_119.jpg,images/image_150.jpg,0.029141902923583984
179,269,images/image_26.jpg,images/image_340.jpg,0.029151558876037598
97,357,images/image_186.jpg,images/image_42.jpg,0.02917712926864624
276,357,images/image_347.jpg,images/image_42.jpg,0.029183387756347656
149,479,images/image_232.jpg,images/image_53.jpg,0.029184043407440186
113,246,images/image_20.jpg,images/image_32.jpg,0.029189646244049072
392,522,images/image_451.jpg,images/image_569.jpg,0.029202580451965332
29,41,images/image_124.jpg,images/image_135.jpg,0.029213011264801025
241,492,images/image_315.jpg,images/image_541.jpg,0.029214143753051758
364,490,images/image_426.jpg,images/image_54.jpg,0.02921956777572632
199,579,images/image_278.jpg,images/image_80.jpg,0.029220163822174072
6,362,images/image_103.jpg,images/image_424.jpg,0.0292205810546875
2,189,images/image_10.jpg,images/image_269.jpg,0.029229462146759033
437,470,images/image_492.jpg,images/image_521.jpg,0.02923041582107544
384,386,images/image_444.jpg,images/image_446.jpg,0.029268920421600342
9,189,images/image_106.jpg,images/image_269.jpg,0.029275596141815186
10,582,images/image_107.jpg,images/image_83.jpg,0.02929508686065674
241,579,images/image_315.jpg,images/image_80.jpg,0.02930915355682373
81,499,images/image_171.jpg,images/image_548.jpg,0.029313266277313232
226,241,images/image_301.jpg,images/image_315.jpg,0.029319286346435547
81,279,images/image_171.jpg,images/image_35.jpg,0.029332280158996582
149,219,images/image_232.jpg,images/image_296.jpg,0.02934563159942627
50,151,images/image_143.jpg,images/image_234.jpg,0.029346048831939697
279,343,images/image_35.jpg,images/image_407.jpg,0.029360532760620117
53,542,images/image_146.jpg,images/image_587.jpg,0.029375553131103516
118,390,images/image_204.jpg,images/image_45.jpg,0.029380440711975098
343,499,images/image_407.jpg,images/image_548.jpg,0.02938675880432129
188,581,images/image_268.jpg,images/image_82.jpg,0.029411256313323975
372,409,images/image_433.jpg,images/image_467.jpg,0.02941209077835083
515,556,images/image_562.jpg,images/image_6.jpg,0.029424965381622314
151,590,images/image_234.jpg,images/image_90.jpg,0.029436945915222168
359,579,images/image_421.jpg,images/image_80.jpg,0.029451608657836914
364,437,images/image_426.jpg,images/image_492.jpg,0.02945232391357422
226,359,images/image_301.jpg,images/image_421.jpg,0.029460489749908447
392,423,images/image_451.jpg,images/image_48.jpg,0.029461324214935303
3,531,images/image_100.jpg,images/image_577.jpg,0.029462695121765137
268,312,images/image_34.jpg,images/image_38.jpg,0.02947288751602173
32,241,images/image_127.jpg,images/image_315.jpg,0.02949380874633789
390,596,images/image_45.jpg,images/image_96.jpg,0.02950948476791382
141,441,images/image_225.jpg,images/image_496.jpg,0.029558539390563965
397,556,images/image_456.jpg,images/image_6.jpg,0.029575049877166748
118,127,images/image_204.jpg,images/image_212.jpg,0.029579460620880127
179,433,images/image_26.jpg,images/image_489.jpg,0.029635190963745117
7,489,images/image_104.jpg,images/image_539.jpg,0.02963864803314209
32,359,images/image_127.jpg,images/image_421.jpg,0.029640257358551025
6,567,images/image_103.jpg,images/image_7.jpg,0.02964717149734497
37,429,images/image_131.jpg,images/image_485.jpg,0.02965301275253296
186,301,images/image_266.jpg,images/image_37.jpg,0.02968311309814453
414,555,images/image_471.jpg,images/image_599.jpg,0.029697835445404053
374,489,images/image_435.jpg,images/image_539.jpg,0.02970278263092041
189,590,images/image_269.jpg,images/image_90.jpg,0.029709994792938232
76,318,images/image_167.jpg,images/image_385.jpg,0.029711782932281494
118,148,images/image_204.jpg,images/image_231.jpg,0.029712796211242676
450,541,images/image_503.jpg,images/image_586.jpg,0.029716968536376953
244,251,images/image_318.jpg,images/image_324.jpg,0.02975010871887207
10,216,images/image_107.jpg,images/image_293.jpg,0.029754221439361572
54,193,images/image_147.jpg,images/image_272.jpg,0.029776930809020996
41,347,images/image_135.jpg,images/image_410.jpg,0.029788553714752197
107,358,images/image_195.jpg,images/image_420.jpg,0.029788970947265625
186,211,images/image_266.jpg,images/image_289.jpg,0.029790222644805908
180,476,images/image_260.jpg,images/image_527.jpg,0.029820680618286133
245,531,images/image_319.jpg,images/image_577.jpg,0.02983999252319336
32,199,images/image_127.jpg,images/image_278.jpg,0.029865384101867676
193,268,images/image_272.jpg,images/image_34.jpg,0.029881715774536133
359,492,images/image_421.jpg,images/image_541.jpg,0.029892385005950928
180,185,images/image_260.jpg,images/image_265.jpg,0.029923558235168457
7,38,images/image_104.jpg,images/image_132.jpg,0.029932022094726562
2,476,images/image_10.jpg,images/image_527.jpg,0.029950499534606934
492,579,images/image_541.jpg,images/image_80.jpg,0.029955923557281494
199,226,images/image_278.jpg,images/image_301.jpg,0.029956936836242676
9,476,images/image_106.jpg,images/image_527.jpg,0.029968678951263428
95,595,images/image_184.jpg,images/image_95.jpg,0.029971659183502197
50,414,images/image_143.jpg,images/image_471.jpg,0.029976725578308105
234,581,images/image_309.jpg,images/image_82.jpg,0.030015230178833008
107,427,images/image_195.jpg,images/image_483.jpg,0.030035674571990967
103,514,images/image_191.jpg,images/image_561.jpg,0.030037522315979004
289,437,images/image_359.jpg,images/image_492.jpg,0.030037760734558105
490,558,images/image_54.jpg,images/image_61.jpg,0.0300481915473938
2,185,images/image_10.jpg,images/image_265.jpg,0.030055642127990723
274,365,images/image_345.jpg,images/image_427.jpg,0.030062496662139893
9,185,images/image_106.jpg,images/image_265.jpg,0.03006523847579956
226,492,images/image_301.jpg,images/image_541.jpg,0.030065298080444336
13,152,images/image_11.jpg,images/image_235.jpg,0.03007185459136963
6,58,images/image_103.jpg,images/image_150.jpg,0.030075013637542725
82,355,images/image_172.jpg,images/image_418.jpg,0.030079662799835205
13,448,images/image_11.jpg,images/image_501.jpg,0.030086934566497803
38,374,images/image_132.jpg,images/image_435.jpg,0.030092477798461914
107,276,images/image_195.jpg,images/image_347.jpg,0.030106663703918457
37,345,images/image_131.jpg,images/image_409.jpg,0.03015434741973877
5,318,images/image_102.jpg,images/image_385.jpg,0.03015822172164917
45,151,images/image_139.jpg,images/image_234.jpg,0.030169188976287842
193,200,images/image_272.jpg,images/image_279.jpg,0.030178427696228027
289,579,images/image_359.jpg,images/image_80.jpg,0.030178725719451904
138,223,images/image_222.jpg,images/image_3.jpg,0.030186891555786133
95,314,images/image_184.jpg,images/image_381.jpg,0.030221641063690186
27,37,images/image_122.jpg,images/image_131.jpg,0.030230998992919922
226,289,images/image_301.jpg,images/image_359.jpg,0.03025275468826294
180,388,images/image_260.jpg,images/image_448.jpg,0.030258595943450928
231,294,images/image_306.jpg,images/image_363.jpg,0.030260741710662842
54,358,images/image_147.jpg,images/image_420.jpg,0.030261456966400146
340,524,images/image_404.jpg,images/image_570.jpg,0.030264616012573242
403,556,images/image_461.jpg,images/image_6.jpg,0.03026491403579712
1,165,images/image_1.jpg,images/image_247.jpg,0.03026682138442993
106,157,images/image_194.jpg,images/image_24.jpg,0.030271947383880615
97,107,images/image_186.jpg,images/image_195.jpg,0.03027445077896118
121,251,images/image_207.jpg,images/image_324.jpg,0.030303537845611572
365,375,images/image_427.jpg,images/image_436.jpg,0.030311763286590576
184,492,images/image_264.jpg,images/image_541.jpg,0.03031712770462036
492,32,images/image_541.jpg,images/image_127.jpg,0.030327796936035156
184,241,images/image_264.jpg,images/image_315.jpg,0.030336856842041016
217,429,images/image_294.jpg,images/image_485.jpg,0.03034871816635132
2,388,images/image_10.jpg,images/image_448.jpg,0.030375421047210693
113,450,images/image_20.jpg,images/image_503.jpg,0.030384302139282227
476,590,images/image_527.jpg,images/image_90.jpg,0.030388176441192627
321,364,images/image_388.jpg,images/image_426.jpg,0.030400097370147705
9,388,images/image_106.jpg,images/image_448.jpg,0.030408084392547607
10,139,images/image_107.jpg,images/image_223.jpg,0.030417978763580322
41,79,images/image_135.jpg,images/image_17.jpg,0.030423879623413086
185,555,images/image_265.jpg,images/image_599.jpg,0.030433356761932373
184,289,images/image_264.jpg,images/image_359.jpg,0.030434608459472656
372,593,images/image_433.jpg,images/image_93.jpg,0.030438601970672607
331,409,images/image_397.jpg,images/image_467.jpg,0.030443668365478516
274,287,images/image_345.jpg,images/image_357.jpg,0.030467092990875244
185,590,images/image_265.jpg,images/image_90.jpg,0.030470550060272217
184,359,images/image_264.jpg,images/image_421.jpg,0.0304793119430542
319,412,images/image_386.jpg,images/image_47.jpg,0.030479609966278076
305,516,images/image_373.jpg,images/image_563.jpg,0.030523836612701416
217,345,images/image_294.jpg,images/image_409.jpg,0.030526399612426758
83,541,images/image_173.jpg,images/image_586.jpg,0.03053128719329834
4,343,images/image_101.jpg,images/image_407.jpg,0.030534565448760986
289,32,images/image_359.jpg,images/image_127.jpg,0.030548393726348877
231,288,images/image_306.jpg,images/image_358.jpg,0.030565857887268066
151,172,images/image_234.jpg,images/image_253.jpg,0.030568599700927734
328,490,images/image_394.jpg,images/image_54.jpg,0.03060150146484375
260,289,images/image_332.jpg,images/image_359.jpg,0.030611753463745117
355,367,images/image_418.jpg,images/image_429.jpg,0.03062140941619873
175,492,images/image_256.jpg,images/image_541.jpg,0.030671298503875732
151,411,images/image_234.jpg,images/image_469.jpg,0.03067225217819214
362,372,images/image_424.jpg,images/image_433.jpg,0.030678391456604004
365,485,images/image_427.jpg,images/image_535.jpg,0.03069436550140381
180,187,images/image_260.jpg,images/image_267.jpg,0.030694663524627686
95,531,images/image_184.jpg,images/image_577.jpg,0.03069537878036499
287,375,images/image_357.jpg,images/image_436.jpg,0.030723750591278076
201,223,images/image_28.jpg,images/image_3.jpg,0.03073197603225708
95,441,images/image_184.jpg,images/image_496.jpg,0.030733466148376465
50,185,images/image_143.jpg,images/image_265.jpg,0.030741989612579346
290,364,images/image_36.jpg,images/image_426.jpg,0.030762910842895508
200,358,images/image_279.jpg,images/image_420.jpg,0.03076845407485962
374,389,images/image_435.jpg,images/image_449.jpg,0.030772030353546143
276,386,images/image_347.jpg,images/image_446.jpg,0.030773043632507324
305,360,images/image_373.jpg,images/image_422.jpg,0.03079766035079956
392,397,images/image_451.jpg,images/image_456.jpg,0.030819594860076904
4,335,images/image_101.jpg,images/image_40.jpg,0.03082096576690674
2,187,images/image_10.jpg,images/image_267.jpg,0.030822336673736572
45,414,images/image_139.jpg,images/image_471.jpg,0.03082454204559326
9,187,images/image_106.jpg,images/image_267.jpg,0.03083747625350952
166,524,images/image_248.jpg,images/image_570.jpg,0.03084021806716919
388,590,images/image_448.jpg,images/image_90.jpg,0.03084474802017212
37,353,images/image_131.jpg,images/image_416.jpg,0.03086179494857788
186,596,images/image_266.jpg,images/image_96.jpg,0.030874907970428467
112,339,images/image_2.jpg,images/image_403.jpg,0.030881524085998535
338,413,images/image_402.jpg,images/image_470.jpg,0.030891716480255127
118,532,images/image_204.jpg,images/image_578.jpg,0.03091973066329956
65,305,images/image_157.jpg,images/image_373.jpg,0.03092712163925171
305,507,images/image_373.jpg,images/image_555.jpg,0.03092712163925171
175,226,images/image_256.jpg,images/image_301.jpg,0.030932068824768066
492,514,images/image_541.jpg,images/image_561.jpg,0.030933856964111328
374,490,images/image_435.jpg,images/image_54.jpg,0.030940592288970947
175,579,images/image_256.jpg,images/image_80.jpg,0.030951261520385742
127,211,images/image_212.jpg,images/image_289.jpg,0.030968427658081055
127,301,images/image_212.jpg,images/image_37.jpg,0.030968785285949707
198,540,images/image_277.jpg,images/image_585.jpg,0.030986309051513672
389,558,images/image_449.jpg,images/image_61.jpg,0.031016528606414795
76,412,images/image_167.jpg,images/image_47.jpg,0.031017839908599854
141,531,images/image_225.jpg,images/image_577.jpg,0.031032085418701172
167,199,images/image_249.jpg,images/image_278.jpg,0.031035304069519043
35,441,images/image_13.jpg,images/image_496.jpg,0.03104579448699951
268,427,images/image_34.jpg,images/image_483.jpg,0.031068742275238037
441,550,images/image_496.jpg,images/image_594.jpg,0.03107351064682007
47,91,images/image_140.jpg,images/image_180.jpg,0.031081974506378174
193,357,images/image_272.jpg,images/image_42.jpg,0.03110504150390625
287,485,images/image_357.jpg,images/image_535.jpg,0.03110712766647339
173,305,images/image_254.jpg,images/image_373.jpg,0.031116008758544922
35,595,images/image_13.jpg,images/image_95.jpg,0.03113114833831787
175,32,images/image_256.jpg,images/image_127.jpg,0.03113764524459839
83,113,images/image_173.jpg,images/image_20.jpg,0.031140625476837158
372,567,images/image_433.jpg,images/image_7.jpg,0.031141042709350586
550,595,images/image_594.jpg,images/image_95.jpg,0.03117203712463379
151,479,images/image_234.jpg,images/image_53.jpg,0.03117847442626953
305,394,images/image_373.jpg,images/image_453.jpg,0.03118729591369629
82,482,images/image_172.jpg,images/image_532.jpg,0.031195461750030518
268,358,images/image_34.jpg,images/image_420.jpg,0.031206786632537842
148,301,images/image_231.jpg,images/image_37.jpg,0.031212806701660156
564,588,images/image_67.jpg,images/image_89.jpg,0.03121817111968994
148,211,images/image_231.jpg,images/image_289.jpg,0.031231343746185303
476,555,images/image_527.jpg,images/image_599.jpg,0.031234383583068848
392,515,images/image_451.jpg,images/image_562.jpg,0.031246304512023926
27,429,images/image_122.jpg,images/image_485.jpg,0.03125125169754028
187,590,images/image_267.jpg,images/image_90.jpg,0.0312577486038208
350,542,images/image_413.jpg,images/image_587.jpg,0.031259238719940186
289,413,images/image_359.jpg,images/image_470.jpg,0.03126096725463867
198,557,images/image_277.jpg,images/image_60.jpg,0.031261980533599854
172,414,images/image_253.jpg,images/image_471.jpg,0.03126424551010132
27,121,images/image_122.jpg,images/image_207.jpg,0.031296730041503906
151,219,images/image_234.jpg,images/image_296.jpg,0.031317174434661865
108,386,images/image_196.jpg,images/image_446.jpg,0.031319379806518555
490,543,images/image_54.jpg,images/image_588.jpg,0.03131997585296631
243,429,images/image_317.jpg,images/image_485.jpg,0.03132432699203491
278,392,images/image_349.jpg,images/image_451.jpg,0.03135019540786743
141,153,images/image_225.jpg,images/image_236.jpg,0.03136467933654785
37,244,images/image_131.jpg,images/image_318.jpg,0.03137004375457764
411,414,images/image_469.jpg,images/image_471.jpg,0.03138446807861328
450,545,images/image_503.jpg,images/image_59.jpg,0.031390607357025146
501,562,images/image_55.jpg,images/image_65.jpg,0.03143793344497681
3,296,images/image_100.jpg,images/image_365.jpg,0.03145033121109009
157,521,images/image_24.jpg,images/image_568.jpg,0.03145933151245117
58,372,images/image_150.jpg,images/image_433.jpg,0.031464993953704834
103,241,images/image_191.jpg,images/image_315.jpg,0.03147280216217041
413,452,images/image_470.jpg,images/image_505.jpg,0.03148961067199707
217,353,images/image_294.jpg,images/image_416.jpg,0.031514108180999756
338,437,images/image_402.jpg,images/image_492.jpg,0.031534671783447266
50,476,images/image_143.jpg,images/image_527.jpg,0.03154778480529785
241,289,images/image_315.jpg,images/image_359.jpg,0.03154855966567993
71,509,images/image_162.jpg,images/image_557.jpg,0.031565308570861816
328,389,images/image_394.jpg,images/image_449.jpg,0.03156685829162598
61,514,images/image_153.jpg,images/image_561.jpg,0.03157675266265869
45,185,images/image_139.jpg,images/image_265.jpg,0.031595587730407715
3,477,images/image_100.jpg,images/image_528.jpg,0.03161764144897461
208,339,images/image_286.jpg,images/image_403.jpg,0.031625449657440186
294,325,images/image_363.jpg,images/image_391.jpg,0.031645238399505615
13,274,images/image_11.jpg,images/image_345.jpg,0.03164803981781006
108,238,images/image_196.jpg,images/image_312.jpg,0.03167003393173218
97,386,images/image_186.jpg,images/image_446.jpg,0.03167879581451416
5,412,images/image_102.jpg,images/image_47.jpg,0.03167915344238281
331,593,images/image_397.jpg,images/image_93.jpg,0.03168439865112305
243,345,images/image_317.jpg,images/image_409.jpg,0.03170531988143921
138,559,images/image_222.jpg,images/image_62.jpg,0.03170621395111084
367,482,images/image_429.jpg,images/image_532.jpg,0.0317080020904541
478,542,images/image_529.jpg,images/image_587.jpg,0.03171318769454956
437,492,images/image_492.jpg,images/image_541.jpg,0.03175151348114014
143,211,images/image_227.jpg,images/image_289.jpg,0.03175163269042969
4,81,images/image_101.jpg,images/image_171.jpg,0.03176075220108032
108,366,images/image_196.jpg,images/image_428.jpg,0.031762897968292236
7,389,images/image_104.jpg,images/image_449.jpg,0.0317683219909668
3,11,images/image_100.jpg,images/image_108.jpg,0.03177911043167114
450,525,images/image_503.jpg,images/image_571.jpg,0.03178220987319946
331,362,images/image_397.jpg,images/image_424.jpg,0.03178805112838745
202,392,images/image_280.jpg,images/image_451.jpg,0.031790196895599365
193,366,images/image_272.jpg,images/image_428.jpg,0.03179723024368286
301,390,images/image_37.jpg,images/image_45.jpg,0.031806349754333496
271,349,images/image_342.jpg,images/image_412.jpg,0.031818509101867676
308,542,images/image_376.jpg,images/image_587.jpg,0.03182113170623779
103,359,images/image_191.jpg,images/image_421.jpg,0.03182947635650635
365,549,images/image_427.jpg,images/image_593.jpg,0.031836509704589844
225,306,images/image_300.jpg,images/image_374.jpg,0.03184109926223755
98,450,images/image_187.jpg,images/image_503.jpg,0.03184562921524048
429,474,images/image_485.jpg,images/image_525.jpg,0.03184729814529419
187,555,images/image_267.jpg,images/image_599.jpg,0.03185826539993286
188,540,images/image_268.jpg,images/image_585.jpg,0.031888723373413086
414,479,images/image_471.jpg,images/image_53.jpg,0.03190189599990845
413,558,images/image_470.jpg,images/image_61.jpg,0.031921446323394775
245,296,images/image_319.jpg,images/image_365.jpg,0.03192305564880371
7,490,images/image_104.jpg,images/image_54.jpg,0.031925082206726074
13,375,images/image_11.jpg,images/image_436.jpg,0.031948089599609375
450,73,images/image_503.jpg,images/image_164.jpg,0.031967759132385254
33,266,images/image_128.jpg,images/image_338.jpg,0.0319790244102478
175,184,images/image_256.jpg,images/image_264.jpg,0.03198528289794922
213,256,images/image_290.jpg,images/image_329.jpg,0.03201889991760254
172,185,images/image_253.jpg,images/image_265.jpg,0.03202617168426514
103,175,images/image_191.jpg,images/image_256.jpg,0.03203326463699341
4,29,images/image_101.jpg,images/image_124.jpg,0.03204500675201416
219,414,images/image_296.jpg,images/image_471.jpg,0.03207129240036011
437,452,images/image_492.jpg,images/image_505.jpg,0.03207874298095703
185,411,images/image_265.jpg,images/image_469.jpg,0.03213202953338623
201,559,images/image_28.jpg,images/image_62.jpg,0.03214597702026367
197,450,images/image_276.jpg,images/image_503.jpg,0.032149672508239746
345,474,images/image_409.jpg,images/image_525.jpg,0.032150864601135254
11,245,images/image_108.jpg,images/image_319.jpg,0.032154202461242676
265,319,images/image_337.jpg,images/image_386.jpg,0.03215813636779785
50,187,images/image_143.jpg,images/image_267.jpg,0.032166361808776855
211,532,images/image_289.jpg,images/image_578.jpg,0.03216737508773804
301,532,images/image_37.jpg,images/image_578.jpg,0.032197773456573486
127,596,images/image_212.jpg,images/image_96.jpg,0.03221780061721802
188,557,images/image_268.jpg,images/image_60.jpg,0.03222227096557617
121,244,images/image_207.jpg,images/image_318.jpg,0.03222548961639404
288,325,images/image_358.jpg,images/image_391.jpg,0.0322299599647522
143,301,images/image_227.jpg,images/image_37.jpg,0.03223693370819092
35,531,images/image_13.jpg,images/image_577.jpg,0.03223973512649536
245,477,images/image_319.jpg,images/image_528.jpg,0.03224426507949829
450,594,images/image_503.jpg,images/image_94.jpg,0.03224426507949829
83,545,images/image_173.jpg,images/image_59.jpg,0.032244980335235596
287,549,images/image_357.jpg,images/image_593.jpg,0.032251715660095215
289,359,images/image_359.jpg,images/image_421.jpg,0.03226691484451294
444,564,images/image_499.jpg,images/image_67.jpg,0.03227943181991577
389,543,images/image_449.jpg,images/image_588.jpg,0.03229326009750366
225,407,images/image_300.jpg,images/image_465.jpg,0.03229802846908569
244,429,images/image_318.jpg,images/image_485.jpg,0.032312214374542236
302,384,images/image_370.jpg,images/image_444.jpg,0.032312631607055664
13,485,images/image_11.jpg,images/image_535.jpg,0.0323258638381958
357,358,images/image_42.jpg,images/image_420.jpg,0.03232699632644653
131,228,images/image_216.jpg,images/image_303.jpg,0.032359302043914795
35,314,images/image_13.jpg,images/image_381.jpg,0.03237259387969971
355,358,images/image_418.jpg,images/image_420.jpg,0.03238028287887573
331,567,images/image_397.jpg,images/image_7.jpg,0.032405853271484375
314,550,images/image_381.jpg,images/image_594.jpg,0.032410621643066406
45,476,images/image_139.jpg,images/image_527.jpg,0.032434940338134766
46,118,images/image_14.jpg,images/image_204.jpg,0.03243511915206909
302,563,images/image_370.jpg,images/image_66.jpg,0.03243643045425415
357,427,images/image_42.jpg,images/image_483.jpg,0.03244072198867798
148,596,images/image_231.jpg,images/image_96.jpg,0.03245002031326294
257,380,images/image_33.jpg,images/image_440.jpg,0.032471299171447754
108,212,images/image_196.jpg,images/image_29.jpg,0.03247898817062378
234,540,images/image_309.jpg,images/image_585.jpg,0.03248649835586548
33,525,images/image_128.jpg,images/image_571.jpg,0.03248894214630127
179,562,images/image_26.jpg,images/image_65.jpg,0.032498300075531006
243,353,images/image_317.jpg,images/image_416.jpg,0.0325164794921875
328,413,images/image_394.jpg,images/image_470.jpg,0.03251957893371582
192,302,images/image_271.jpg,images/image_370.jpg,0.032527387142181396
27,353,images/image_122.jpg,images/image_416.jpg,0.03252816200256348
1,29,images/image_1.jpg,images/image_124.jpg,0.032528460025787354
139,258,images/image_223.jpg,images/image_330.jpg,0.03252995014190674
364,452,images/image_426.jpg,images/image_505.jpg,0.0325465202331543
83,525,images/image_173.jpg,images/image_571.jpg,0.03256416320800781
33,377,images/image_128.jpg,images/image_438.jpg,0.03256434202194214
61,241,images/image_153.jpg,images/image_315.jpg,0.032591283321380615
171,562,images/image_252.jpg,images/image_65.jpg,0.03259158134460449
289,389,images/image_359.jpg,images/image_449.jpg,0.03259706497192383
289,539,images/image_359.jpg,images/image_584.jpg,0.03260147571563721
95,153,images/image_184.jpg,images/image_236.jpg,0.03260397911071777
517,553,images/image_564.jpg,images/image_597.jpg,0.03263026475906372
185,479,images/image_265.jpg,images/image_53.jpg,0.03265535831451416
83,98,images/image_173.jpg,images/image_187.jpg,0.03266191482543945
4,347,images/image_101.jpg,images/image_410.jpg,0.03267109394073486
242,562,images/image_316.jpg,images/image_65.jpg,0.03269249200820923
143,596,images/image_227.jpg,images/image_96.jpg,0.03270459175109863
3,218,images/image_100.jpg,images/image_295.jpg,0.032718539237976074
159,522,images/image_241.jpg,images/image_569.jpg,0.03272014856338501
3,264,images/image_100.jpg,images/image_336.jpg,0.03273189067840576
97,238,images/image_186.jpg,images/image_312.jpg,0.03275036811828613
234,557,images/image_309.jpg,images/image_60.jpg,0.03277230262756348
76,265,images/image_167.jpg,images/image_337.jpg,0.0327724814414978
20,118,images/image_116.jpg,images/image_204.jpg,0.03278481960296631
185,219,images/image_265.jpg,images/image_296.jpg,0.03278553485870361
58,331,images/image_150.jpg,images/image_397.jpg,0.032810091972351074
211,390,images/image_289.jpg,images/image_45.jpg,0.03281545639038086
83,73,images/image_173.jpg,images/image_164.jpg,0.03282433748245239
193,212,images/image_272.jpg,images/image_29.jpg,0.032864153385162354
199,364,images/image_278.jpg,images/image_426.jpg,0.03287339210510254
184,461,images/image_264.jpg,images/image_513.jpg,0.03287363052368164
20,390,images/image_116.jpg,images/image_45.jpg,0.03287661075592041
46,390,images/image_14.jpg,images/image_45.jpg,0.03288090229034424
95,296,images/image_184.jpg,images/image_365.jpg,0.03290843963623047
172,476,images/image_253.jpg,images/image_527.jpg,0.03291130065917969
423,586,images/image_48.jpg,images/image_87.jpg,0.03291279077529907
97,366,images/image_186.jpg,images/image_428.jpg,0.03291666507720947
390,455,images/image_45.jpg,images/image_508.jpg,0.03292202949523926
289,514,images/image_359.jpg,images/image_561.jpg,0.032930612564086914
313,386,images/image_380.jpg,images/image_446.jpg,0.03293800354003906
437,558,images/image_492.jpg,images/image_61.jpg,0.03293842077255249
61,359,images/image_153.jpg,images/image_421.jpg,0.03294903039932251
33,197,images/image_128.jpg,images/image_276.jpg,0.03295356035232544
138,400,images/image_222.jpg,images/image_459.jpg,0.03295522928237915
37,121,images/image_131.jpg,images/image_207.jpg,0.03295642137527466
157,575,images/image_24.jpg,images/image_77.jpg,0.032960355281829834
83,197,images/image_173.jpg,images/image_276.jpg,0.03296613693237305
11,95,images/image_108.jpg,images/image_184.jpg,0.032971203327178955
195,562,images/image_274.jpg,images/image_65.jpg,0.03298771381378174
374,413,images/image_435.jpg,images/image_470.jpg,0.03298795223236084
163,514,images/image_245.jpg,images/image_561.jpg,0.033016979694366455
411,476,images/image_469.jpg,images/image_527.jpg,0.033018529415130615
244,254,images/image_318.jpg,images/image_327.jpg,0.033036112785339355
238,276,images/image_312.jpg,images/image_347.jpg,0.03305000066757202
289,490,images/image_359.jpg,images/image_54.jpg,0.03305083513259888
45,187,images/image_139.jpg,images/image_267.jpg,0.03305262327194214
353,474,images/image_416.jpg,images/image_525.jpg,0.0330546498298645
276,366,images/image_347.jpg,images/image_428.jpg,0.03308063745498657
366,427,images/image_428.jpg,images/image_483.jpg,0.033096134662628174
374,437,images/image_435.jpg,images/image_492.jpg,0.03309750556945801
175,289,images/image_256.jpg,images/image_359.jpg,0.033107876777648926
61,175,images/image_153.jpg,images/image_256.jpg,0.033108532428741455
392,403,images/image_451.jpg,images/image_461.jpg,0.033136725425720215
413,492,images/image_470.jpg,images/image_541.jpg,0.03314173221588135
1,347,images/image_1.jpg,images/image_410.jpg,0.033145785331726074
83,594,images/image_173.jpg,images/image_94.jpg,0.03315103054046631
413,543,images/image_470.jpg,images/image_588.jpg,0.03318428993225098
401,413,images/image_46.jpg,images/image_470.jpg,0.03319424390792847
199,474,images/image_278.jpg,images/image_525.jpg,0.033215343952178955
358,366,images/image_420.jpg,images/image_428.jpg,0.03323936462402344
141,296,images/image_225.jpg,images/image_365.jpg,0.033241450786590576
409,460,images/image_467.jpg,images/image_512.jpg,0.03324204683303833
338,364,images/image_402.jpg,images/image_426.jpg,0.03324878215789795
108,268,images/image_196.jpg,images/image_34.jpg,0.03327220678329468
340,599,images/image_404.jpg,images/image_99.jpg,0.03327763080596924
276,337,images/image_347.jpg,images/image_401.jpg,0.033296287059783936
189,555,images/image_269.jpg,images/image_599.jpg,0.03330129384994507
11,141,images/image_108.jpg,images/image_225.jpg,0.03330421447753906
201,400,images/image_28.jpg,images/image_459.jpg,0.033323585987091064
24,302,images/image_12.jpg,images/image_370.jpg,0.033357203006744385
5,265,images/image_102.jpg,images/image_337.jpg,0.03336364030838013
193,238,images/image_272.jpg,images/image_312.jpg,0.033367693424224854
245,264,images/image_319.jpg,images/image_336.jpg,0.033385634422302246
218,245,images/image_295.jpg,images/image_319.jpg,0.03339260816574097
302,457,images/image_370.jpg,images/image_51.jpg,0.03343278169631958
460,593,images/image_512.jpg,images/image_93.jpg,0.033435821533203125
338,389,images/image_402.jpg,images/image_449.jpg,0.03346961736679077
13,549,images/image_11.jpg,images/image_593.jpg,0.03347843885421753
207,409,images/image_285.jpg,images/image_467.jpg,0.03350424766540527
172,187,images/image_253.jpg,images/image_267.jpg,0.03352475166320801
244,353,images/image_318.jpg,images/image_416.jpg,0.03352564573287964
401,437,images/image_46.jpg,images/image_492.jpg,0.03354114294052124
532,596,images/image_578.jpg,images/image_96.jpg,0.03354734182357788
476,479,images/image_527.jpg,images/image_53.jpg,0.033556342124938965
514,536,images/image_561.jpg,images/image_581.jpg,0.03356713056564331
84,376,images/image_174.jpg,images/image_437.jpg,0.033582210540771484
149,384,images/image_232.jpg,images/image_444.jpg,0.03359001874923706
162,553,images/image_244.jpg,images/image_597.jpg,0.033599793910980225
97,212,images/image_186.jpg,images/image_29.jpg,0.03361856937408447
50,189,images/image_143.jpg,images/image_269.jpg,0.0336189866065979
138,530,images/image_222.jpg,images/image_576.jpg,0.033626675605773926
450,551,images/image_503.jpg,images/image_595.jpg,0.033628761768341064
328,437,images/image_394.jpg,images/image_492.jpg,0.03363215923309326
388,555,images/image_448.jpg,images/image_599.jpg,0.033635497093200684
187,411,images/image_267.jpg,images/image_469.jpg,0.03364408016204834
1,79,images/image_1.jpg,images/image_17.jpg,0.03364461660385132
199,243,images/image_278.jpg,images/image_317.jpg,0.03366541862487793
219,476,images/image_296.jpg,images/image_527.jpg,0.033684730529785156
531,550,images/image_577.jpg,images/image_594.jpg,0.03371894359588623
207,593,images/image_285.jpg,images/image_93.jpg,0.033724308013916016
33,113,images/image_128.jpg,images/image_20.jpg,0.03375178575515747
409,481,images/image_467.jpg,images/image_531.jpg,0.03377246856689453
4,79,images/image_101.jpg,images/image_17.jpg,0.033789217472076416
33,98,images/image_128.jpg,images/image_187.jpg,0.03379267454147339
492,573,images/image_541.jpg,images/image_75.jpg,0.03379356861114502
256,542,images/image_329.jpg,images/image_587.jpg,0.0337986946105957
142,244,images/image_226.jpg,images/image_318.jpg,0.03380030393600464
338,490,images/image_402.jpg,images/image_54.jpg,0.033801376819610596
149,563,images/image_232.jpg,images/image_66.jpg,0.033806562423706055
137,542,images/image_221.jpg,images/image_587.jpg,0.03382033109664917
225,332,images/image_300.jpg,images/image_398.jpg,0.0338248610496521
289,338,images/image_359.jpg,images/image_402.jpg,0.03384631872177124
212,276,images/image_29.jpg,images/image_347.jpg,0.033856987953186035
192,149,images/image_271.jpg,images/image_232.jpg,0.033892154693603516
228,598,images/image_303.jpg,images/image_98.jpg,0.033898234367370605
166,599,images/image_248.jpg,images/image_99.jpg,0.033914148807525635
121,217,images/image_207.jpg,images/image_294.jpg,0.03391486406326294
153,517,images/image_236.jpg,images/image_564.jpg,0.03391629457473755
50,388,images/image_143.jpg,images/image_448.jpg,0.03394728899002075
211,341,images/image_289.jpg,images/image_405.jpg,0.03397184610366821
362,460,images/image_424.jpg,images/image_512.jpg,0.03398710489273071
170,364,images/image_251.jpg,images/image_426.jpg,0.03399127721786499
70,286,images/image_161.jpg,images/image_356.jpg,0.034000277519226074
108,337,images/image_196.jpg,images/image_401.jpg,0.03401869535446167
555,590,images/image_599.jpg,images/image_90.jpg,0.03402507305145264
481,593,images/image_531.jpg,images/image_93.jpg,0.03402531147003174
7,413,images/image_104.jpg,images/image_470.jpg,0.03404766321182251
289,401,images/image_359.jpg,images/image_46.jpg,0.03407418727874756
212,427,images/image_29.jpg,images/image_483.jpg,0.034078240394592285
95,477,images/image_184.jpg,images/image_528.jpg,0.034088313579559326
163,241,images/image_245.jpg,images/image_315.jpg,0.034104347229003906
493,529,images/image_542.jpg,images/image_575.jpg,0.034109652042388916
440,492,images/image_495.jpg,images/image_541.jpg,0.03412562608718872
371,492,images/image_432.jpg,images/image_541.jpg,0.03413313627243042
492,577,images/image_541.jpg,images/image_79.jpg,0.03413313627243042
201,530,images/image_28.jpg,images/image_576.jpg,0.03413403034210205
389,452,images/image_449.jpg,images/image_505.jpg,0.03414642810821533
165,271,images/image_247.jpg,images/image_342.jpg,0.03416353464126587
50,590,images/image_143.jpg,images/image_90.jpg,0.034176409244537354
187,479,images/image_267.jpg,images/image_53.jpg,0.03418213129043579
225,391,images/image_300.jpg,images/image_450.jpg,0.03418701887130737
58,460,images/image_150.jpg,images/image_512.jpg,0.03419560194015503
91,490,images/image_180.jpg,images/image_54.jpg,0.034211814403533936
245,553,images/image_319.jpg,images/image_597.jpg,0.03422921895980835
207,362,images/image_285.jpg,images/image_424.jpg,0.03423386812210083
70,382,images/image_161.jpg,images/image_442.jpg,0.034242093563079834
358,482,images/image_420.jpg,images/image_532.jpg,0.034259796142578125
389,502,images/image_449.jpg,images/image_550.jpg,0.03426694869995117
301,341,images/image_37.jpg,images/image_405.jpg,0.034270286560058594
437,543,images/image_492.jpg,images/image_588.jpg,0.03427386283874512
314,517,images/image_381.jpg,images/image_564.jpg,0.034282028675079346
170,402,images/image_251.jpg,images/image_460.jpg,0.034289419651031494
27,345,images/image_122.jpg,images/image_409.jpg,0.03429079055786133
522,556,images/image_569.jpg,images/image_6.jpg,0.03429442644119263
7,437,images/image_104.jpg,images/image_492.jpg,0.03429991006851196
187,219,images/image_267.jpg,images/image_296.jpg,0.03431296348571777
212,358,images/image_29.jpg,images/image_420.jpg,0.034323155879974365
9,555,images/image_106.jpg,images/image_599.jpg,0.03433525562286377
341,596,images/image_405.jpg,images/image_96.jpg,0.03437626361846924
97,337,images/image_186.jpg,images/image_401.jpg,0.03440660238265991
389,492,images/image_449.jpg,images/image_541.jpg,0.03441745042800903
402,461,images/image_460.jpg,images/image_513.jpg,0.0344318151473999
163,359,images/image_245.jpg,images/image_421.jpg,0.03444349765777588
226,461,images/image_301.jpg,images/image_513.jpg,0.03444814682006836
490,502,images/image_54.jpg,images/image_550.jpg,0.03444850444793701
362,481,images/image_424.jpg,images/image_531.jpg,0.03445589542388916
461,579,images/image_513.jpg,images/image_80.jpg,0.034471213817596436
3,553,images/image_100.jpg,images/image_597.jpg,0.034475505352020264
243,492,images/image_317.jpg,images/image_541.jpg,0.034491121768951416
213,305,images/image_290.jpg,images/image_373.jpg,0.034491658210754395
9,50,images/image_106.jpg,images/image_143.jpg,0.03449517488479614
58,207,images/image_150.jpg,images/image_285.jpg,0.03451430797576904
103,32,images/image_191.jpg,images/image_127.jpg,0.03453528881072998
45,189,images/image_139.jpg,images/image_269.jpg,0.034540653228759766
83,551,images/image_173.jpg,images/image_595.jpg,0.03454083204269409
452,490,images/image_505.jpg,images/image_54.jpg,0.03454148769378662
97,268,images/image_186.jpg,images/image_34.jpg,0.034545183181762695
268,276,images/image_34.jpg,images/image_347.jpg,0.034577012062072754
238,427,images/image_312.jpg,images/image_483.jpg,0.034578561782836914
47,184,images/image_140.jpg,images/image_264.jpg,0.034580230712890625
141,477,images/image_225.jpg,images/image_528.jpg,0.03460490703582764
167,560,images/image_249.jpg,images/image_63.jpg,0.03461951017379761
103,226,images/image_191.jpg,images/image_301.jpg,0.03462326526641846
180,555,images/image_260.jpg,images/image_599.jpg,0.03463560342788696
241,536,images/image_315.jpg,images/image_581.jpg,0.034635722637176514
233,184,images/image_308.jpg,images/image_264.jpg,0.03463613986968994
11,35,images/image_108.jpg,images/image_13.jpg,0.034637629985809326
258,582,images/image_330.jpg,images/image_83.jpg,0.03466761112213135
491,492,images/image_540.jpg,images/image_541.jpg,0.03468066453933716
414,563,images/image_471.jpg,images/image_66.jpg,0.03468805551528931
331,407,images/image_397.jpg,images/image_465.jpg,0.034694671630859375
405,450,images/image_463.jpg,images/image_503.jpg,0.03470855951309204
24,149,images/image_12.jpg,images/image_232.jpg,0.03471493721008301
270,294,images/image_341.jpg,images/image_363.jpg,0.03473043441772461
163,175,images/image_245.jpg,images/image_256.jpg,0.03473162651062012
225,493,images/image_300.jpg,images/image_542.jpg,0.03473401069641113
306,331,images/image_374.jpg,images/image_397.jpg,0.03473931550979614
266,524,images/image_338.jpg,images/image_570.jpg,0.03474867343902588
457,149,images/image_51.jpg,images/image_232.jpg,0.03478759527206421
384,414,images/image_444.jpg,images/image_471.jpg,0.0347939133644104
50,180,images/image_143.jpg,images/image_260.jpg,0.034798502922058105
121,243,images/image_207.jpg,images/image_317.jpg,0.03480994701385498
417,525,images/image_474.jpg,images/image_571.jpg,0.034812986850738525
79,280,images/image_17.jpg,images/image_350.jpg,0.034831345081329346
282,294,images/image_352.jpg,images/image_363.jpg,0.03483891487121582
192,414,images/image_271.jpg,images/image_471.jpg,0.03484141826629639
313,337,images/image_380.jpg,images/image_401.jpg,0.03484445810317993
460,567,images/image_512.jpg,images/image_7.jpg,0.034862518310546875
45,388,images/image_139.jpg,images/image_448.jpg,0.03486335277557373
84,499,images/image_174.jpg,images/image_548.jpg,0.034864187240600586
138,561,images/image_222.jpg,images/image_64.jpg,0.03487050533294678
71,370,images/image_162.jpg,images/image_431.jpg,0.03487509489059448
2,555,images/image_10.jpg,images/image_599.jpg,0.034881651401519775
238,358,images/image_312.jpg,images/image_420.jpg,0.03489011526107788
283,529,images/image_353.jpg,images/image_575.jpg,0.034898996353149414
481,58,images/image_531.jpg,images/image_150.jpg,0.0349007248878479
258,405,images/image_330.jpg,images/image_463.jpg,0.0349159836769104
490,492,images/image_54.jpg,images/image_541.jpg,0.03492242097854614
193,355,images/image_272.jpg,images/image_418.jpg,0.03493398427963257
66,70,images/image_158.jpg,images/image_161.jpg,0.03493756055831909
27,243,images/image_122.jpg,images/image_317.jpg,0.034942686557769775
95,264,images/image_184.jpg,images/image_336.jpg,0.03496575355529785
359,536,images/image_421.jpg,images/image_581.jpg,0.03498435020446777
134,553,images/image_219.jpg,images/image_597.jpg,0.0350041389465332
172,189,images/image_253.jpg,images/image_269.jpg,0.03501331806182861
167,461,images/image_249.jpg,images/image_513.jpg,0.035023629665374756
245,595,images/image_319.jpg,images/image_95.jpg,0.03502523899078369
103,579,images/image_191.jpg,images/image_80.jpg,0.03503012657165527
560,32,images/image_63.jpg,images/image_127.jpg,0.03503155708312988
2,50,images/image_10.jpg,images/image_143.jpg,0.03504544496536255
43,553,images/image_137.jpg,images/image_597.jpg,0.03507024049758911
167,514,images/image_249.jpg,images/image_561.jpg,0.03509312868118286
279,349,images/image_35.jpg,images/image_412.jpg,0.03510391712188721
189,411,images/image_269.jpg,images/image_469.jpg,0.03511643409729004
263,501,images/image_335.jpg,images/image_55.jpg,0.035119593143463135
456,553,images/image_509.jpg,images/image_597.jpg,0.03512674570083618
197,417,images/image_276.jpg,images/image_474.jpg,0.03513598442077637
372,529,images/image_433.jpg,images/image_575.jpg,0.03515142202377319
207,567,images/image_285.jpg,images/image_7.jpg,0.035157084465026855
3,595,images/image_100.jpg,images/image_95.jpg,0.03516113758087158
175,536,images/image_256.jpg,images/image_581.jpg,0.035177528858184814
355,427,images/image_418.jpg,images/image_483.jpg,0.03519624471664429
284,512,images/image_354.jpg,images/image_56.jpg,0.03520989418029785
91,389,images/image_180.jpg,images/image_449.jpg,0.03521996736526489
461,32,images/image_513.jpg,images/image_127.jpg,0.03523319959640503
95,218,images/image_184.jpg,images/image_295.jpg,0.0352482795715332
45,590,images/image_139.jpg,images/image_90.jpg,0.035272181034088135
153,162,images/image_236.jpg,images/image_244.jpg,0.035292088985443115
244,469,images/image_318.jpg,images/image_520.jpg,0.03531438112258911
474,492,images/image_525.jpg,images/image_541.jpg,0.035321712493896484
77,501,images/image_168.jpg,images/image_55.jpg,0.03532373905181885
244,345,images/image_318.jpg,images/image_409.jpg,0.03532445430755615
27,217,images/image_122.jpg,images/image_294.jpg,0.03533703088760376
172,388,images/image_253.jpg,images/image_448.jpg,0.035359859466552734
245,314,images/image_319.jpg,images/image_381.jpg,0.03536611795425415
33,73,images/image_128.jpg,images/image_164.jpg,0.03538733720779419
23,529,images/image_119.jpg,images/image_575.jpg,0.03539013862609863
118,455,images/image_204.jpg,images/image_508.jpg,0.035393476486206055
141,264,images/image_225.jpg,images/image_336.jpg,0.035411953926086426
226,560,images/image_301.jpg,images/image_63.jpg,0.035419344902038574
157,275,images/image_24.jpg,images/image_346.jpg,0.03543585538864136
121,474,images/image_207.jpg,images/image_525.jpg,0.03544539213180542
118,155,images/image_204.jpg,images/image_238.jpg,0.03545659780502319
237,553,images/image_311.jpg,images/image_597.jpg,0.035463929176330566
481,567,images/image_531.jpg,images/image_7.jpg,0.035472571849823
31,79,images/image_126.jpg,images/image_17.jpg,0.035475075244903564
388,411,images/image_448.jpg,images/image_469.jpg,0.03548365831375122
2,317,images/image_10.jpg,images/image_384.jpg,0.035485804080963135
450,582,images/image_503.jpg,images/image_83.jpg,0.035500526428222656
6,529,images/image_103.jpg,images/image_575.jpg,0.03551238775253296
33,545,images/image_128.jpg,images/image_59.jpg,0.035513341426849365
3,314,images/image_100.jpg,images/image_381.jpg,0.03552377223968506
517,595,images/image_564.jpg,images/image_95.jpg,0.03552776575088501
377,524,images/image_438.jpg,images/image_570.jpg,0.03553539514541626
168,512,images/image_25.jpg,images/image_56.jpg,0.03554201126098633
33,541,images/image_128.jpg,images/image_586.jpg,0.035546302795410156
199,217,images/image_278.jpg,images/image_294.jpg,0.03555166721343994
70,404,images/image_161.jpg,images/image_462.jpg,0.03556090593338013
244,395,images/image_318.jpg,images/image_454.jpg,0.03557717800140381
9,45,images/image_106.jpg,images/image_139.jpg,0.035599589347839355
349,376,images/image_412.jpg,images/image_437.jpg,0.03562730550765991
84,279,images/image_174.jpg,images/image_35.jpg,0.03563636541366577
75,500,images/image_166.jpg,images/image_549.jpg,0.035648226737976074
83,405,images/image_173.jpg,images/image_463.jpg,0.03564995527267456
189,479,images/image_269.jpg,images/image_53.jpg,0.03566896915435791
112,174,images/image_2.jpg,images/image_255.jpg,0.03567147254943848
525,599,images/image_571.jpg,images/image_99.jpg,0.03567582368850708
282,288,images/image_352.jpg,images/image_358.jpg,0.03568059206008911
290,474,images/image_36.jpg,images/image_525.jpg,0.03568613529205322
270,288,images/image_341.jpg,images/image_358.jpg,0.035691142082214355
9,317,images/image_106.jpg,images/image_384.jpg,0.03570801019668579
233,402,images/image_308.jpg,images/image_460.jpg,0.035714805126190186
305,542,images/image_373.jpg,images/image_587.jpg,0.03572952747344971
27,254,images/image_122.jpg,images/image_327.jpg,0.035733699798583984
141,218,images/image_225.jpg,images/image_295.jpg,0.03575390577316284
317,590,images/image_384.jpg,images/image_90.jpg,0.035773634910583496
162,314,images/image_244.jpg,images/image_381.jpg,0.035792768001556396
0,573,images/image_0.jpg,images/image_75.jpg,0.03580641746520996
331,391,images/image_397.jpg,images/image_450.jpg,0.03581869602203369
189,219,images/image_269.jpg,images/image_296.jpg,0.03582179546356201
201,484,images/image_28.jpg,images/image_534.jpg,0.03582406044006348
201,568,images/image_28.jpg,images/image_70.jpg,0.03582417964935303
69,573,images/image_160.jpg,images/image_75.jpg,0.03582775592803955
180,317,images/image_260.jpg,images/image_384.jpg,0.03583705425262451
245,441,images/image_319.jpg,images/image_496.jpg,0.035837531089782715
331,332,images/image_397.jpg,images/image_398.jpg,0.035853564739227295
167,289,images/image_249.jpg,images/image_359.jpg,0.03585463762283325
560,579,images/image_63.jpg,images/image_80.jpg,0.0358586311340332
68,205,images/image_16.jpg,images/image_283.jpg,0.035859644412994385
441,517,images/image_496.jpg,images/image_564.jpg,0.035860300064086914
289,452,images/image_359.jpg,images/image_505.jpg,0.03586935997009277
225,331,images/image_300.jpg,images/image_397.jpg,0.03588896989822388
45,180,images/image_139.jpg,images/image_260.jpg,0.03591805696487427
156,500,images/image_239.jpg,images/image_549.jpg,0.03593122959136963
24,414,images/image_12.jpg,images/image_471.jpg,0.03594154119491577
138,568,images/image_222.jpg,images/image_70.jpg,0.03594487905502319
138,484,images/image_222.jpg,images/image_534.jpg,0.03594487905502319
55,512,images/image_148.jpg,images/image_56.jpg,0.03595089912414551
389,401,images/image_449.jpg,images/image_46.jpg,0.035953640937805176
3,441,images/image_100.jpg,images/image_496.jpg,0.035973548889160156
402,408,images/image_460.jpg,images/image_466.jpg,0.035980939865112305
183,370,images/image_263.jpg,images/image_431.jpg,0.03598737716674805
27,474,images/image_122.jpg,images/image_525.jpg,0.035991549491882324
364,408,images/image_426.jpg,images/image_466.jpg,0.03600025177001953
414,457,images/image_471.jpg,images/image_51.jpg,0.03600257635116577
492,167,images/image_541.jpg,images/image_249.jpg,0.03601604700088501
388,479,images/image_448.jpg,images/image_53.jpg,0.036037981510162354
243,290,images/image_317.jpg,images/image_36.jpg,0.03605842590332031
417,98,images/image_474.jpg,images/image_187.jpg,0.036061882972717285
37,492,images/image_131.jpg,images/image_541.jpg,0.03611046075820923
88,210,images/image_178.jpg,images/image_288.jpg,0.03611963987350464
195,263,images/image_274.jpg,images/image_335.jpg,0.03612220287322998
47,579,images/image_140.jpg,images/image_80.jpg,0.03613758087158203
47,226,images/image_140.jpg,images/image_301.jpg,0.036144137382507324
45,2,images/image_139.jpg,images/image_10.jpg,0.03616154193878174
280,347,images/image_350.jpg,images/image_410.jpg,0.036163389682769775
91,413,images/image_180.jpg,images/image_470.jpg,0.0361708402633667
29,280,images/image_124.jpg,images/image_350.jpg,0.03617703914642334
219,388,images/image_296.jpg,images/image_448.jpg,0.03618669509887695
11,550,images/image_108.jpg,images/image_594.jpg,0.03620094060897827
411,590,images/image_469.jpg,images/image_90.jpg,0.036237895488739014
197,599,images/image_276.jpg,images/image_99.jpg,0.036239445209503174
368,500,images/image_43.jpg,images/image_549.jpg,0.03624236583709717
233,579,images/image_308.jpg,images/image_80.jpg,0.03626209497451782
401,490,images/image_46.jpg,images/image_54.jpg,0.03626430034637451
226,233,images/image_301.jpg,images/image_308.jpg,0.03627389669418335
77,195,images/image_168.jpg,images/image_274.jpg,0.03629022836685181
243,244,images/image_317.jpg,images/image_318.jpg,0.03631424903869629
163,32,images/image_245.jpg,images/image_127.jpg,0.03632986545562744
172,590,images/image_253.jpg,images/image_90.jpg,0.03633236885070801
179,263,images/image_26.jpg,images/image_335.jpg,0.036344051361083984
349,499,images/image_412.jpg,images/image_548.jpg,0.03634518384933472
489,167,images/image_539.jpg,images/image_249.jpg,0.03634828329086304
113,417,images/image_20.jpg,images/image_474.jpg,0.03636348247528076
171,263,images/image_252.jpg,images/image_335.jpg,0.036384761333465576
242,263,images/image_316.jpg,images/image_335.jpg,0.036386191844940186
321,474,images/image_388.jpg,images/image_525.jpg,0.03640115261077881
114,500,images/image_200.jpg,images/image_549.jpg,0.036412835121154785
326,529,images/image_392.jpg,images/image_575.jpg,0.03641480207443237
258,551,images/image_330.jpg,images/image_595.jpg,0.0364227294921875
38,167,images/image_132.jpg,images/image_249.jpg,0.03643321990966797
524,525,images/image_570.jpg,images/image_571.jpg,0.03643399477005005
225,326,images/image_300.jpg,images/image_392.jpg,0.03643906116485596
0,577,images/image_0.jpg,images/image_79.jpg,0.03644055128097534
0,371,images/image_0.jpg,images/image_432.jpg,0.03644055128097534
189,563,images/image_269.jpg,images/image_66.jpg,0.03645682334899902
83,582,images/image_173.jpg,images/image_83.jpg,0.03646743297576904
69,577,images/image_160.jpg,images/image_79.jpg,0.03647744655609131
69,371,images/image_160.jpg,images/image_432.jpg,0.03647744655609131
348,553,images/image_411.jpg,images/image_597.jpg,0.03647792339324951
174,208,images/image_255.jpg,images/image_286.jpg,0.036487460136413574
139,450,images/image_223.jpg,images/image_503.jpg,0.03653055429458618
129,370,images/image_214.jpg,images/image_431.jpg,0.03653717041015625
103,184,images/image_191.jpg,images/image_264.jpg,0.036537349224090576
217,244,images/image_294.jpg,images/image_318.jpg,0.036542415618896484
179,331,images/image_26.jpg,images/image_397.jpg,0.036544203758239746
77,179,images/image_168.jpg,images/image_26.jpg,0.03654646873474121
163,226,images/image_245.jpg,images/image_301.jpg,0.036550939083099365
408,560,images/image_466.jpg,images/image_63.jpg,0.036551594734191895
431,529,images/image_487.jpg,images/image_575.jpg,0.03656470775604248
413,502,images/image_470.jpg,images/image_550.jpg,0.036570191383361816
411,9,images/image_469.jpg,images/image_106.jpg,0.03657400608062744
470,560,images/image_521.jpg,images/image_63.jpg,0.03657788038253784
77,171,images/image_168.jpg,images/image_252.jpg,0.036588966846466064
77,242,images/image_168.jpg,images/image_316.jpg,0.03659617900848389
203,402,images/image_281.jpg,images/image_460.jpg,0.036606431007385254
434,500,images/image_49.jpg,images/image_549.jpg,0.03661084175109863
203,560,images/image_281.jpg,images/image_63.jpg,0.03662067651748657
249,310,images/image_322.jpg,images/image_378.jpg,0.03663599491119385
189,192,images/image_269.jpg,images/image_271.jpg,0.036665916442871094
153,456,images/image_236.jpg,images/image_509.jpg,0.036667466163635254
172,9,images/image_253.jpg,images/image_106.jpg,0.03666812181472778
112,128,images/image_2.jpg,images/image_213.jpg,0.03669381141662598
29,271,images/image_124.jpg,images/image_342.jpg,0.03671067953109741
479,590,images/image_53.jpg,images/image_90.jpg,0.03672957420349121
189,384,images/image_269.jpg,images/image_444.jpg,0.03673630952835083
364,167,images/image_426.jpg,images/image_249.jpg,0.03675347566604614
233,167,images/image_308.jpg,images/image_249.jpg,0.0367579460144043
134,153,images/image_219.jpg,images/image_236.jpg,0.03676551580429077
346,554,images/image_41.jpg,images/image_598.jpg,0.036769330501556396
193,482,images/image_272.jpg,images/image_532.jpg,0.03677254915237427
437,502,images/image_492.jpg,images/image_550.jpg,0.03677910566329956
243,321,images/image_317.jpg,images/image_388.jpg,0.036787986755371094
272,500,images/image_343.jpg,images/image_549.jpg,0.0367966890335083
35,153,images/image_13.jpg,images/image_236.jpg,0.036807239055633545
29,31,images/image_124.jpg,images/image_126.jpg,0.036810338497161865
27,142,images/image_122.jpg,images/image_226.jpg,0.03681224584579468
71,553,images/image_162.jpg,images/image_597.jpg,0.036816954612731934
599,113,images/image_99.jpg,images/image_20.jpg,0.03682065010070801
170,560,images/image_251.jpg,images/image_63.jpg,0.03682136535644531
31,347,images/image_126.jpg,images/image_410.jpg,0.03682410717010498
225,329,images/image_300.jpg,images/image_395.jpg,0.03682589530944824
329,529,images/image_395.jpg,images/image_575.jpg,0.03685528039932251
427,482,images/image_483.jpg,images/image_532.jpg,0.03685706853866577
183,458,images/image_263.jpg,images/image_510.jpg,0.03686946630477905
163,579,images/image_245.jpg,images/image_80.jpg,0.03687256574630737
112,544,images/image_2.jpg,images/image_589.jpg,0.03687518835067749
180,411,images/image_260.jpg,images/image_469.jpg,0.036894381046295166
53,228,images/image_146.jpg,images/image_303.jpg,0.03689771890640259
197,524,images/image_276.jpg,images/image_570.jpg,0.036916494369506836
14,399,images/image_110.jpg,images/image_458.jpg,0.03691929578781128
47,32,images/image_140.jpg,images/image_127.jpg,0.03693521022796631
37,199,images/image_131.jpg,images/image_278.jpg,0.036935627460479736
153,550,images/image_236.jpg,images/image_594.jpg,0.03695416450500488
376,538,images/image_437.jpg,images/image_583.jpg,0.036955058574676514
38,408,images/image_132.jpg,images/image_466.jpg,0.03696644306182861
172,180,images/image_253.jpg,images/image_260.jpg,0.03699195384979248
129,458,images/image_214.jpg,images/image_510.jpg,0.03703474998474121
556,152,images/image_6.jpg,images/image_235.jpg,0.03703862428665161
560,184,images/image_63.jpg,images/image_264.jpg,0.03704428672790527
233,32,images/image_308.jpg,images/image_127.jpg,0.037046611309051514
312,386,images/image_38.jpg,images/image_446.jpg,0.03705286979675293
479,9,images/image_53.jpg,images/image_106.jpg,0.03706890344619751
162,595,images/image_244.jpg,images/image_95.jpg,0.037074923515319824
219,590,images/image_296.jpg,images/image_90.jpg,0.03709578514099121
599,98,images/image_99.jpg,images/image_187.jpg,0.037104249000549316
38,470,images/image_132.jpg,images/image_521.jpg,0.03710746765136719
106,138,images/image_194.jpg,images/image_222.jpg,0.03710746765136719
248,346,images/image_321.jpg,images/image_41.jpg,0.037136077880859375
411,2,images/image_469.jpg,images/image_10.jpg,0.0371437668800354
553,576,images/image_597.jpg,images/image_78.jpg,0.037152111530303955
119,467,images/image_205.jpg,images/image_519.jpg,0.03717648983001709
138,521,images/image_222.jpg,images/image_568.jpg,0.0371783971786499
47,167,images/image_140.jpg,images/image_249.jpg,0.03720366954803467
124,450,images/image_21.jpg,images/image_503.jpg,0.03721284866333008
489,32,images/image_539.jpg,images/image_127.jpg,0.03723496198654175
172,2,images/image_253.jpg,images/image_10.jpg,0.03723776340484619
43,153,images/image_137.jpg,images/image_236.jpg,0.03727889060974121
388,563,images/image_448.jpg,images/image_66.jpg,0.03728187084197998
47,402,images/image_140.jpg,images/image_460.jpg,0.03728288412094116
38,203,images/image_132.jpg,images/image_281.jpg,0.03728461265563965
46,145,images/image_14.jpg,images/image_229.jpg,0.037289202213287354
244,284,images/image_318.jpg,images/image_354.jpg,0.03729903697967529
448,556,images/image_501.jpg,images/image_6.jpg,0.037299156188964844
271,347,images/image_342.jpg,images/image_410.jpg,0.03731250762939453
38,170,images/image_132.jpg,images/image_251.jpg,0.037322282791137695
384,388,images/image_444.jpg,images/image_448.jpg,0.0373421311378479
20,145,images/image_116.jpg,images/image_229.jpg,0.03734409809112549
225,269,images/image_300.jpg,images/image_340.jpg,0.03736579418182373
244,474,images/image_318.jpg,images/image_525.jpg,0.03737705945968628
314,456,images/image_381.jpg,images/image_509.jpg,0.037383854389190674
155,596,images/image_238.jpg,images/image_96.jpg,0.03738808631896973
402,470,images/image_460.jpg,images/image_521.jpg,0.037390708923339844
168,587,images/image_25.jpg,images/image_88.jpg,0.03739207983016968
91,437,images/image_180.jpg,images/image_492.jpg,0.03739291429519653
180,479,images/image_260.jpg,images/image_53.jpg,0.037396252155303955
241,167,images/image_315.jpg,images/image_249.jpg,0.037400245666503906
151,384,images/image_234.jpg,images/image_444.jpg,0.03741484880447388
384,476,images/image_444.jpg,images/image_527.jpg,0.03741997480392456
151,563,images/image_234.jpg,images/image_66.jpg,0.037424445152282715
34,542,images/image_129.jpg,images/image_587.jpg,0.03743332624435425
162,441,images/image_244.jpg,images/image_496.jpg,0.03743487596511841
219,9,images/image_296.jpg,images/image_106.jpg,0.037434935569763184
192,388,images/image_271.jpg,images/image_448.jpg,0.03743565082550049
119,297,images/image_205.jpg,images/image_366.jpg,0.0374448299407959
295,527,images/image_364.jpg,images/image_573.jpg,0.037447988986968994
408,489,images/image_466.jpg,images/image_539.jpg,0.03747153282165527
337,2,images/image_401.jpg,images/image_10.jpg,0.03747755289077759
476,563,images/image_527.jpg,images/image_66.jpg,0.03748667240142822
128,208,images/image_213.jpg,images/image_286.jpg,0.03749161958694458
359,167,images/image_421.jpg,images/image_249.jpg,0.03751027584075928
269,529,images/image_340.jpg,images/image_575.jpg,0.037535130977630615
195,331,images/image_274.jpg,images/image_397.jpg,0.03754138946533203
231,385,images/image_306.jpg,images/image_445.jpg,0.03754234313964844
470,489,images/image_521.jpg,images/image_539.jpg,0.03754711151123047
83,139,images/image_173.jpg,images/image_223.jpg,0.037559330463409424
338,492,images/image_402.jpg,images/image_541.jpg,0.03756546974182129
151,192,images/image_234.jpg,images/image_271.jpg,0.0375787615776062
134,314,images/image_219.jpg,images/image_381.jpg,0.03760021924972534
38,32,images/image_132.jpg,images/image_127.jpg,0.03760814666748047
337,590,images/image_401.jpg,images/image_90.jpg,0.0376131534576416
337,9,images/image_401.jpg,images/image_106.jpg,0.03761589527130127
401,492,images/image_46.jpg,images/image_541.jpg,0.037623822689056396
370,425,images/image_431.jpg,images/image_481.jpg,0.037626564502716064
192,476,images/image_271.jpg,images/image_527.jpg,0.03763449192047119
479,2,images/image_53.jpg,images/image_10.jpg,0.03764176368713379
226,489,images/image_301.jpg,images/image_539.jpg,0.03766220808029175
252,553,images/image_325.jpg,images/image_597.jpg,0.03766995668411255
208,544,images/image_286.jpg,images/image_589.jpg,0.03767049312591553
417,73,images/image_474.jpg,images/image_164.jpg,0.03767746686935425
225,433,images/image_300.jpg,images/image_489.jpg,0.03768014907836914
203,489,images/image_281.jpg,images/image_539.jpg,0.037680745124816895
524,113,images/image_570.jpg,images/image_20.jpg,0.03768378496170044
79,504,images/image_17.jpg,images/image_552.jpg,0.03770524263381958
33,594,images/image_128.jpg,images/image_94.jpg,0.037711143493652344
289,573,images/image_359.jpg,images/image_75.jpg,0.037750303745269775
180,219,images/image_260.jpg,images/image_296.jpg,0.037760138511657715
295,361,images/image_364.jpg,images/image_423.jpg,0.037764906883239746
170,489,images/image_251.jpg,images/image_539.jpg,0.037783026695251465
235,554,images/image_31.jpg,images/image_598.jpg,0.03779339790344238
331,171,images/image_397.jpg,images/image_252.jpg,0.0378071665763855
4,41,images/image_101.jpg,images/image_135.jpg,0.03782123327255249
222,500,images/image_299.jpg,images/image_549.jpg,0.03782397508621216
153,348,images/image_236.jpg,images/image_411.jpg,0.037827134132385254
205,413,images/image_283.jpg,images/image_470.jpg,0.0378345251083374
524,98,images/image_570.jpg,images/image_187.jpg,0.0378422737121582
416,542,images/image_473.jpg,images/image_587.jpg,0.037846922874450684
55,587,images/image_148.jpg,images/image_88.jpg,0.03785580396652222
417,545,images/image_474.jpg,images/image_59.jpg,0.03786945343017578
433,529,images/image_489.jpg,images/image_575.jpg,0.03787153959274292
180,337,images/image_260.jpg,images/image_401.jpg,0.03788954019546509
331,501,images/image_397.jpg,images/image_55.jpg,0.03789651393890381
227,500,images/image_302.jpg,images/image_549.jpg,0.037910282611846924
79,271,images/image_17.jpg,images/image_342.jpg,0.037918031215667725
306,562,images/image_374.jpg,images/image_65.jpg,0.03794151544570923
243,289,images/image_317.jpg,images/image_359.jpg,0.03795671463012695
71,153,images/image_162.jpg,images/image_236.jpg,0.037960171699523926
24,189,images/image_12.jpg,images/image_269.jpg,0.037985384464263916
46,596,images/image_14.jpg,images/image_96.jpg,0.038005709648132324
219,2,images/image_296.jpg,images/image_10.jpg,0.038009822368621826
96,500,images/image_185.jpg,images/image_549.jpg,0.03801947832107544
189,457,images/image_269.jpg,images/image_51.jpg,0.038028597831726074
153,245,images/image_236.jpg,images/image_319.jpg,0.03803008794784546
298,527,images/image_367.jpg,images/image_573.jpg,0.03803825378417969
527,571,images/image_573.jpg,images/image_73.jpg,0.03803825378417969
417,541,images/image_474.jpg,images/image_586.jpg,0.03804218769073486
38,226,images/image_132.jpg,images/image_301.jpg,0.03804922103881836
0,260,images/image_0.jpg,images/image_332.jpg,0.03805255889892578
242,331,images/image_316.jpg,images/image_397.jpg,0.03807133436203003
185,384,images/image_265.jpg,images/image_444.jpg,0.03807568550109863
489,579,images/image_539.jpg,images/image_80.jpg,0.03809177875518799
187,384,images/image_267.jpg,images/image_444.jpg,0.0380939245223999
185,563,images/image_265.jpg,images/image_66.jpg,0.03809446096420288
266,599,images/image_338.jpg,images/image_99.jpg,0.038096070289611816
425,458,images/image_481.jpg,images/image_510.jpg,0.038104474544525146
289,440,images/image_359.jpg,images/image_495.jpg,0.03810805082321167
289,577,images/image_359.jpg,images/image_79.jpg,0.03811991214752197
289,371,images/image_359.jpg,images/image_432.jpg,0.03811991214752197
158,370,images/image_240.jpg,images/image_431.jpg,0.03812122344970703
217,290,images/image_294.jpg,images/image_36.jpg,0.03812140226364136
235,248,images/image_31.jpg,images/image_321.jpg,0.0381474494934082
201,561,images/image_28.jpg,images/image_64.jpg,0.03814983367919922
119,597,images/image_205.jpg,images/image_97.jpg,0.03817468881607056
187,563,images/image_267.jpg,images/image_66.jpg,0.03818148374557495
3,153,images/image_100.jpg,images/image_236.jpg,0.038237571716308594
185,192,images/image_265.jpg,images/image_271.jpg,0.03824818134307861
27,469,images/image_122.jpg,images/image_520.jpg,0.03825795650482178
419,38,images/image_476.jpg,images/image_132.jpg,0.038294851779937744
83,124,images/image_173.jpg,images/image_21.jpg,0.038304805755615234
187,192,images/image_267.jpg,images/image_271.jpg,0.03831666707992554
493,562,images/image_542.jpg,images/image_65.jpg,0.038323044776916504
205,437,images/image_283.jpg,images/image_492.jpg,0.038328468799591064
92,231,images/image_181.jpg,images/image_306.jpg,0.038330674171447754
41,362,images/image_135.jpg,images/image_424.jpg,0.038341522216796875
298,361,images/image_367.jpg,images/image_423.jpg,0.038354456424713135
361,571,images/image_423.jpg,images/image_73.jpg,0.038354456424713135
165,280,images/image_247.jpg,images/image_350.jpg,0.038356661796569824
20,596,images/image_116.jpg,images/image_96.jpg,0.038391292095184326
161,168,images/image_243.jpg,images/image_25.jpg,0.03842055797576904
27,395,images/image_122.jpg,images/image_454.jpg,0.03842085599899292
295,356,images/image_364.jpg,images/image_419.jpg,0.03846079111099243
407,562,images/image_465.jpg,images/image_65.jpg,0.038465917110443115
579,38,images/image_80.jpg,images/image_132.jpg,0.038472533226013184
217,492,images/image_294.jpg,images/image_541.jpg,0.03848081827163696
231,334,images/image_306.jpg,images/image_4.jpg,0.038493335247039795
314,348,images/image_381.jpg,images/image_411.jpg,0.038500189781188965
163,184,images/image_245.jpg,images/image_264.jpg,0.03850895166397095
24,388,images/image_12.jpg,images/image_448.jpg,0.038538336753845215
216,450,images/image_293.jpg,images/image_503.jpg,0.03854256868362427
0,440,images/image_0.jpg,images/image_495.jpg,0.03856229782104492
69,440,images/image_160.jpg,images/image_495.jpg,0.03856229782104492
69,260,images/image_160.jpg,images/image_332.jpg,0.03857386112213135
364,401,images/image_426.jpg,images/image_46.jpg,0.03859436511993408
388,457,images/image_448.jpg,images/image_51.jpg,0.03859591484069824
145,455,images/image_229.jpg,images/image_508.jpg,0.038607120513916016
541,599,images/image_586.jpg,images/image_99.jpg,0.03863215446472168
139,201,images/image_223.jpg,images/image_28.jpg,0.038665831089019775
41,567,images/image_135.jpg,images/image_7.jpg,0.03866630792617798
57,573,images/image_15.jpg,images/image_75.jpg,0.038673341274261475
41,409,images/image_135.jpg,images/image_467.jpg,0.03867483139038086
599,73,images/image_99.jpg,images/image_164.jpg,0.03869366645812988
24,151,images/image_12.jpg,images/image_234.jpg,0.038702964782714844
289,491,images/image_359.jpg,images/image_540.jpg,0.038703203201293945
24,476,images/image_12.jpg,images/image_527.jpg,0.03870952129364014
71,458,images/image_162.jpg,images/image_510.jpg,0.038713276386260986
205,364,images/image_283.jpg,images/image_426.jpg,0.03871870040893555
537,546,images/image_582.jpg,images/image_590.jpg,0.03872847557067871
474,289,images/image_525.jpg,images/image_359.jpg,0.038739562034606934
513,527,images/image_560.jpg,images/image_573.jpg,0.03874629735946655
456,595,images/image_509.jpg,images/image_95.jpg,0.03874850273132324
142,512,images/image_226.jpg,images/image_56.jpg,0.038754165172576904
457,151,images/image_51.jpg,images/image_234.jpg,0.038766562938690186
183,592,images/image_263.jpg,images/image_92.jpg,0.038769662380218506
457,476,images/image_51.jpg,images/image_527.jpg,0.03877288103103638
377,599,images/image_438.jpg,images/image_99.jpg,0.038780927658081055
545,599,images/image_59.jpg,images/image_99.jpg,0.03878128528594971
123,295,images/image_209.jpg,images/image_364.jpg,0.0388149619102478
119,160,images/image_205.jpg,images/image_242.jpg,0.038817405700683594
407,493,images/image_465.jpg,images/image_542.jpg,0.03882801532745361
274,556,images/image_345.jpg,images/image_6.jpg,0.03884851932525635
499,538,images/image_548.jpg,images/image_583.jpg,0.03886288404464722
168,396,images/image_25.jpg,images/image_455.jpg,0.038869619369506836
55,161,images/image_148.jpg,images/image_243.jpg,0.0388757586479187
217,321,images/image_294.jpg,images/image_388.jpg,0.03889995813369751
69,241,images/image_160.jpg,images/image_315.jpg,0.03890436887741089
228,350,images/image_303.jpg,images/image_413.jpg,0.03894972801208496
134,595,images/image_219.jpg,images/image_95.jpg,0.038968443870544434
244,262,images/image_318.jpg,images/image_334.jpg,0.03897881507873535
29,504,images/image_124.jpg,images/image_552.jpg,0.039000868797302246
68,401,images/image_16.jpg,images/image_46.jpg,0.03901153802871704
165,279,images/image_247.jpg,images/image_35.jpg,0.03901708126068115
298,356,images/image_367.jpg,images/image_419.jpg,0.03901761770248413
356,571,images/image_419.jpg,images/image_73.jpg,0.03901761770248413
364,470,images/image_426.jpg,images/image_521.jpg,0.03902345895767212
103,502,images/image_191.jpg,images/image_550.jpg,0.039028048515319824
129,592,images/image_214.jpg,images/image_92.jpg,0.039031028747558594
306,493,images/image_374.jpg,images/image_542.jpg,0.03905278444290161
361,513,images/image_423.jpg,images/image_560.jpg,0.03905612230300903
68,452,images/image_16.jpg,images/image_505.jpg,0.039059340953826904
31,165,images/image_126.jpg,images/image_247.jpg,0.03906947374343872
441,456,images/image_496.jpg,images/image_509.jpg,0.03907555341720581
10,484,images/image_107.jpg,images/image_534.jpg,0.03908044099807739
10,568,images/image_107.jpg,images/image_70.jpg,0.03908044099807739
228,308,images/image_303.jpg,images/image_376.jpg,0.03908228874206543
71,592,images/image_162.jpg,images/image_92.jpg,0.03908473253250122
158,458,images/image_240.jpg,images/image_510.jpg,0.039089739322662354
347,504,images/image_410.jpg,images/image_552.jpg,0.039092183113098145
103,167,images/image_191.jpg,images/image_249.jpg,0.03909480571746826
196,376,images/image_275.jpg,images/image_437.jpg,0.039099037647247314
88,420,images/image_178.jpg,images/image_477.jpg,0.03913843631744385
119,463,images/image_205.jpg,images/image_515.jpg,0.03915804624557495
138,139,images/image_222.jpg,images/image_223.jpg,0.03916114568710327
175,167,images/image_256.jpg,images/image_249.jpg,0.03918260335922241
37,290,images/image_131.jpg,images/image_36.jpg,0.03920185565948486
69,359,images/image_160.jpg,images/image_421.jpg,0.039205849170684814
119,483,images/image_205.jpg,images/image_533.jpg,0.03924006223678589
489,184,images/image_539.jpg,images/image_264.jpg,0.039240896701812744
134,441,images/image_219.jpg,images/image_496.jpg,0.03932291269302368
0,491,images/image_0.jpg,images/image_540.jpg,0.03932678699493408
57,577,images/image_15.jpg,images/image_79.jpg,0.03933674097061157
57,371,images/image_15.jpg,images/image_432.jpg,0.03933674097061157
24,187,images/image_12.jpg,images/image_267.jpg,0.03934282064437866
69,491,images/image_160.jpg,images/image_540.jpg,0.03934758901596069
55,396,images/image_148.jpg,images/image_455.jpg,0.03934800624847412
0,539,images/image_0.jpg,images/image_584.jpg,0.03936582803726196
24,185,images/image_12.jpg,images/image_265.jpg,0.03938090801239014
263,493,images/image_335.jpg,images/image_542.jpg,0.039392292499542236
237,595,images/image_311.jpg,images/image_95.jpg,0.039394259452819824
176,569,images/image_257.jpg,images/image_71.jpg,0.03940105438232422
187,457,images/image_267.jpg,images/image_51.jpg,0.03941035270690918
284,396,images/image_354.jpg,images/image_455.jpg,0.039417147636413574
123,571,images/image_209.jpg,images/image_73.jpg,0.03943145275115967
123,298,images/image_209.jpg,images/image_367.jpg,0.03943157196044922
5,308,images/image_102.jpg,images/image_376.jpg,0.03944098949432373
524,73,images/image_570.jpg,images/image_164.jpg,0.03944128751754761
185,457,images/image_265.jpg,images/image_51.jpg,0.03944194316864014
283,407,images/image_353.jpg,images/image_465.jpg,0.03944504261016846
524,541,images/image_570.jpg,images/image_586.jpg,0.03944694995880127
407,431,images/image_465.jpg,images/image_487.jpg,0.03945118188858032
283,306,images/image_353.jpg,images/image_374.jpg,0.03945493698120117
61,32,images/image_153.jpg,images/image_127.jpg,0.039478182792663574
228,478,images/image_303.jpg,images/image_529.jpg,0.039484262466430664
210,307,images/image_288.jpg,images/image_375.jpg,0.03949010372161865
306,431,images/image_374.jpg,images/image_487.jpg,0.039490461349487305
452,492,images/image_505.jpg,images/image_541.jpg,0.039497315883636475
0,241,images/image_0.jpg,images/image_315.jpg,0.039498746395111084
153,576,images/image_236.jpg,images/image_78.jpg,0.03950166702270508
239,376,images/image_313.jpg,images/image_437.jpg,0.039504170417785645
17,210,images/image_113.jpg,images/image_288.jpg,0.039507508277893066
77,493,images/image_168.jpg,images/image_542.jpg,0.039517879486083984
194,376,images/image_273.jpg,images/image_437.jpg,0.03952509164810181
395,512,images/image_454.jpg,images/image_56.jpg,0.03953486680984497
280,349,images/image_350.jpg,images/image_412.jpg,0.0395355224609375
103,374,images/image_191.jpg,images/image_435.jpg,0.03953927755355835
17,420,images/image_113.jpg,images/image_477.jpg,0.03954809904098511
16,375,images/image_112.jpg,images/image_436.jpg,0.03955620527267456
524,545,images/image_570.jpg,images/image_59.jpg,0.03955709934234619
326,562,images/image_392.jpg,images/image_65.jpg,0.039579153060913086
83,216,images/image_173.jpg,images/image_293.jpg,0.03958970308303833
69,32,images/image_160.jpg,images/image_127.jpg,0.039611995220184326
344,527,images/image_408.jpg,images/image_573.jpg,0.03962212800979614
279,538,images/image_35.jpg,images/image_583.jpg,0.039646029472351074
522,554,images/image_569.jpg,images/image_598.jpg,0.03965109586715698
37,289,images/image_131.jpg,images/image_359.jpg,0.03966587781906128
61,226,images/image_153.jpg,images/image_301.jpg,0.03968685865402222
356,513,images/image_419.jpg,images/image_560.jpg,0.039721548557281494
68,338,images/image_16.jpg,images/image_402.jpg,0.03973323106765747
35,553,images/image_13.jpg,images/image_597.jpg,0.039740145206451416
386,2,images/image_446.jpg,images/image_10.jpg,0.039740800857543945
272,397,images/image_343.jpg,images/image_456.jpg,0.039741456508636475
203,364,images/image_281.jpg,images/image_426.jpg,0.03975784778594971
165,376,images/image_247.jpg,images/image_437.jpg,0.039776623249053955
332,493,images/image_398.jpg,images/image_542.jpg,0.039788126945495605
386,590,images/image_446.jpg,images/image_90.jpg,0.03979086875915527
419,592,images/image_476.jpg,images/image_92.jpg,0.03979992866516113
536,32,images/image_581.jpg,images/image_127.jpg,0.039810895919799805
0,359,images/image_0.jpg,images/image_421.jpg,0.03981482982635498
159,152,images/image_241.jpg,images/image_235.jpg,0.03983336687088013
386,9,images/image_446.jpg,images/image_106.jpg,0.03984266519546509
348,595,images/image_411.jpg,images/image_95.jpg,0.03988313674926758
69,539,images/image_160.jpg,images/image_584.jpg,0.03990340232849121
286,503,images/image_356.jpg,images/image_551.jpg,0.039904236793518066
284,398,images/image_354.jpg,images/image_457.jpg,0.03992915153503418
417,594,images/image_474.jpg,images/image_94.jpg,0.03993034362792969
157,246,images/image_24.jpg,images/image_32.jpg,0.03993058204650879
344,361,images/image_408.jpg,images/image_423.jpg,0.039935410022735596
248,522,images/image_321.jpg,images/image_569.jpg,0.03994494676589966
417,559,images/image_474.jpg,images/image_62.jpg,0.03994619846343994
251,492,images/image_324.jpg,images/image_541.jpg,0.039948225021362305
156,397,images/image_239.jpg,images/image_456.jpg,0.03997659683227539
69,175,images/image_160.jpg,images/image_256.jpg,0.03999221324920654
329,562,images/image_395.jpg,images/image_65.jpg,0.03999912738800049
61,579,images/image_153.jpg,images/image_80.jpg,0.04001861810684204
75,473,images/image_166.jpg,images/image_524.jpg,0.04002267122268677
425,592,images/image_481.jpg,images/image_92.jpg,0.04003500938415527
419,489,images/image_476.jpg,images/image_539.jpg,0.04003649950027466
536,226,images/image_581.jpg,images/image_301.jpg,0.040042221546173096
237,441,images/image_311.jpg,images/image_496.jpg,0.040056705474853516
375,556,images/image_436.jpg,images/image_6.jpg,0.04005914926528931
382,503,images/image_442.jpg,images/image_551.jpg,0.04006165266036987
485,556,images/image_535.jpg,images/image_6.jpg,0.04006993770599365
17,449,images/image_113.jpg,images/image_502.jpg,0.04007363319396973
37,321,images/image_131.jpg,images/image_388.jpg,0.040089309215545654
332,562,images/image_398.jpg,images/image_65.jpg,0.04009830951690674
550,553,images/image_594.jpg,images/image_597.jpg,0.040106892585754395
35,141,images/image_13.jpg,images/image_225.jpg,0.040113985538482666
331,562,images/image_397.jpg,images/image_65.jpg,0.040119171142578125
155,301,images/image_238.jpg,images/image_37.jpg,0.04012870788574219
237,314,images/image_311.jpg,images/image_381.jpg,0.0401378870010376
159,448,images/image_241.jpg,images/image_501.jpg,0.040141761302948
123,513,images/image_209.jpg,images/image_560.jpg,0.0401461124420166
180,386,images/image_260.jpg,images/image_446.jpg,0.04015469551086426
69,579,images/image_160.jpg,images/image_80.jpg,0.040179550647735596
117,176,images/image_203.jpg,images/image_257.jpg,0.04019582271575928
348,441,images/image_411.jpg,images/image_496.jpg,0.04020911455154419
307,420,images/image_375.jpg,images/image_477.jpg,0.040215134620666504
312,337,images/image_38.jpg,images/image_401.jpg,0.04023700952529907
402,167,images/image_460.jpg,images/image_249.jpg,0.04024237394332886
16,114,images/image_112.jpg,images/image_200.jpg,0.04024839401245117
43,370,images/image_137.jpg,images/image_431.jpg,0.04025089740753174
16,368,images/image_112.jpg,images/image_43.jpg,0.04025763273239136
0,32,images/image_0.jpg,images/image_127.jpg,0.040260136127471924
148,246,images/image_231.jpg,images/image_32.jpg,0.040260136127471924
35,95,images/image_13.jpg,images/image_184.jpg,0.040261268615722656
46,301,images/image_14.jpg,images/image_37.jpg,0.04026985168457031
23,306,images/image_119.jpg,images/image_374.jpg,0.04027515649795532
23,407,images/image_119.jpg,images/image_465.jpg,0.04027533531188965
537,38,images/image_582.jpg,images/image_132.jpg,0.04028189182281494
88,449,images/image_178.jpg,images/image_502.jpg,0.04029923677444458
31,349,images/image_126.jpg,images/image_412.jpg,0.04030328989028931
165,499,images/image_247.jpg,images/image_548.jpg,0.040310025215148926
16,96,images/image_112.jpg,images/image_185.jpg,0.040316224098205566
27,284,images/image_122.jpg,images/image_354.jpg,0.04036837816238403
536,579,images/image_581.jpg,images/image_80.jpg,0.04037022590637207
156,473,images/image_239.jpg,images/image_524.jpg,0.040374577045440674
141,550,images/image_225.jpg,images/image_594.jpg,0.04037576913833618
246,532,images/image_32.jpg,images/image_578.jpg,0.04037743806838989
573,579,images/image_75.jpg,images/image_80.jpg,0.04038739204406738
397,75,images/image_456.jpg,images/image_166.jpg,0.04038935899734497
308,319,images/image_376.jpg,images/image_386.jpg,0.04043257236480713
176,204,images/image_257.jpg,images/image_282.jpg,0.040451765060424805
269,562,images/image_340.jpg,images/image_65.jpg,0.04045593738555908
391,562,images/image_450.jpg,images/image_65.jpg,0.040456533432006836
161,284,images/image_243.jpg,images/image_354.jpg,0.04047417640686035
283,391,images/image_353.jpg,images/image_450.jpg,0.0404852032661438
263,326,images/image_335.jpg,images/image_392.jpg,0.040488600730895996
391,431,images/image_450.jpg,images/image_487.jpg,0.04049217700958252
16,227,images/image_112.jpg,images/image_302.jpg,0.04050183296203613
146,210,images/image_23.jpg,images/image_288.jpg,0.040504276752471924
3,35,images/image_100.jpg,images/image_13.jpg,0.04050576686859131
69,226,images/image_160.jpg,images/image_301.jpg,0.04051858186721802
419,546,images/image_476.jpg,images/image_590.jpg,0.04051893949508667
368,473,images/image_43.jpg,images/image_524.jpg,0.04052257537841797
76,308,images/image_167.jpg,images/image_376.jpg,0.04052579402923584
95,550,images/image_184.jpg,images/image_594.jpg,0.04052656888961792
69,514,images/image_160.jpg,images/image_561.jpg,0.040552735328674316
106,201,images/image_194.jpg,images/image_28.jpg,0.04056870937347412
243,371,images/image_317.jpg,images/image_432.jpg,0.04058259725570679
243,577,images/image_317.jpg,images/image_79.jpg,0.04058259725570679
573,32,images/image_75.jpg,images/image_127.jpg,0.04059666395187378
344,356,images/image_408.jpg,images/image_419.jpg,0.040599822998046875
41,593,images/image_135.jpg,images/image_93.jpg,0.04060554504394531
332,431,images/image_398.jpg,images/image_487.jpg,0.04060643911361694
77,326,images/image_168.jpg,images/image_392.jpg,0.040607750415802
20,301,images/image_116.jpg,images/image_37.jpg,0.04060781002044678
0,175,images/image_0.jpg,images/image_256.jpg,0.040618956089019775
283,332,images/image_353.jpg,images/image_398.jpg,0.04062032699584961
16,434,images/image_112.jpg,images/image_49.jpg,0.040632426738739014
16,222,images/image_112.jpg,images/image_299.jpg,0.04063636064529419
433,583,images/image_489.jpg,images/image_84.jpg,0.04065287113189697
126,587,images/image_211.jpg,images/image_88.jpg,0.04069012403488159
41,58,images/image_135.jpg,images/image_150.jpg,0.040693461894989014
284,587,images/image_354.jpg,images/image_88.jpg,0.04069697856903076
114,473,images/image_200.jpg,images/image_524.jpg,0.04070436954498291
118,143,images/image_204.jpg,images/image_227.jpg,0.040713727474212646
273,370,images/image_344.jpg,images/image_431.jpg,0.040718019008636475
433,562,images/image_489.jpg,images/image_65.jpg,0.04074364900588989
439,501,images/image_494.jpg,images/image_55.jpg,0.04074728488922119
391,493,images/image_450.jpg,images/image_542.jpg,0.04074746370315552
205,389,images/image_283.jpg,images/image_449.jpg,0.04075312614440918
147,211,images/image_230.jpg,images/image_289.jpg,0.040779173374176025
3,550,images/image_100.jpg,images/image_594.jpg,0.040793418884277344
177,278,images/image_258.jpg,images/image_349.jpg,0.04079544544219971
196,499,images/image_275.jpg,images/image_548.jpg,0.040809035301208496
231,381,images/image_306.jpg,images/image_441.jpg,0.04082423448562622
579,0,images/image_80.jpg,images/image_0.jpg,0.04082602262496948
573,226,images/image_75.jpg,images/image_301.jpg,0.040829479694366455
263,329,images/image_335.jpg,images/image_395.jpg,0.04084491729736328
66,503,images/image_158.jpg,images/image_551.jpg,0.04084676504135132
158,592,images/image_240.jpg,images/image_92.jpg,0.04085010290145874
252,595,images/image_325.jpg,images/image_95.jpg,0.04085820913314819
307,449,images/image_375.jpg,images/image_502.jpg,0.04086935520172119
163,167,images/image_245.jpg,images/image_249.jpg,0.04088449478149414
17,510,images/image_113.jpg,images/image_558.jpg,0.04090374708175659
6,407,images/image_103.jpg,images/image_465.jpg,0.04091137647628784
201,582,images/image_28.jpg,images/image_83.jpg,0.040916383266448975
549,556,images/image_593.jpg,images/image_6.jpg,0.04091823101043701
508,179,images/image_556.jpg,images/image_26.jpg,0.04092693328857422
6,306,images/image_103.jpg,images/image_374.jpg,0.040934741497039795
215,512,images/image_292.jpg,images/image_56.jpg,0.040952324867248535
153,237,images/image_236.jpg,images/image_311.jpg,0.04095965623855591
77,329,images/image_168.jpg,images/image_395.jpg,0.04096633195877075
434,473,images/image_49.jpg,images/image_524.jpg,0.04097449779510498
201,521,images/image_28.jpg,images/image_568.jpg,0.040989696979522705
177,515,images/image_258.jpg,images/image_562.jpg,0.04099464416503906
138,575,images/image_222.jpg,images/image_77.jpg,0.04099595546722412
243,573,images/image_317.jpg,images/image_75.jpg,0.040997207164764404
90,587,images/image_18.jpg,images/image_88.jpg,0.0409998893737793
194,499,images/image_273.jpg,images/image_548.jpg,0.041006386280059814
371,579,images/image_432.jpg,images/image_80.jpg,0.04102778434753418
577,579,images/image_79.jpg,images/image_80.jpg,0.04102778434753418
372,407,images/image_433.jpg,images/image_465.jpg,0.04103022813796997
123,344,images/image_209.jpg,images/image_408.jpg,0.04104119539260864
232,537,images/image_307.jpg,images/image_582.jpg,0.04105710983276367
205,490,images/image_283.jpg,images/image_54.jpg,0.041059136390686035
251,199,images/image_324.jpg,images/image_278.jpg,0.04106426239013672
263,269,images/image_335.jpg,images/image_340.jpg,0.04109913110733032
364,184,images/image_426.jpg,images/image_264.jpg,0.041100502014160156
306,372,images/image_374.jpg,images/image_433.jpg,0.041109323501586914
509,532,images/image_557.jpg,images/image_578.jpg,0.041112303733825684
127,246,images/image_212.jpg,images/image_32.jpg,0.04111820459365845
35,245,images/image_13.jpg,images/image_319.jpg,0.04111969470977783
400,417,images/image_459.jpg,images/image_474.jpg,0.04112088680267334
594,599,images/image_94.jpg,images/image_99.jpg,0.041136205196380615
243,440,images/image_317.jpg,images/image_495.jpg,0.04113638401031494
181,278,images/image_261.jpg,images/image_349.jpg,0.04116368293762207
7,402,images/image_104.jpg,images/image_460.jpg,0.04118996858596802
455,596,images/image_508.jpg,images/image_96.jpg,0.04119008779525757
77,269,images/image_168.jpg,images/image_340.jpg,0.041207075119018555
201,405,images/image_28.jpg,images/image_463.jpg,0.04123419523239136
145,341,images/image_229.jpg,images/image_405.jpg,0.041239142417907715
417,530,images/image_474.jpg,images/image_576.jpg,0.04124021530151367
371,32,images/image_432.jpg,images/image_127.jpg,0.041244447231292725
577,32,images/image_79.jpg,images/image_127.jpg,0.041244447231292725
222,397,images/image_299.jpg,images/image_456.jpg,0.041249096393585205
368,397,images/image_43.jpg,images/image_456.jpg,0.041274428367614746
397,434,images/image_456.jpg,images/image_49.jpg,0.041307806968688965
165,504,images/image_247.jpg,images/image_552.jpg,0.0413094162940979
43,441,images/image_137.jpg,images/image_496.jpg,0.04131108522415161
514,0,images/image_561.jpg,images/image_0.jpg,0.041317522525787354
243,491,images/image_317.jpg,images/image_540.jpg,0.041320621967315674
155,211,images/image_238.jpg,images/image_289.jpg,0.04134112596511841
272,473,images/image_343.jpg,images/image_524.jpg,0.04134249687194824
60,211,images/image_152.jpg,images/image_289.jpg,0.04134649038314819
508,171,images/image_556.jpg,images/image_252.jpg,0.04134678840637207
23,391,images/image_119.jpg,images/image_450.jpg,0.04135632514953613
181,515,images/image_261.jpg,images/image_562.jpg,0.04136162996292114
88,510,images/image_178.jpg,images/image_558.jpg,0.04139673709869385
249,323,images/image_322.jpg,images/image_39.jpg,0.04139775037765503
245,550,images/image_319.jpg,images/image_594.jpg,0.04140329360961914
227,397,images/image_302.jpg,images/image_456.jpg,0.04140859842300415
57,32,images/image_15.jpg,images/image_127.jpg,0.04140901565551758
57,260,images/image_15.jpg,images/image_332.jpg,0.04141688346862793
404,503,images/image_462.jpg,images/image_551.jpg,0.04142874479293823
43,314,images/image_137.jpg,images/image_381.jpg,0.04142946004867554
71,441,images/image_162.jpg,images/image_496.jpg,0.04144769906997681
16,485,images/image_112.jpg,images/image_535.jpg,0.04144895076751709
211,292,images/image_289.jpg,images/image_361.jpg,0.041455864906311035
269,583,images/image_340.jpg,images/image_84.jpg,0.041459739208221436
23,332,images/image_119.jpg,images/image_398.jpg,0.041479647159576416
371,226,images/image_432.jpg,images/image_301.jpg,0.04148602485656738
577,226,images/image_79.jpg,images/image_301.jpg,0.04148602485656738
138,582,images/image_222.jpg,images/image_83.jpg,0.041486382484436035
263,433,images/image_335.jpg,images/image_489.jpg,0.04149597883224487
96,397,images/image_185.jpg,images/image_456.jpg,0.041498541831970215
57,440,images/image_15.jpg,images/image_495.jpg,0.041504859924316406
252,441,images/image_325.jpg,images/image_496.jpg,0.04152637720108032
239,499,images/image_313.jpg,images/image_548.jpg,0.041539907455444336
147,301,images/image_230.jpg,images/image_37.jpg,0.04155534505844116
77,433,images/image_168.jpg,images/image_489.jpg,0.041597723960876465
7,103,images/image_104.jpg,images/image_191.jpg,0.04161602258682251
114,397,images/image_200.jpg,images/image_456.jpg,0.04161691665649414
60,301,images/image_152.jpg,images/image_37.jpg,0.04162544012069702
16,365,images/image_112.jpg,images/image_427.jpg,0.04164320230484009
196,279,images/image_275.jpg,images/image_35.jpg,0.0416601300239563
27,262,images/image_122.jpg,images/image_334.jpg,0.04166203737258911
300,501,images/image_369.jpg,images/image_55.jpg,0.04166746139526367
43,595,images/image_137.jpg,images/image_95.jpg,0.04167526960372925
252,314,images/image_325.jpg,images/image_381.jpg,0.041706740856170654
82,119,images/image_172.jpg,images/image_205.jpg,0.04171782732009888
71,314,images/image_162.jpg,images/image_381.jpg,0.041718363761901855
159,274,images/image_241.jpg,images/image_345.jpg,0.04173558950424194
16,75,images/image_112.jpg,images/image_166.jpg,0.041752517223358154
61,184,images/image_153.jpg,images/image_264.jpg,0.041758716106414795
307,510,images/image_375.jpg,images/image_558.jpg,0.04178893566131592
440,579,images/image_495.jpg,images/image_80.jpg,0.04182714223861694
177,202,images/image_258.jpg,images/image_280.jpg,0.04182732105255127
157,223,images/image_24.jpg,images/image_3.jpg,0.04183083772659302
524,594,images/image_570.jpg,images/image_94.jpg,0.04184544086456299
138,405,images/image_222.jpg,images/image_463.jpg,0.04185110330581665
194,279,images/image_273.jpg,images/image_35.jpg,0.04185187816619873
258,561,images/image_330.jpg,images/image_64.jpg,0.04185432195663452
16,156,images/image_112.jpg,images/image_239.jpg,0.0418776273727417
439,171,images/image_494.jpg,images/image_252.jpg,0.04188054800033569
71,595,images/image_162.jpg,images/image_95.jpg,0.04188305139541626
137,228,images/image_221.jpg,images/image_303.jpg,0.04188591241836548
439,179,images/image_494.jpg,images/image_26.jpg,0.04189866781234741
374,402,images/image_435.jpg,images/image_460.jpg,0.04190188646316528
6,391,images/image_103.jpg,images/image_450.jpg,0.04190564155578613
371,474,images/image_432.jpg,images/image_525.jpg,0.0419577956199646
474,577,images/image_525.jpg,images/image_79.jpg,0.0419577956199646
326,583,images/image_392.jpg,images/image_84.jpg,0.041985929012298584
372,391,images/image_433.jpg,images/image_450.jpg,0.0419919490814209
119,358,images/image_205.jpg,images/image_420.jpg,0.04200255870819092
57,579,images/image_15.jpg,images/image_80.jpg,0.04200899600982666
46,211,images/image_14.jpg,images/image_289.jpg,0.042017459869384766
16,448,images/image_112.jpg,images/image_501.jpg,0.04202127456665039
217,289,images/image_294.jpg,images/image_359.jpg,0.04202908277511597
537,592,images/image_582.jpg,images/image_92.jpg,0.04202914237976074
329,583,images/image_395.jpg,images/image_84.jpg,0.04203003644943237
139,532,images/image_223.jpg,images/image_578.jpg,0.04203188419342041
489,537,images/image_539.jpg,images/image_582.jpg,0.042044997215270996
57,241,images/image_15.jpg,images/image_315.jpg,0.04205363988876343
440,32,images/image_495.jpg,images/image_127.jpg,0.04206317663192749
6,332,images/image_103.jpg,images/image_398.jpg,0.042073071002960205
119,367,images/image_205.jpg,images/image_429.jpg,0.04207336902618408
16,287,images/image_112.jpg,images/image_357.jpg,0.04208928346633911
536,184,images/image_581.jpg,images/image_264.jpg,0.04210519790649414
402,184,images/image_460.jpg,images/image_264.jpg,0.042128145694732666
573,184,images/image_75.jpg,images/image_264.jpg,0.04214668273925781
332,372,images/image_398.jpg,images/image_433.jpg,0.04214882850646973
181,202,images/image_261.jpg,images/image_280.jpg,0.04219716787338257
501,508,images/image_55.jpg,images/image_556.jpg,0.042218685150146484
242,508,images/image_316.jpg,images/image_556.jpg,0.04223036766052246
148,223,images/image_231.jpg,images/image_3.jpg,0.04223048686981201
292,301,images/image_361.jpg,images/image_37.jpg,0.04224109649658203
440,226,images/image_495.jpg,images/image_301.jpg,0.04225105047225952
54,355,images/image_147.jpg,images/image_418.jpg,0.04225766658782959
222,473,images/image_299.jpg,images/image_524.jpg,0.042310476303100586
83,320,images/image_173.jpg,images/image_387.jpg,0.042316734790802
57,491,images/image_15.jpg,images/image_540.jpg,0.04232066869735718
279,29,images/image_35.jpg,images/image_124.jpg,0.0423312783241272
57,226,images/image_15.jpg,images/image_301.jpg,0.042342960834503174
370,576,images/image_431.jpg,images/image_78.jpg,0.04234480857849121
33,559,images/image_128.jpg,images/image_62.jpg,0.042365431785583496
49,302,images/image_142.jpg,images/image_370.jpg,0.04236781597137451
57,359,images/image_15.jpg,images/image_421.jpg,0.042375802993774414
147,596,images/image_230.jpg,images/image_96.jpg,0.04237711429595947
239,279,images/image_313.jpg,images/image_35.jpg,0.04238259792327881
474,573,images/image_525.jpg,images/image_75.jpg,0.042385101318359375
273,458,images/image_344.jpg,images/image_510.jpg,0.04239088296890259
223,532,images/image_3.jpg,images/image_578.jpg,0.04239386320114136
16,272,images/image_112.jpg,images/image_343.jpg,0.04240614175796509
227,473,images/image_302.jpg,images/image_524.jpg,0.04242241382598877
484,532,images/image_534.jpg,images/image_578.jpg,0.04243147373199463
532,568,images/image_578.jpg,images/image_70.jpg,0.04243147373199463
118,341,images/image_204.jpg,images/image_405.jpg,0.04244202375411987
37,371,images/image_131.jpg,images/image_432.jpg,0.04245227575302124
37,577,images/image_131.jpg,images/image_79.jpg,0.04245227575302124
60,596,images/image_152.jpg,images/image_96.jpg,0.04246634244918823
20,211,images/image_116.jpg,images/image_289.jpg,0.04246926307678223
228,256,images/image_303.jpg,images/image_329.jpg,0.04247552156448364
96,473,images/image_185.jpg,images/image_524.jpg,0.042476654052734375
364,579,images/image_426.jpg,images/image_80.jpg,0.04248547554016113
186,246,images/image_266.jpg,images/image_32.jpg,0.04248857498168945
349,504,images/image_412.jpg,images/image_552.jpg,0.04249536991119385
225,283,images/image_300.jpg,images/image_353.jpg,0.04250037670135498
216,258,images/image_293.jpg,images/image_330.jpg,0.042503297328948975
242,439,images/image_316.jpg,images/image_494.jpg,0.0425223708152771
440,474,images/image_495.jpg,images/image_525.jpg,0.0425262451171875
403,554,images/image_461.jpg,images/image_598.jpg,0.04253745079040527
69,184,images/image_160.jpg,images/image_264.jpg,0.04254806041717529
4,76,images/image_101.jpg,images/image_167.jpg,0.042552947998046875
4,84,images/image_101.jpg,images/image_174.jpg,0.04257786273956299
215,587,images/image_292.jpg,images/image_88.jpg,0.042587876319885254
302,533,images/image_370.jpg,images/image_579.jpg,0.042654335498809814
493,583,images/image_542.jpg,images/image_84.jpg,0.04266548156738281
148,139,images/image_231.jpg,images/image_223.jpg,0.0426710844039917
364,32,images/image_426.jpg,images/image_127.jpg,0.04270613193511963
474,491,images/image_525.jpg,images/image_540.jpg,0.04272735118865967
163,502,images/image_245.jpg,images/image_550.jpg,0.042732298374176025
57,539,images/image_15.jpg,images/image_584.jpg,0.042750537395477295
225,372,images/image_300.jpg,images/image_433.jpg,0.04276418685913086
300,179,images/image_369.jpg,images/image_26.jpg,0.04278099536895752
364,226,images/image_426.jpg,images/image_301.jpg,0.04278755187988281
33,400,images/image_128.jpg,images/image_459.jpg,0.04278796911239624
300,171,images/image_369.jpg,images/image_252.jpg,0.042788028717041016
371,184,images/image_432.jpg,images/image_264.jpg,0.042797744274139404
577,184,images/image_79.jpg,images/image_264.jpg,0.042797744274139404
148,484,images/image_231.jpg,images/image_534.jpg,0.04280972480773926
148,568,images/image_231.jpg,images/image_70.jpg,0.04280996322631836
254,512,images/image_327.jpg,images/image_56.jpg,0.04281109571456909
258,521,images/image_330.jpg,images/image_568.jpg,0.04282933473587036
16,152,images/image_112.jpg,images/image_235.jpg,0.04284036159515381
153,252,images/image_236.jpg,images/image_325.jpg,0.04284626245498657
37,573,images/image_131.jpg,images/image_75.jpg,0.04285597801208496
429,539,images/image_485.jpg,images/image_584.jpg,0.04285740852355957
127,509,images/image_212.jpg,images/image_557.jpg,0.042867183685302734
459,581,images/image_511.jpg,images/image_82.jpg,0.042869627475738525
201,551,images/image_28.jpg,images/image_595.jpg,0.04288715124130249
10,400,images/image_107.jpg,images/image_459.jpg,0.04288983345031738
23,225,images/image_119.jpg,images/image_300.jpg,0.04294031858444214
200,355,images/image_279.jpg,images/image_418.jpg,0.04295909404754639
121,539,images/image_207.jpg,images/image_584.jpg,0.042975544929504395
232,419,images/image_307.jpg,images/image_476.jpg,0.04298478364944458
554,586,images/image_598.jpg,images/image_87.jpg,0.04298520088195801
279,347,images/image_35.jpg,images/image_410.jpg,0.04299032688140869
195,439,images/image_274.jpg,images/image_494.jpg,0.043017804622650146
431,179,images/image_487.jpg,images/image_26.jpg,0.0430375337600708
229,295,images/image_304.jpg,images/image_364.jpg,0.043044209480285645
127,139,images/image_212.jpg,images/image_223.jpg,0.04306638240814209
159,485,images/image_241.jpg,images/image_535.jpg,0.04307103157043457
142,396,images/image_226.jpg,images/image_455.jpg,0.04309946298599243
127,223,images/image_212.jpg,images/image_3.jpg,0.043108463287353516
102,205,images/image_190.jpg,images/image_283.jpg,0.04311281442642212
159,375,images/image_241.jpg,images/image_436.jpg,0.0431135892868042
263,306,images/image_335.jpg,images/image_374.jpg,0.04311788082122803
283,179,images/image_353.jpg,images/image_26.jpg,0.04312944412231445
177,403,images/image_258.jpg,images/image_461.jpg,0.04314678907394409
273,592,images/image_344.jpg,images/image_92.jpg,0.043167293071746826
6,225,images/image_103.jpg,images/image_300.jpg,0.043171823024749756
57,175,images/image_15.jpg,images/image_256.jpg,0.043182194232940674
40,370,images/image_134.jpg,images/image_431.jpg,0.04320746660232544
148,509,images/image_231.jpg,images/image_557.jpg,0.04321253299713135
469,512,images/image_520.jpg,images/image_56.jpg,0.04321342706680298
376,29,images/image_437.jpg,images/image_124.jpg,0.04322177171707153
515,554,images/image_562.jpg,images/image_598.jpg,0.04322320222854614
37,440,images/image_131.jpg,images/image_495.jpg,0.043223440647125244
205,289,images/image_283.jpg,images/image_359.jpg,0.04323148727416992
292,596,images/image_361.jpg,images/image_96.jpg,0.043232858180999756
77,331,images/image_168.jpg,images/image_397.jpg,0.043250322341918945
16,274,images/image_112.jpg,images/image_345.jpg,0.04326683282852173
248,403,images/image_321.jpg,images/image_461.jpg,0.04328042268753052
1,362,images/image_1.jpg,images/image_424.jpg,0.04328441619873047
163,374,images/image_245.jpg,images/image_435.jpg,0.04328674077987671
263,331,images/image_335.jpg,images/image_397.jpg,0.043294310569763184
569,591,images/image_71.jpg,images/image_91.jpg,0.04330652952194214
33,530,images/image_128.jpg,images/image_576.jpg,0.04331409931182861
54,482,images/image_147.jpg,images/image_532.jpg,0.04332411289215088
491,37,images/image_540.jpg,images/image_131.jpg,0.04333144426345825
142,398,images/image_226.jpg,images/image_457.jpg,0.043365299701690674
248,586,images/image_321.jpg,images/image_87.jpg,0.04339468479156494
148,258,images/image_231.jpg,images/image_330.jpg,0.043416380882263184
320,450,images/image_387.jpg,images/image_503.jpg,0.04342621564865112
124,258,images/image_21.jpg,images/image_330.jpg,0.0434262752532959
77,306,images/image_168.jpg,images/image_374.jpg,0.04344230890274048
16,549,images/image_112.jpg,images/image_593.jpg,0.04344862699508667
242,300,images/image_316.jpg,images/image_369.jpg,0.04345214366912842
42,278,images/image_136.jpg,images/image_349.jpg,0.04347705841064453
251,290,images/image_324.jpg,images/image_36.jpg,0.04348498582839966
138,551,images/image_222.jpg,images/image_595.jpg,0.04349112510681152
141,517,images/image_225.jpg,images/image_564.jpg,0.04349392652511597
132,140,images/image_217.jpg,images/image_224.jpg,0.04349595308303833
1,409,images/image_1.jpg,images/image_467.jpg,0.04351174831390381
181,403,images/image_261.jpg,images/image_461.jpg,0.043524742126464844
13,16,images/image_11.jpg,images/image_112.jpg,0.0435371994972229
440,184,images/image_495.jpg,images/image_264.jpg,0.0435599684715271
258,532,images/image_330.jpg,images/image_578.jpg,0.043560683727264404
127,568,images/image_212.jpg,images/image_70.jpg,0.043605268001556396
127,484,images/image_212.jpg,images/image_534.jpg,0.043605268001556396
141,162,images/image_225.jpg,images/image_244.jpg,0.04361402988433838
499,29,images/image_548.jpg,images/image_124.jpg,0.043621063232421875
177,522,images/image_258.jpg,images/image_569.jpg,0.043631911277770996
157,559,images/image_24.jpg,images/image_62.jpg,0.04365074634552002
374,514,images/image_435.jpg,images/image_561.jpg,0.04365229606628418
301,455,images/image_37.jpg,images/image_508.jpg,0.0436672568321228
260,429,images/image_332.jpg,images/image_485.jpg,0.04366797208786011
402,226,images/image_460.jpg,images/image_301.jpg,0.043675005435943604
42,515,images/image_136.jpg,images/image_562.jpg,0.043681561946868896
138,275,images/image_222.jpg,images/image_346.jpg,0.043685853481292725
370,471,images/image_431.jpg,images/image_522.jpg,0.04369235038757324
514,57,images/image_561.jpg,images/image_15.jpg,0.04369276762008667
1,4,images/image_1.jpg,images/image_101.jpg,0.04370272159576416
263,407,images/image_335.jpg,images/image_465.jpg,0.043704867362976074
251,289,images/image_324.jpg,images/image_359.jpg,0.0437164306640625
419,560,images/image_476.jpg,images/image_63.jpg,0.043733954429626465
5,137,images/image_102.jpg,images/image_221.jpg,0.04378652572631836
353,539,images/image_416.jpg,images/image_584.jpg,0.043790578842163086
161,215,images/image_243.jpg,images/image_292.jpg,0.04379141330718994
1,567,images/image_1.jpg,images/image_7.jpg,0.043793439865112305
491,579,images/image_540.jpg,images/image_80.jpg,0.04380011558532715
5,478,images/image_102.jpg,images/image_529.jpg,0.043805480003356934
278,554,images/image_349.jpg,images/image_598.jpg,0.0438157320022583
5,350,images/image_102.jpg,images/image_413.jpg,0.043849050998687744
159,549,images/image_241.jpg,images/image_593.jpg,0.0438765287399292
229,571,images/image_304.jpg,images/image_73.jpg,0.04388231039047241
229,298,images/image_304.jpg,images/image_367.jpg,0.04388248920440674
402,502,images/image_460.jpg,images/image_550.jpg,0.0439225435256958
442,179,images/image_497.jpg,images/image_26.jpg,0.0439491868019104
23,179,images/image_119.jpg,images/image_26.jpg,0.04395264387130737
458,471,images/image_510.jpg,images/image_522.jpg,0.04396843910217285
12,580,images/image_109.jpg,images/image_81.jpg,0.043982505798339844
181,522,images/image_261.jpg,images/image_569.jpg,0.04398912191390991
347,376,images/image_410.jpg,images/image_437.jpg,0.04400664567947388
77,407,images/image_168.jpg,images/image_465.jpg,0.04402732849121094
143,145,images/image_227.jpg,images/image_229.jpg,0.04402977228164673
200,482,images/image_279.jpg,images/image_532.jpg,0.044035255908966064
202,554,images/image_280.jpg,images/image_598.jpg,0.04403656721115112
491,32,images/image_540.jpg,images/image_127.jpg,0.044036865234375
248,515,images/image_321.jpg,images/image_562.jpg,0.044041454792022705
106,258,images/image_194.jpg,images/image_330.jpg,0.04405480623245239
395,396,images/image_454.jpg,images/image_455.jpg,0.044055044651031494
123,231,images/image_209.jpg,images/image_306.jpg,0.04405945539474487
117,591,images/image_203.jpg,images/image_91.jpg,0.044098615646362305
121,260,images/image_207.jpg,images/image_332.jpg,0.04410451650619507
300,195,images/image_369.jpg,images/image_274.jpg,0.044113993644714355
127,258,images/image_212.jpg,images/image_330.jpg,0.04413396120071411
146,420,images/image_23.jpg,images/image_477.jpg,0.04413712024688721
372,179,images/image_433.jpg,images/image_26.jpg,0.044146716594696045
370,446,images/image_431.jpg,images/image_50.jpg,0.0441470742225647
314,576,images/image_381.jpg,images/image_78.jpg,0.04415154457092285
441,576,images/image_496.jpg,images/image_78.jpg,0.044172465801239014
524,559,images/image_570.jpg,images/image_62.jpg,0.04420053958892822
231,356,images/image_306.jpg,images/image_419.jpg,0.04420572519302368
4,271,images/image_101.jpg,images/image_342.jpg,0.044214069843292236
49,149,images/image_142.jpg,images/image_232.jpg,0.04422086477279663
491,226,images/image_540.jpg,images/image_301.jpg,0.04423165321350098
4,319,images/image_101.jpg,images/image_386.jpg,0.04423302412033081
61,573,images/image_153.jpg,images/image_75.jpg,0.044237613677978516
325,334,images/image_391.jpg,images/image_4.jpg,0.044242024421691895
41,279,images/image_135.jpg,images/image_35.jpg,0.04430109262466431
79,279,images/image_17.jpg,images/image_35.jpg,0.04432576894760132
347,499,images/image_410.jpg,images/image_548.jpg,0.04432886838912964
431,195,images/image_487.jpg,images/image_274.jpg,0.044349074363708496
225,431,images/image_300.jpg,images/image_487.jpg,0.04437828063964844
442,171,images/image_497.jpg,images/image_252.jpg,0.04438585042953491
103,573,images/image_191.jpg,images/image_75.jpg,0.04442191123962402
428,96,images/image_484.jpg,images/image_185.jpg,0.04442387819290161
402,579,images/image_460.jpg,images/image_80.jpg,0.044424355030059814
142,161,images/image_226.jpg,images/image_243.jpg,0.04444229602813721
20,521,images/image_116.jpg,images/image_568.jpg,0.04444563388824463
186,223,images/image_266.jpg,images/image_3.jpg,0.04444962739944458
368,428,images/image_43.jpg,images/image_484.jpg,0.04445087909698486
251,321,images/image_324.jpg,images/image_388.jpg,0.04445493221282959
446,458,images/image_50.jpg,images/image_510.jpg,0.04446256160736084
215,396,images/image_292.jpg,images/image_455.jpg,0.044466495513916016
114,428,images/image_200.jpg,images/image_484.jpg,0.04446864128112793
12,454,images/image_109.jpg,images/image_507.jpg,0.04447048902511597
186,139,images/image_266.jpg,images/image_223.jpg,0.0444759726524353
431,171,images/image_487.jpg,images/image_252.jpg,0.04447883367538452
140,236,images/image_224.jpg,images/image_310.jpg,0.04447895288467407
6,179,images/image_103.jpg,images/image_26.jpg,0.044480323791503906
331,460,images/image_397.jpg,images/image_512.jpg,0.04451191425323486
576,595,images/image_78.jpg,images/image_95.jpg,0.044525325298309326
42,202,images/image_136.jpg,images/image_280.jpg,0.04454469680786133
533,149,images/image_579.jpg,images/image_232.jpg,0.04455113410949707
217,371,images/image_294.jpg,images/image_432.jpg,0.04456496238708496
217,577,images/image_294.jpg,images/image_79.jpg,0.04456496238708496
142,587,images/image_226.jpg,images/image_88.jpg,0.04456782341003418
283,171,images/image_353.jpg,images/image_252.jpg,0.04456883668899536
283,195,images/image_353.jpg,images/image_274.jpg,0.04458099603652954
43,458,images/image_137.jpg,images/image_510.jpg,0.04458165168762207
201,575,images/image_28.jpg,images/image_77.jpg,0.04462146759033203
40,537,images/image_134.jpg,images/image_582.jpg,0.04463315010070801
40,458,images/image_134.jpg,images/image_510.jpg,0.04464006423950195
61,167,images/image_153.jpg,images/image_249.jpg,0.04464519023895264
397,554,images/image_456.jpg,images/image_598.jpg,0.04465627670288086
227,428,images/image_302.jpg,images/image_484.jpg,0.04465693235397339
248,278,images/image_321.jpg,images/image_349.jpg,0.04465728998184204
395,398,images/image_454.jpg,images/image_457.jpg,0.04466128349304199
229,513,images/image_304.jpg,images/image_560.jpg,0.0446624755859375
231,361,images/image_306.jpg,images/image_423.jpg,0.044691264629364014
272,403,images/image_343.jpg,images/image_461.jpg,0.044695377349853516
260,353,images/image_332.jpg,images/image_416.jpg,0.04470467567443848
536,167,images/image_581.jpg,images/image_249.jpg,0.04471731185913086
126,396,images/image_211.jpg,images/image_455.jpg,0.04473865032196045
242,431,images/image_316.jpg,images/image_487.jpg,0.04474318027496338
431,501,images/image_487.jpg,images/image_55.jpg,0.044774532318115234
228,305,images/image_303.jpg,images/image_373.jpg,0.04477626085281372
4,5,images/image_101.jpg,images/image_102.jpg,0.04477643966674805
222,428,images/image_299.jpg,images/image_484.jpg,0.04479557275772095
402,32,images/image_460.jpg,images/image_127.jpg,0.04479557275772095
400,524,images/image_459.jpg,images/image_570.jpg,0.044800400733947754
283,501,images/image_353.jpg,images/image_55.jpg,0.04481065273284912
137,319,images/image_221.jpg,images/image_386.jpg,0.04481244087219238
229,231,images/image_304.jpg,images/image_306.jpg,0.04481637477874756
365,428,images/image_427.jpg,images/image_484.jpg,0.04482048749923706
405,532,images/image_463.jpg,images/image_578.jpg,0.044821739196777344
325,385,images/image_391.jpg,images/image_445.jpg,0.04482388496398926
319,478,images/image_386.jpg,images/image_529.jpg,0.04482710361480713
283,242,images/image_353.jpg,images/image_316.jpg,0.04483199119567871
99,581,images/image_188.jpg,images/image_82.jpg,0.044838547706604004
76,137,images/image_167.jpg,images/image_221.jpg,0.04484736919403076
319,350,images/image_386.jpg,images/image_413.jpg,0.04485136270523071
202,248,images/image_280.jpg,images/image_321.jpg,0.044852495193481445
76,478,images/image_167.jpg,images/image_529.jpg,0.0448535680770874
428,434,images/image_484.jpg,images/image_49.jpg,0.04486048221588135
126,512,images/image_211.jpg,images/image_56.jpg,0.044868409633636475
375,428,images/image_436.jpg,images/image_484.jpg,0.044885098934173584
76,350,images/image_167.jpg,images/image_413.jpg,0.04490596055984497
95,517,images/image_184.jpg,images/image_564.jpg,0.044917941093444824
156,403,images/image_239.jpg,images/image_461.jpg,0.044930338859558105
161,395,images/image_243.jpg,images/image_454.jpg,0.04493522644042969
272,522,images/image_343.jpg,images/image_569.jpg,0.04494285583496094
419,497,images/image_476.jpg,images/image_546.jpg,0.044945359230041504
207,331,images/image_285.jpg,images/image_397.jpg,0.044954538345336914
202,272,images/image_280.jpg,images/image_343.jpg,0.044962406158447266
500,522,images/image_549.jpg,images/image_569.jpg,0.045000433921813965
95,162,images/image_184.jpg,images/image_244.jpg,0.04501688480377197
217,573,images/image_294.jpg,images/image_75.jpg,0.04502570629119873
331,481,images/image_397.jpg,images/image_531.jpg,0.04502767324447632
223,417,images/image_3.jpg,images/image_474.jpg,0.045036494731903076
248,397,images/image_321.jpg,images/image_456.jpg,0.04504954814910889
12,85,images/image_109.jpg,images/image_175.jpg,0.04508864879608154
90,396,images/image_18.jpg,images/image_455.jpg,0.045091986656188965
186,509,images/image_266.jpg,images/image_557.jpg,0.04509329795837402
119,193,images/image_205.jpg,images/image_272.jpg,0.045100629329681396
186,258,images/image_266.jpg,images/image_330.jpg,0.04510235786437988
168,262,images/image_25.jpg,images/image_334.jpg,0.0451241135597229
156,522,images/image_239.jpg,images/image_569.jpg,0.04512488842010498
150,580,images/image_233.jpg,images/image_81.jpg,0.04513430595397949
204,591,images/image_282.jpg,images/image_91.jpg,0.04516798257827759
309,419,images/image_377.jpg,images/image_476.jpg,0.0451810359954834
217,440,images/image_294.jpg,images/image_495.jpg,0.045201897621154785
55,262,images/image_148.jpg,images/image_334.jpg,0.045202672481536865
326,407,images/image_392.jpg,images/image_465.jpg,0.045207202434539795
450,568,images/image_503.jpg,images/image_70.jpg,0.045207679271698
450,484,images/image_503.jpg,images/image_534.jpg,0.045207679271698
403,75,images/image_461.jpg,images/image_166.jpg,0.045213401317596436
61,577,images/image_153.jpg,images/image_79.jpg,0.04523181915283203
61,371,images/image_153.jpg,images/image_432.jpg,0.04523181915283203
156,202,images/image_239.jpg,images/image_280.jpg,0.04525613784790039
287,428,images/image_357.jpg,images/image_484.jpg,0.04526567459106445
524,530,images/image_570.jpg,images/image_576.jpg,0.04526782035827637
329,407,images/image_395.jpg,images/image_465.jpg,0.04529225826263428
79,376,images/image_17.jpg,images/image_437.jpg,0.04529857635498047
459,540,images/image_511.jpg,images/image_585.jpg,0.04529857635498047
20,275,images/image_116.jpg,images/image_346.jpg,0.04532891511917114
442,242,images/image_497.jpg,images/image_316.jpg,0.04532897472381592
43,592,images/image_137.jpg,images/image_92.jpg,0.04533064365386963
23,195,images/image_119.jpg,images/image_274.jpg,0.045350730419158936
217,491,images/image_294.jpg,images/image_540.jpg,0.045359671115875244
41,376,images/image_135.jpg,images/image_437.jpg,0.045367538928985596
40,592,images/image_134.jpg,images/image_92.jpg,0.04537153244018555
157,400,images/image_24.jpg,images/image_459.jpg,0.045378267765045166
163,7,images/image_245.jpg,images/image_104.jpg,0.04538238048553467
23,171,images/image_119.jpg,images/image_252.jpg,0.0453946590423584
90,512,images/image_18.jpg,images/image_56.jpg,0.04539847373962402
273,537,images/image_344.jpg,images/image_582.jpg,0.04540073871612549
442,501,images/image_497.jpg,images/image_55.jpg,0.04540210962295532
211,455,images/image_289.jpg,images/image_508.jpg,0.04541391134262085
40,419,images/image_134.jpg,images/image_476.jpg,0.04541856050491333
306,326,images/image_374.jpg,images/image_392.jpg,0.04542428255081177
146,449,images/image_23.jpg,images/image_502.jpg,0.04543393850326538
231,527,images/image_306.jpg,images/image_573.jpg,0.04543781280517578
186,568,images/image_266.jpg,images/image_70.jpg,0.045439720153808594
186,484,images/image_266.jpg,images/image_534.jpg,0.045439720153808594
103,577,images/image_191.jpg,images/image_79.jpg,0.04544627666473389
103,371,images/image_191.jpg,images/image_432.jpg,0.04544627666473389
251,371,images/image_324.jpg,images/image_432.jpg,0.04547816514968872
251,577,images/image_324.jpg,images/image_79.jpg,0.04547816514968872
46,521,images/image_14.jpg,images/image_568.jpg,0.045497000217437744
148,405,images/image_231.jpg,images/image_463.jpg,0.04549962282180786
20,575,images/image_116.jpg,images/image_77.jpg,0.04550224542617798
306,329,images/image_374.jpg,images/image_395.jpg,0.04551339149475098
372,195,images/image_433.jpg,images/image_274.jpg,0.04551994800567627
522,75,images/image_569.jpg,images/image_166.jpg,0.045537471771240234
177,397,images/image_258.jpg,images/image_456.jpg,0.04554671049118042
41,499,images/image_135.jpg,images/image_548.jpg,0.04556149244308472
202,75,images/image_280.jpg,images/image_166.jpg,0.04556626081466675
61,502,images/image_153.jpg,images/image_550.jpg,0.045571088790893555
263,332,images/image_335.jpg,images/image_398.jpg,0.04557168483734131
372,171,images/image_433.jpg,images/image_252.jpg,0.04557448625564575
491,184,images/image_540.jpg,images/image_264.jpg,0.04558378458023071
64,581,images/image_156.jpg,images/image_82.jpg,0.04558980464935303
182,580,images/image_262.jpg,images/image_81.jpg,0.04559028148651123
119,427,images/image_205.jpg,images/image_483.jpg,0.04559803009033203
92,295,images/image_181.jpg,images/image_364.jpg,0.04560917615890503
229,344,images/image_304.jpg,images/image_408.jpg,0.04561936855316162
150,454,images/image_233.jpg,images/image_507.jpg,0.045625150203704834
502,536,images/image_550.jpg,images/image_581.jpg,0.04562985897064209
23,501,images/image_119.jpg,images/image_55.jpg,0.04564380645751953
23,242,images/image_119.jpg,images/image_316.jpg,0.045658111572265625
537,560,images/image_582.jpg,images/image_63.jpg,0.04566425085067749
79,499,images/image_17.jpg,images/image_548.jpg,0.04569882154464722
163,573,images/image_245.jpg,images/image_75.jpg,0.04570305347442627
148,400,images/image_231.jpg,images/image_459.jpg,0.04571855068206787
12,104,images/image_109.jpg,images/image_192.jpg,0.04571998119354248
272,278,images/image_343.jpg,images/image_349.jpg,0.04573744535446167
395,587,images/image_454.jpg,images/image_88.jpg,0.04574000835418701
372,501,images/image_433.jpg,images/image_55.jpg,0.04576200246810913
1,593,images/image_1.jpg,images/image_93.jpg,0.04576456546783447
280,319,images/image_350.jpg,images/image_386.jpg,0.045767784118652344
559,599,images/image_62.jpg,images/image_99.jpg,0.04576784372329712
400,532,images/image_459.jpg,images/image_578.jpg,0.04578578472137451
532,551,images/image_578.jpg,images/image_595.jpg,0.04579818248748779
272,515,images/image_343.jpg,images/image_562.jpg,0.04582846164703369
502,514,images/image_550.jpg,images/image_561.jpg,0.0458335280418396
92,325,images/image_181.jpg,images/image_391.jpg,0.045859336853027344
397,500,images/image_456.jpg,images/image_549.jpg,0.04589200019836426
397,13,images/image_456.jpg,images/image_11.jpg,0.0458981990814209
77,332,images/image_168.jpg,images/image_398.jpg,0.04590606689453125
372,242,images/image_433.jpg,images/image_316.jpg,0.045907020568847656
127,405,images/image_212.jpg,images/image_463.jpg,0.04590868949890137
251,573,images/image_324.jpg,images/image_75.jpg,0.045925021171569824
181,397,images/image_261.jpg,images/image_456.jpg,0.04593300819396973
42,403,images/image_136.jpg,images/image_461.jpg,0.045934081077575684
6,171,images/image_103.jpg,images/image_252.jpg,0.04594665765762329
34,228,images/image_129.jpg,images/image_303.jpg,0.04598325490951538
6,195,images/image_103.jpg,images/image_274.jpg,0.04598575830459595
400,599,images/image_459.jpg,images/image_99.jpg,0.04598897695541382
1,58,images/image_1.jpg,images/image_150.jpg,0.046001136302948
10,223,images/image_107.jpg,images/image_3.jpg,0.046012938022613525
34,5,images/image_129.jpg,images/image_102.jpg,0.04601788520812988
157,530,images/image_24.jpg,images/image_576.jpg,0.04603928327560425
26,302,images/image_121.jpg,images/image_370.jpg,0.04604220390319824
278,156,images/image_349.jpg,images/image_239.jpg,0.04605066776275635
428,75,images/image_484.jpg,images/image_166.jpg,0.04606962203979492
458,576,images/image_510.jpg,images/image_78.jpg,0.046070098876953125
532,582,images/image_578.jpg,images/image_83.jpg,0.04607999324798584
417,484,images/image_474.jpg,images/image_534.jpg,0.046080946922302246
417,568,images/image_474.jpg,images/image_70.jpg,0.04608112573623657
342,167,images/image_406.jpg,images/image_249.jpg,0.04608333110809326
3,320,images/image_100.jpg,images/image_387.jpg,0.04610162973403931
182,454,images/image_262.jpg,images/image_507.jpg,0.04610329866409302
263,391,images/image_335.jpg,images/image_450.jpg,0.0461043119430542
222,403,images/image_299.jpg,images/image_461.jpg,0.046109795570373535
355,467,images/image_418.jpg,images/image_519.jpg,0.04611098766326904
515,156,images/image_562.jpg,images/image_239.jpg,0.04612308740615845
25,140,images/image_120.jpg,images/image_224.jpg,0.04612600803375244
273,419,images/image_344.jpg,images/image_476.jpg,0.04614853858947754
6,501,images/image_103.jpg,images/image_55.jpg,0.04616129398345947
345,539,images/image_409.jpg,images/image_584.jpg,0.04616338014602661
428,156,images/image_484.jpg,images/image_239.jpg,0.04617643356323242
49,414,images/image_142.jpg,images/image_471.jpg,0.04619723558425903
370,419,images/image_431.jpg,images/image_476.jpg,0.04620814323425293
61,374,images/image_153.jpg,images/image_435.jpg,0.046222686767578125
368,403,images/image_43.jpg,images/image_461.jpg,0.04622286558151245
140,169,images/image_224.jpg,images/image_250.jpg,0.04623985290527344
326,332,images/image_392.jpg,images/image_398.jpg,0.04623985290527344
228,416,images/image_303.jpg,images/image_473.jpg,0.04625439643859863
85,150,images/image_175.jpg,images/image_233.jpg,0.04626262187957764
403,96,images/image_461.jpg,images/image_185.jpg,0.04626905918121338
364,402,images/image_426.jpg,images/image_460.jpg,0.04626947641372681
92,571,images/image_181.jpg,images/image_73.jpg,0.04629039764404297
92,298,images/image_181.jpg,images/image_367.jpg,0.046290457248687744
4,538,images/image_101.jpg,images/image_583.jpg,0.04629075527191162
202,222,images/image_280.jpg,images/image_299.jpg,0.046305060386657715
251,440,images/image_324.jpg,images/image_495.jpg,0.04632294178009033
329,332,images/image_395.jpg,images/image_398.jpg,0.04632437229156494
251,491,images/image_324.jpg,images/image_540.jpg,0.04634690284729004
374,536,images/image_435.jpg,images/image_581.jpg,0.04635310173034668
531,553,images/image_577.jpg,images/image_597.jpg,0.04635775089263916
49,151,images/image_142.jpg,images/image_234.jpg,0.04636329412460327
271,362,images/image_342.jpg,images/image_424.jpg,0.0463680624961853
278,75,images/image_349.jpg,images/image_166.jpg,0.046369314193725586
140,572,images/image_224.jpg,images/image_74.jpg,0.04638725519180298
416,5,images/image_473.jpg,images/image_102.jpg,0.046388208866119385
440,61,images/image_495.jpg,images/image_153.jpg,0.046391069889068604
202,96,images/image_280.jpg,images/image_185.jpg,0.046399831771850586
403,434,images/image_461.jpg,images/image_49.jpg,0.04642766714096069
140,496,images/image_224.jpg,images/image_545.jpg,0.04643607139587402
515,75,images/image_562.jpg,images/image_166.jpg,0.046436309814453125
77,391,images/image_168.jpg,images/image_450.jpg,0.04644334316253662
52,419,images/image_145.jpg,images/image_476.jpg,0.046443402767181396
297,355,images/image_366.jpg,images/image_418.jpg,0.0464475154876709
414,533,images/image_471.jpg,images/image_579.jpg,0.04645782709121704
76,280,images/image_167.jpg,images/image_350.jpg,0.04645991325378418
368,522,images/image_43.jpg,images/image_569.jpg,0.04646420478820801
148,551,images/image_231.jpg,images/image_595.jpg,0.04646855592727661
202,368,images/image_280.jpg,images/image_43.jpg,0.04648381471633911
425,537,images/image_481.jpg,images/image_582.jpg,0.046485185623168945
42,522,images/image_136.jpg,images/image_569.jpg,0.04648786783218384
103,440,images/image_191.jpg,images/image_495.jpg,0.046491384506225586
431,460,images/image_487.jpg,images/image_512.jpg,0.046531081199645996
287,397,images/image_357.jpg,images/image_456.jpg,0.0465317964553833
530,10,images/image_576.jpg,images/image_107.jpg,0.04653608798980713
227,403,images/image_302.jpg,images/image_461.jpg,0.046536147594451904
148,530,images/image_231.jpg,images/image_576.jpg,0.04654151201248169
132,327,images/image_217.jpg,images/image_393.jpg,0.046547532081604004
434,522,images/image_49.jpg,images/image_569.jpg,0.04654818773269653
459,557,images/image_511.jpg,images/image_60.jpg,0.04655468463897705
533,151,images/image_579.jpg,images/image_234.jpg,0.04655855894088745
222,522,images/image_299.jpg,images/image_569.jpg,0.04656106233596802
102,401,images/image_190.jpg,images/image_46.jpg,0.046574413776397705
271,409,images/image_342.jpg,images/image_467.jpg,0.046576082706451416
467,482,images/image_519.jpg,images/image_532.jpg,0.046578288078308105
536,573,images/image_581.jpg,images/image_75.jpg,0.046595096588134766
127,400,images/image_212.jpg,images/image_459.jpg,0.04660552740097046
14,310,images/image_110.jpg,images/image_378.jpg,0.046611785888671875
365,397,images/image_427.jpg,images/image_456.jpg,0.046612322330474854
342,419,images/image_406.jpg,images/image_476.jpg,0.0466151237487793
83,568,images/image_173.jpg,images/image_70.jpg,0.04661804437637329
83,484,images/image_173.jpg,images/image_534.jpg,0.04661804437637329
146,510,images/image_23.jpg,images/image_558.jpg,0.04663503170013428
33,568,images/image_128.jpg,images/image_70.jpg,0.04664266109466553
33,484,images/image_128.jpg,images/image_534.jpg,0.04664266109466553
46,275,images/image_14.jpg,images/image_346.jpg,0.046660423278808594
132,154,images/image_217.jpg,images/image_237.jpg,0.04666835069656372
245,320,images/image_319.jpg,images/image_387.jpg,0.04667830467224121
530,599,images/image_576.jpg,images/image_99.jpg,0.04667872190475464
272,428,images/image_343.jpg,images/image_484.jpg,0.04668349027633667
28,140,images/image_123.jpg,images/image_224.jpg,0.04669374227523804
370,379,images/image_431.jpg,images/image_44.jpg,0.046698033809661865
148,582,images/image_231.jpg,images/image_83.jpg,0.04670298099517822
530,532,images/image_576.jpg,images/image_578.jpg,0.04670381546020508
403,114,images/image_461.jpg,images/image_200.jpg,0.04670608043670654
163,577,images/image_245.jpg,images/image_79.jpg,0.04670703411102295
163,371,images/image_245.jpg,images/image_432.jpg,0.04670703411102295
428,13,images/image_484.jpg,images/image_11.jpg,0.04670959711074829
227,522,images/image_302.jpg,images/image_569.jpg,0.04672735929489136
85,182,images/image_175.jpg,images/image_262.jpg,0.04672902822494507
260,61,images/image_332.jpg,images/image_153.jpg,0.04675459861755371
202,434,images/image_280.jpg,images/image_49.jpg,0.046770691871643066
52,537,images/image_145.jpg,images/image_582.jpg,0.04677903652191162
202,227,images/image_280.jpg,images/image_302.jpg,0.046779751777648926
271,567,images/image_342.jpg,images/image_7.jpg,0.04679518938064575
471,592,images/image_522.jpg,images/image_92.jpg,0.04679739475250244
522,96,images/image_569.jpg,images/image_185.jpg,0.04682660102844238
522,114,images/image_569.jpg,images/image_200.jpg,0.046839118003845215
46,575,images/image_14.jpg,images/image_77.jpg,0.046847522258758545
297,482,images/image_366.jpg,images/image_532.jpg,0.04685002565383911
283,562,images/image_353.jpg,images/image_65.jpg,0.046867430210113525
127,551,images/image_212.jpg,images/image_595.jpg,0.046887099742889404
419,425,images/image_476.jpg,images/image_481.jpg,0.04689377546310425
104,150,images/image_192.jpg,images/image_233.jpg,0.04689568281173706
428,485,images/image_484.jpg,images/image_535.jpg,0.04690289497375488
260,345,images/image_332.jpg,images/image_409.jpg,0.046914875507354736
129,537,images/image_214.jpg,images/image_582.jpg,0.04692351818084717
166,559,images/image_248.jpg,images/image_62.jpg,0.0469394326210022
205,492,images/image_283.jpg,images/image_541.jpg,0.046959519386291504
31,319,images/image_126.jpg,images/image_386.jpg,0.04698169231414795
372,562,images/image_433.jpg,images/image_65.jpg,0.04699695110321045
379,458,images/image_44.jpg,images/image_510.jpg,0.047009944915771484
207,431,images/image_285.jpg,images/image_487.jpg,0.04701697826385498
92,513,images/image_181.jpg,images/image_560.jpg,0.04703998565673828
202,114,images/image_280.jpg,images/image_200.jpg,0.047042250633239746
325,381,images/image_391.jpg,images/image_441.jpg,0.04704761505126953
76,34,images/image_167.jpg,images/image_129.jpg,0.04706484079360962
514,7,images/image_561.jpg,images/image_104.jpg,0.04707103967666626
102,452,images/image_190.jpg,images/image_505.jpg,0.047087132930755615
222,278,images/image_299.jpg,images/image_349.jpg,0.04709160327911377
246,10,images/image_32.jpg,images/image_107.jpg,0.04710674285888672
355,597,images/image_418.jpg,images/image_97.jpg,0.04711538553237915
223,33,images/image_3.jpg,images/image_128.jpg,0.0471227765083313
127,582,images/image_212.jpg,images/image_83.jpg,0.04713672399520874
269,407,images/image_340.jpg,images/image_465.jpg,0.047144412994384766
431,481,images/image_487.jpg,images/image_531.jpg,0.04718810319900513
222,515,images/image_299.jpg,images/image_562.jpg,0.04718989133834839
326,391,images/image_392.jpg,images/image_450.jpg,0.04719138145446777
246,417,images/image_32.jpg,images/image_474.jpg,0.0471920371055603
278,96,images/image_349.jpg,images/image_185.jpg,0.04719752073287964
295,385,images/image_364.jpg,images/image_445.jpg,0.04719811677932739
319,34,images/image_386.jpg,images/image_129.jpg,0.04720449447631836
280,5,images/image_350.jpg,images/image_102.jpg,0.04721587896347046
446,592,images/image_50.jpg,images/image_92.jpg,0.04722154140472412
148,559,images/image_231.jpg,images/image_62.jpg,0.04722517728805542
473,527,images/image_524.jpg,images/image_573.jpg,0.04722636938095093
491,61,images/image_540.jpg,images/image_153.jpg,0.04722720384597778
562,23,images/image_65.jpg,images/image_119.jpg,0.0472874641418457
515,96,images/image_562.jpg,images/image_185.jpg,0.04728943109512329
129,419,images/image_214.jpg,images/image_476.jpg,0.04729658365249634
329,391,images/image_395.jpg,images/image_450.jpg,0.04730147123336792
67,179,images/image_159.jpg,images/image_26.jpg,0.04730987548828125
103,203,images/image_191.jpg,images/image_281.jpg,0.047311246395111084
278,368,images/image_349.jpg,images/image_43.jpg,0.04731220006942749
99,540,images/image_188.jpg,images/image_585.jpg,0.047316014766693115
269,306,images/image_340.jpg,images/image_374.jpg,0.04735863208770752
201,275,images/image_28.jpg,images/image_346.jpg,0.047365784645080566
20,561,images/image_116.jpg,images/image_64.jpg,0.047366559505462646
186,405,images/image_266.jpg,images/image_463.jpg,0.0473669171333313
368,515,images/image_43.jpg,images/image_562.jpg,0.047368764877319336
104,182,images/image_192.jpg,images/image_262.jpg,0.047382354736328125
20,106,images/image_116.jpg,images/image_194.jpg,0.04739588499069214
407,433,images/image_465.jpg,images/image_489.jpg,0.047398924827575684
532,559,images/image_578.jpg,images/image_62.jpg,0.04742419719696045
254,396,images/image_327.jpg,images/image_455.jpg,0.04745751619338989
562,6,images/image_65.jpg,images/image_103.jpg,0.04746818542480469
491,103,images/image_540.jpg,images/image_191.jpg,0.04747581481933594
428,448,images/image_484.jpg,images/image_501.jpg,0.047479987144470215
127,530,images/image_212.jpg,images/image_576.jpg,0.0474855899810791
76,416,images/image_167.jpg,images/image_473.jpg,0.04750603437423706
361,473,images/image_423.jpg,images/image_524.jpg,0.04753214120864868
419,458,images/image_476.jpg,images/image_510.jpg,0.04754161834716797
458,38,images/image_510.jpg,images/image_132.jpg,0.047542035579681396
236,327,images/image_310.jpg,images/image_393.jpg,0.04754906892776489
227,278,images/image_302.jpg,images/image_349.jpg,0.04755979776382446
539,61,images/image_584.jpg,images/image_153.jpg,0.04756057262420654
210,315,images/image_288.jpg,images/image_382.jpg,0.04756289720535278
278,434,images/image_349.jpg,images/image_49.jpg,0.04756581783294678
482,597,images/image_532.jpg,images/image_97.jpg,0.04758262634277344
260,103,images/image_332.jpg,images/image_191.jpg,0.04758477210998535
484,524,images/image_534.jpg,images/image_570.jpg,0.047586023807525635
524,568,images/image_570.jpg,images/image_70.jpg,0.047586023807525635
371,536,images/image_432.jpg,images/image_581.jpg,0.04760706424713135
536,577,images/image_581.jpg,images/image_79.jpg,0.04760706424713135
306,433,images/image_374.jpg,images/image_489.jpg,0.04763364791870117
319,416,images/image_386.jpg,images/image_473.jpg,0.047637343406677246
434,515,images/image_49.jpg,images/image_562.jpg,0.047657132148742676
227,515,images/image_302.jpg,images/image_562.jpg,0.047661542892456055
340,559,images/image_404.jpg,images/image_62.jpg,0.047684669494628906
93,140,images/image_182.jpg,images/image_224.jpg,0.04768800735473633
31,76,images/image_126.jpg,images/image_167.jpg,0.047689080238342285
154,236,images/image_237.jpg,images/image_310.jpg,0.047706663608551025
170,342,images/image_251.jpg,images/image_406.jpg,0.04772454500198364
126,161,images/image_211.jpg,images/image_243.jpg,0.04773765802383423
296,553,images/image_365.jpg,images/image_597.jpg,0.047766923904418945
576,592,images/image_78.jpg,images/image_92.jpg,0.047788798809051514
25,327,images/image_120.jpg,images/image_393.jpg,0.04779607057571411
384,555,images/image_444.jpg,images/image_599.jpg,0.04779785871505737
295,381,images/image_364.jpg,images/image_441.jpg,0.04779922962188721
67,171,images/image_159.jpg,images/image_252.jpg,0.04782193899154663
49,276,images/image_142.jpg,images/image_347.jpg,0.04784351587295532
278,114,images/image_349.jpg,images/image_200.jpg,0.04785299301147461
26,149,images/image_121.jpg,images/image_232.jpg,0.04785323143005371
396,469,images/image_455.jpg,images/image_520.jpg,0.047873854637145996
315,420,images/image_382.jpg,images/image_477.jpg,0.04787927865982056
254,398,images/image_327.jpg,images/image_457.jpg,0.047894835472106934
385,571,images/image_445.jpg,images/image_73.jpg,0.04790884256362915
298,385,images/image_367.jpg,images/image_445.jpg,0.047908902168273926
515,114,images/image_562.jpg,images/image_200.jpg,0.047926247119903564
470,103,images/image_521.jpg,images/image_191.jpg,0.04793280363082886
11,553,images/image_108.jpg,images/image_597.jpg,0.0479353666305542
163,440,images/image_245.jpg,images/image_495.jpg,0.04798173904418945
95,320,images/image_184.jpg,images/image_387.jpg,0.04798310995101929
11,83,images/image_108.jpg,images/image_173.jpg,0.04800307750701904
163,260,images/image_245.jpg,images/image_332.jpg,0.04800444841384888
497,167,images/image_546.jpg,images/image_249.jpg,0.04801797866821289
92,344,images/image_181.jpg,images/image_408.jpg,0.048021554946899414
50,384,images/image_143.jpg,images/image_444.jpg,0.04804748296737671
169,327,images/image_250.jpg,images/image_393.jpg,0.04806244373321533
186,400,images/image_266.jpg,images/image_459.jpg,0.04807931184768677
64,540,images/image_156.jpg,images/image_585.jpg,0.04809427261352539
134,141,images/image_219.jpg,images/image_225.jpg,0.048098087310791016
342,408,images/image_406.jpg,images/image_466.jpg,0.04814702272415161
455,521,images/image_508.jpg,images/image_568.jpg,0.04815089702606201
283,460,images/image_353.jpg,images/image_512.jpg,0.04815858602523804
127,559,images/image_212.jpg,images/image_62.jpg,0.048173487186431885
102,338,images/image_190.jpg,images/image_402.jpg,0.048202574253082275
168,398,images/image_25.jpg,images/image_457.jpg,0.048202693462371826
111,438,images/image_199.jpg,images/image_493.jpg,0.0482214093208313
269,332,images/image_340.jpg,images/image_398.jpg,0.048232197761535645
497,537,images/image_546.jpg,images/image_582.jpg,0.04825514554977417
327,572,images/image_393.jpg,images/image_74.jpg,0.04825776815414429
428,152,images/image_484.jpg,images/image_235.jpg,0.048346519470214844
370,537,images/image_431.jpg,images/image_582.jpg,0.04834872484207153
186,551,images/image_266.jpg,images/image_595.jpg,0.04835110902786255
49,185,images/image_142.jpg,images/image_265.jpg,0.04839146137237549
423,522,images/image_48.jpg,images/image_569.jpg,0.048393845558166504
160,355,images/image_242.jpg,images/image_418.jpg,0.0483974814414978
47,289,images/image_140.jpg,images/image_359.jpg,0.04840058088302612
158,537,images/image_240.jpg,images/image_582.jpg,0.04841715097427368
398,469,images/image_457.jpg,images/image_520.jpg,0.04841715097427368
141,320,images/image_225.jpg,images/image_387.jpg,0.048430025577545166
161,254,images/image_243.jpg,images/image_327.jpg,0.04843395948410034
332,433,images/image_398.jpg,images/image_489.jpg,0.04844522476196289
31,5,images/image_126.jpg,images/image_102.jpg,0.048452138900756836
42,397,images/image_136.jpg,images/image_456.jpg,0.04847311973571777
309,537,images/image_377.jpg,images/image_582.jpg,0.0484846830368042
536,7,images/image_581.jpg,images/image_104.jpg,0.04850888252258301
258,575,images/image_330.jpg,images/image_77.jpg,0.04850935935974121
201,216,images/image_28.jpg,images/image_293.jpg,0.048514723777770996
568,599,images/image_70.jpg,images/image_99.jpg,0.04852175712585449
484,599,images/image_534.jpg,images/image_99.jpg,0.04852181673049927
315,449,images/image_382.jpg,images/image_502.jpg,0.04855930805206299
170,289,images/image_251.jpg,images/image_359.jpg,0.048564374446868896
154,496,images/image_237.jpg,images/image_545.jpg,0.04856771230697632
25,154,images/image_120.jpg,images/image_237.jpg,0.04857015609741211
186,582,images/image_266.jpg,images/image_83.jpg,0.048574745655059814
327,496,images/image_393.jpg,images/image_545.jpg,0.048578619956970215
90,161,images/image_18.jpg,images/image_243.jpg,0.048585355281829834
141,456,images/image_225.jpg,images/image_509.jpg,0.04859185218811035
99,557,images/image_188.jpg,images/image_60.jpg,0.04860299825668335
138,216,images/image_222.jpg,images/image_293.jpg,0.04860943555831909
46,561,images/image_14.jpg,images/image_64.jpg,0.04862344264984131
356,473,images/image_419.jpg,images/image_524.jpg,0.04862785339355469
355,483,images/image_418.jpg,images/image_533.jpg,0.04862809181213379
229,496,images/image_304.jpg,images/image_545.jpg,0.048635125160217285
539,103,images/image_584.jpg,images/image_191.jpg,0.048636555671691895
185,533,images/image_265.jpg,images/image_579.jpg,0.04865020513534546
46,106,images/image_14.jpg,images/image_194.jpg,0.04865366220474243
183,537,images/image_263.jpg,images/image_582.jpg,0.048660457134246826
28,327,images/image_123.jpg,images/image_393.jpg,0.04866713285446167
385,513,images/image_445.jpg,images/image_560.jpg,0.04867655038833618
49,108,images/image_142.jpg,images/image_196.jpg,0.048679232597351074
170,497,images/image_251.jpg,images/image_546.jpg,0.048685669898986816
207,283,images/image_285.jpg,images/image_353.jpg,0.048693954944610596
381,571,images/image_441.jpg,images/image_73.jpg,0.048697710037231445
298,381,images/image_367.jpg,images/image_441.jpg,0.04869776964187622
123,473,images/image_209.jpg,images/image_524.jpg,0.04871147871017456
28,154,images/image_123.jpg,images/image_237.jpg,0.04871845245361328
309,167,images/image_377.jpg,images/image_249.jpg,0.04872250556945801
379,38,images/image_44.jpg,images/image_132.jpg,0.04872703552246094
590,49,images/image_90.jpg,images/image_142.jpg,0.0487593412399292
460,23,images/image_512.jpg,images/image_119.jpg,0.04876202344894409
67,242,images/image_159.jpg,images/image_316.jpg,0.048769354820251465
111,322,images/image_199.jpg,images/image_389.jpg,0.04877626895904541
355,463,images/image_418.jpg,images/image_515.jpg,0.04879099130630493
170,290,images/image_251.jpg,images/image_36.jpg,0.04879140853881836
55,398,images/image_148.jpg,images/image_457.jpg,0.048793911933898926
408,103,images/image_466.jpg,images/image_191.jpg,0.04880118370056152
160,482,images/image_242.jpg,images/image_532.jpg,0.04880756139755249
154,169,images/image_237.jpg,images/image_250.jpg,0.04880976676940918
403,500,images/image_461.jpg,images/image_549.jpg,0.048812806606292725
274,428,images/image_345.jpg,images/image_484.jpg,0.048825621604919434
111,190,images/image_199.jpg,images/image_27.jpg,0.04882627725601196
260,536,images/image_332.jpg,images/image_581.jpg,0.04883861541748047
166,530,images/image_248.jpg,images/image_576.jpg,0.04884159564971924
440,536,images/image_495.jpg,images/image_581.jpg,0.04885381460189819
67,501,images/image_159.jpg,images/image_55.jpg,0.048864126205444336
4,196,images/image_101.jpg,images/image_275.jpg,0.04889935255050659
186,530,images/image_266.jpg,images/image_576.jpg,0.04891490936279297
22,210,images/image_118.jpg,images/image_288.jpg,0.048930346965789795
469,587,images/image_520.jpg,images/image_88.jpg,0.04893773794174194
158,419,images/image_240.jpg,images/image_476.jpg,0.048940837383270264
202,13,images/image_280.jpg,images/image_11.jpg,0.04895275831222534
491,163,images/image_540.jpg,images/image_245.jpg,0.04895752668380737
283,481,images/image_353.jpg,images/image_531.jpg,0.04896199703216553
431,562,images/image_487.jpg,images/image_65.jpg,0.048970699310302734
271,593,images/image_342.jpg,images/image_93.jpg,0.048985838890075684
154,572,images/image_237.jpg,images/image_74.jpg,0.048988282680511475
379,537,images/image_44.jpg,images/image_582.jpg,0.049007534980773926
321,170,images/image_388.jpg,images/image_251.jpg,0.0490107536315918
425,38,images/image_481.jpg,images/image_132.jpg,0.049014925956726074
216,33,images/image_293.jpg,images/image_128.jpg,0.04901742935180664
428,549,images/image_484.jpg,images/image_593.jpg,0.04902756214141846
408,497,images/image_466.jpg,images/image_546.jpg,0.04905271530151367
384,45,images/image_444.jpg,images/image_139.jpg,0.049063026905059814
275,455,images/image_346.jpg,images/image_508.jpg,0.04907268285751343
183,419,images/image_263.jpg,images/image_476.jpg,0.049085140228271484
482,483,images/image_532.jpg,images/image_533.jpg,0.04908698797225952
539,163,images/image_584.jpg,images/image_245.jpg,0.04909640550613403
338,402,images/image_402.jpg,images/image_460.jpg,0.0491023063659668
271,58,images/image_342.jpg,images/image_150.jpg,0.049153029918670654
276,533,images/image_347.jpg,images/image_579.jpg,0.049162447452545166
24,555,images/image_12.jpg,images/image_599.jpg,0.0491754412651062
309,170,images/image_377.jpg,images/image_251.jpg,0.0492098331451416
463,482,images/image_515.jpg,images/image_532.jpg,0.04922020435333252
269,391,images/image_340.jpg,images/image_450.jpg,0.04923737049102783
111,475,images/image_199.jpg,images/image_526.jpg,0.04923748970031738
223,524,images/image_3.jpg,images/image_570.jpg,0.04924976825714111
207,23,images/image_285.jpg,images/image_119.jpg,0.04927712678909302
214,399,images/image_291.jpg,images/image_458.jpg,0.04929494857788086
246,33,images/image_32.jpg,images/image_128.jpg,0.04930269718170166
239,4,images/image_313.jpg,images/image_101.jpg,0.049308836460113525
461,289,images/image_513.jpg,images/image_359.jpg,0.04935222864151001
508,195,images/image_556.jpg,images/image_274.jpg,0.049355268478393555
254,587,images/image_327.jpg,images/image_88.jpg,0.049355924129486084
379,592,images/image_44.jpg,images/image_92.jpg,0.04938209056854248
64,557,images/image_156.jpg,images/image_60.jpg,0.049390971660614014
278,13,images/image_349.jpg,images/image_11.jpg,0.049391090869903564
570,38,images/image_72.jpg,images/image_132.jpg,0.04940474033355713
24,50,images/image_12.jpg,images/image_143.jpg,0.04940974712371826
457,555,images/image_51.jpg,images/image_599.jpg,0.04943192005157471
187,49,images/image_267.jpg,images/image_142.jpg,0.04943639039993286
391,433,images/image_450.jpg,images/image_489.jpg,0.04944944381713867
476,49,images/image_527.jpg,images/image_142.jpg,0.04945385456085205
11,450,images/image_108.jpg,images/image_503.jpg,0.04945659637451172
129,38,images/image_214.jpg,images/image_132.jpg,0.049457430839538574
22,420,images/image_118.jpg,images/image_477.jpg,0.04948025941848755
194,4,images/image_273.jpg,images/image_101.jpg,0.0494837760925293
455,575,images/image_508.jpg,images/image_77.jpg,0.0494915246963501
381,513,images/image_441.jpg,images/image_560.jpg,0.04949444532394409
481,23,images/image_531.jpg,images/image_119.jpg,0.04949533939361572
315,510,images/image_382.jpg,images/image_558.jpg,0.0495074987411499
87,399,images/image_177.jpg,images/image_458.jpg,0.049518585205078125
197,340,images/image_276.jpg,images/image_404.jpg,0.049520134925842285
180,49,images/image_260.jpg,images/image_142.jpg,0.04952949285507202
279,76,images/image_35.jpg,images/image_167.jpg,0.049533843994140625
559,10,images/image_62.jpg,images/image_107.jpg,0.04954284429550171
309,408,images/image_377.jpg,images/image_466.jpg,0.04955106973648071
359,374,images/image_421.jpg,images/image_435.jpg,0.04955786466598511
19,423,images/image_115.jpg,images/image_48.jpg,0.04956376552581787
340,530,images/image_404.jpg,images/image_576.jpg,0.04956793785095215
161,469,images/image_243.jpg,images/image_520.jpg,0.049571216106414795
186,559,images/image_266.jpg,images/image_62.jpg,0.0495794415473938
95,134,images/image_184.jpg,images/image_219.jpg,0.049585044384002686
492,47,images/image_541.jpg,images/image_140.jpg,0.04958885908126831
138,148,images/image_222.jpg,images/image_231.jpg,0.04961460828781128
241,374,images/image_315.jpg,images/image_435.jpg,0.04961782693862915
379,419,images/image_44.jpg,images/image_476.jpg,0.04965221881866455
50,457,images/image_143.jpg,images/image_51.jpg,0.04966700077056885
344,385,images/image_408.jpg,images/image_445.jpg,0.049679458141326904
536,539,images/image_581.jpg,images/image_584.jpg,0.04972809553146362
166,197,images/image_248.jpg,images/image_276.jpg,0.04972958564758301
157,568,images/image_24.jpg,images/image_70.jpg,0.049735069274902344
157,484,images/image_24.jpg,images/image_534.jpg,0.049735069274902344
491,536,images/image_540.jpg,images/image_581.jpg,0.0497359037399292
216,417,images/image_293.jpg,images/image_474.jpg,0.049738407135009766
124,138,images/image_21.jpg,images/image_222.jpg,0.049776315689086914
476,533,images/image_527.jpg,images/image_579.jpg,0.049821436405181885
187,533,images/image_267.jpg,images/image_579.jpg,0.04982495307922363
203,289,images/image_281.jpg,images/image_359.jpg,0.049848735332489014
515,13,images/image_562.jpg,images/image_11.jpg,0.049871206283569336
202,287,images/image_280.jpg,images/image_357.jpg,0.04987919330596924
140,535,images/image_224.jpg,images/image_580.jpg,0.049883246421813965
141,348,images/image_225.jpg,images/image_411.jpg,0.049888014793395996
201,124,images/image_28.jpg,images/image_21.jpg,0.04989039897918701
471,38,images/image_522.jpg,images/image_132.jpg,0.04989778995513916
458,537,images/image_510.jpg,images/image_582.jpg,0.049903154373168945
108,533,images/image_196.jpg,images/image_579.jpg,0.049927353858947754
532,138,images/image_578.jpg,images/image_222.jpg,0.04994189739227295
342,537,images/image_406.jpg,images/image_582.jpg,0.049956321716308594
202,365,images/image_280.jpg,images/image_427.jpg,0.049965620040893555
116,140,images/image_202.jpg,images/image_224.jpg,0.04997521638870239
403,13,images/image_461.jpg,images/image_11.jpg,0.049976229667663574
121,262,images/image_207.jpg,images/image_334.jpg,0.05000662803649902
26,414,images/image_121.jpg,images/image_471.jpg,0.050010085105895996
26,151,images/image_121.jpg,images/image_234.jpg,0.05002933740615845
340,525,images/image_404.jpg,images/image_571.jpg,0.05003511905670166
266,559,images/image_338.jpg,images/image_62.jpg,0.05003553628921509
95,456,images/image_184.jpg,images/image_509.jpg,0.05009257793426514
460,6,images/image_512.jpg,images/image_103.jpg,0.05010503530502319
316,416,images/image_383.jpg,images/image_473.jpg,0.050114572048187256
259,399,images/image_331.jpg,images/image_458.jpg,0.05012279748916626
342,57,images/image_406.jpg,images/image_15.jpg,0.050127267837524414
342,470,images/image_406.jpg,images/image_521.jpg,0.05012780427932739
408,289,images/image_466.jpg,images/image_359.jpg,0.050158023834228516
77,283,images/image_168.jpg,images/image_353.jpg,0.05019176006317139
381,496,images/image_441.jpg,images/image_545.jpg,0.05019646883010864
458,489,images/image_510.jpg,images/image_539.jpg,0.05021446943283081
203,163,images/image_281.jpg,images/image_245.jpg,0.050221145153045654
22,449,images/image_118.jpg,images/image_502.jpg,0.050225257873535156
263,283,images/image_335.jpg,images/image_353.jpg,0.050241053104400635
166,525,images/image_248.jpg,images/image_571.jpg,0.050270676612854004
354,38,images/image_417.jpg,images/image_132.jpg,0.050275564193725586
189,49,images/image_269.jpg,images/image_142.jpg,0.05028414726257324
319,504,images/image_386.jpg,images/image_552.jpg,0.05029928684234619
26,276,images/image_121.jpg,images/image_347.jpg,0.050337016582489014
278,287,images/image_349.jpg,images/image_357.jpg,0.05034923553466797
533,590,images/image_579.jpg,images/image_90.jpg,0.05035209655761719
127,138,images/image_212.jpg,images/image_222.jpg,0.05035245418548584
573,167,images/image_75.jpg,images/image_249.jpg,0.050422489643096924
278,365,images/image_349.jpg,images/image_427.jpg,0.05044680833816528
172,384,images/image_253.jpg,images/image_444.jpg,0.050462961196899414
372,77,images/image_433.jpg,images/image_168.jpg,0.0504765510559082
492,170,images/image_541.jpg,images/image_251.jpg,0.05050235986709595
384,411,images/image_444.jpg,images/image_469.jpg,0.05051034688949585
344,381,images/image_408.jpg,images/image_441.jpg,0.05051577091217041
340,98,images/image_404.jpg,images/image_187.jpg,0.050526320934295654
90,398,images/image_18.jpg,images/image_457.jpg,0.05053293704986572
372,460,images/image_433.jpg,images/image_512.jpg,0.050547659397125244
263,372,images/image_335.jpg,images/image_433.jpg,0.05055147409439087
263,23,images/image_335.jpg,images/image_119.jpg,0.050552427768707275
175,374,images/image_256.jpg,images/image_435.jpg,0.05056607723236084
189,533,images/image_269.jpg,images/image_579.jpg,0.05058896541595459
379,489,images/image_44.jpg,images/image_539.jpg,0.05059397220611572
93,327,images/image_182.jpg,images/image_393.jpg,0.05060499906539917
233,289,images/image_308.jpg,images/image_359.jpg,0.050617754459381104
157,139,images/image_24.jpg,images/image_223.jpg,0.05062633752822876
223,599,images/image_3.jpg,images/image_99.jpg,0.05063360929489136
446,38,images/image_50.jpg,images/image_132.jpg,0.05063897371292114
318,195,images/image_385.jpg,images/image_274.jpg,0.05064290761947632
533,9,images/image_579.jpg,images/image_106.jpg,0.05064958333969116
457,45,images/image_51.jpg,images/image_139.jpg,0.050660669803619385
388,49,images/image_448.jpg,images/image_142.jpg,0.05068647861480713
461,492,images/image_513.jpg,images/image_541.jpg,0.05069857835769653
334,496,images/image_4.jpg,images/image_545.jpg,0.050702571868896484
470,289,images/image_521.jpg,images/image_359.jpg,0.05070948600769043
470,163,images/image_521.jpg,images/image_245.jpg,0.05071282386779785
271,279,images/image_342.jpg,images/image_35.jpg,0.05074721574783325
166,98,images/image_248.jpg,images/image_187.jpg,0.05074906349182129
287,515,images/image_357.jpg,images/image_562.jpg,0.050807833671569824
287,403,images/image_357.jpg,images/image_461.jpg,0.05081290006637573
423,445,images/image_48.jpg,images/image_5.jpg,0.05081301927566528
126,398,images/image_211.jpg,images/image_457.jpg,0.05081379413604736
391,439,images/image_450.jpg,images/image_494.jpg,0.0508347749710083
316,34,images/image_383.jpg,images/image_129.jpg,0.05084848403930664
499,76,images/image_548.jpg,images/image_167.jpg,0.05084943771362305
365,403,images/image_427.jpg,images/image_461.jpg,0.05088186264038086
384,479,images/image_444.jpg,images/image_53.jpg,0.05088329315185547
365,515,images/image_427.jpg,images/image_562.jpg,0.050893306732177734
208,26,images/image_286.jpg,images/image_121.jpg,0.05090618133544922
342,32,images/image_406.jpg,images/image_127.jpg,0.05092138051986694
192,555,images/image_271.jpg,images/image_599.jpg,0.05092728137969971
481,6,images/image_531.jpg,images/image_103.jpg,0.05094534158706665
263,6,images/image_335.jpg,images/image_103.jpg,0.05094945430755615
489,570,images/image_539.jpg,images/image_72.jpg,0.05095642805099487
93,154,images/image_182.jpg,images/image_237.jpg,0.05097329616546631
112,26,images/image_2.jpg,images/image_121.jpg,0.050985872745513916
83,531,images/image_173.jpg,images/image_577.jpg,0.051000118255615234
504,76,images/image_552.jpg,images/image_167.jpg,0.05101168155670166
281,423,images/image_351.jpg,images/image_48.jpg,0.05102783441543579
332,439,images/image_398.jpg,images/image_494.jpg,0.051028668880462646
1,279,images/image_1.jpg,images/image_35.jpg,0.05103248357772827
470,497,images/image_521.jpg,images/image_546.jpg,0.05104517936706543
377,559,images/image_438.jpg,images/image_62.jpg,0.05105406045913696
533,2,images/image_579.jpg,images/image_10.jpg,0.051073431968688965
372,207,images/image_433.jpg,images/image_285.jpg,0.051087260246276855
295,334,images/image_364.jpg,images/image_4.jpg,0.05109059810638428
388,533,images/image_448.jpg,images/image_579.jpg,0.051117658615112305
371,167,images/image_432.jpg,images/image_249.jpg,0.051131367683410645
577,167,images/image_79.jpg,images/image_249.jpg,0.051131367683410645
533,180,images/image_579.jpg,images/image_260.jpg,0.051132380962371826
425,489,images/image_481.jpg,images/image_539.jpg,0.05113482475280762
108,26,images/image_196.jpg,images/image_121.jpg,0.051144301891326904
407,439,images/image_465.jpg,images/image_494.jpg,0.05114579200744629
186,138,images/image_266.jpg,images/image_222.jpg,0.05115187168121338
245,517,images/image_319.jpg,images/image_564.jpg,0.051177918910980225
50,192,images/image_143.jpg,images/image_271.jpg,0.051184654235839844
300,391,images/image_369.jpg,images/image_450.jpg,0.05121028423309326
246,524,images/image_32.jpg,images/image_570.jpg,0.051218628883361816
22,510,images/image_118.jpg,images/image_558.jpg,0.05122864246368408
162,245,images/image_244.jpg,images/image_319.jpg,0.0512387752532959
215,262,images/image_292.jpg,images/image_334.jpg,0.051241278648376465
344,75,images/image_408.jpg,images/image_166.jpg,0.05124247074127197
328,364,images/image_394.jpg,images/image_426.jpg,0.05126059055328369
372,481,images/image_433.jpg,images/image_531.jpg,0.05129057168960571
260,579,images/image_332.jpg,images/image_80.jpg,0.051309287548065186
203,342,images/image_281.jpg,images/image_406.jpg,0.05132865905761719
134,524,images/image_219.jpg,images/image_570.jpg,0.05133599042892456
106,455,images/image_194.jpg,images/image_508.jpg,0.051354408264160156
166,400,images/image_248.jpg,images/image_459.jpg,0.05136525630950928
219,384,images/image_296.jpg,images/image_444.jpg,0.05136680603027344
279,319,images/image_35.jpg,images/image_386.jpg,0.051375746726989746
455,561,images/image_508.jpg,images/image_64.jpg,0.051380038261413574
348,95,images/image_411.jpg,images/image_184.jpg,0.05139970779418945
78,419,images/image_169.jpg,images/image_476.jpg,0.05141115188598633
399,421,images/image_458.jpg,images/image_478.jpg,0.05144470930099487
403,423,images/image_461.jpg,images/image_48.jpg,0.051446616649627686
300,332,images/image_369.jpg,images/image_398.jpg,0.05145448446273804
408,163,images/image_466.jpg,images/image_245.jpg,0.051458656787872314
258,275,images/image_330.jpg,images/image_346.jpg,0.05146288871765137
296,595,images/image_365.jpg,images/image_95.jpg,0.05148601531982422
555,563,images/image_599.jpg,images/image_66.jpg,0.05148690938949585
162,524,images/image_244.jpg,images/image_570.jpg,0.051495492458343506
233,401,images/image_308.jpg,images/image_46.jpg,0.05153375864028931
261,38,images/image_333.jpg,images/image_132.jpg,0.05153763294219971
60,118,images/image_152.jpg,images/image_204.jpg,0.051566243171691895
592,38,images/image_92.jpg,images/image_132.jpg,0.05156826972961426
309,470,images/image_377.jpg,images/image_521.jpg,0.05157053470611572
260,32,images/image_332.jpg,images/image_127.jpg,0.051572442054748535
344,156,images/image_408.jpg,images/image_239.jpg,0.05157577991485596
271,376,images/image_342.jpg,images/image_437.jpg,0.05158108472824097
300,407,images/image_369.jpg,images/image_465.jpg,0.05160236358642578
129,489,images/image_214.jpg,images/image_539.jpg,0.05161088705062866
118,147,images/image_204.jpg,images/image_230.jpg,0.05162346363067627
229,325,images/image_304.jpg,images/image_391.jpg,0.051634252071380615
400,450,images/image_459.jpg,images/image_503.jpg,0.05163991451263428
136,210,images/image_220.jpg,images/image_288.jpg,0.05164533853530884
229,473,images/image_304.jpg,images/image_524.jpg,0.05164748430252075
481,493,images/image_531.jpg,images/image_542.jpg,0.0516667366027832
1,376,images/image_1.jpg,images/image_437.jpg,0.051674723625183105
342,69,images/image_406.jpg,images/image_160.jpg,0.05168604850769043
306,439,images/image_374.jpg,images/image_494.jpg,0.051695406436920166
265,195,images/image_337.jpg,images/image_274.jpg,0.05170774459838867
148,201,images/image_231.jpg,images/image_28.jpg,0.05171549320220947
78,537,images/image_169.jpg,images/image_582.jpg,0.051740944385528564
506,38,images/image_554.jpg,images/image_132.jpg,0.0517423152923584
563,50,images/image_66.jpg,images/image_143.jpg,0.05174738168716431
279,5,images/image_35.jpg,images/image_102.jpg,0.05176037549972534
172,24,images/image_253.jpg,images/image_12.jpg,0.05179494619369507
342,579,images/image_406.jpg,images/image_80.jpg,0.05179506540298462
531,595,images/image_577.jpg,images/image_95.jpg,0.05181771516799927
504,5,images/image_552.jpg,images/image_102.jpg,0.05182582139968872
364,558,images/image_426.jpg,images/image_61.jpg,0.05184066295623779
471,489,images/image_522.jpg,images/image_539.jpg,0.05184221267700195
411,24,images/image_469.jpg,images/image_12.jpg,0.05186963081359863
309,354,images/image_377.jpg,images/image_417.jpg,0.05187427997589111
471,537,images/image_522.jpg,images/image_582.jpg,0.05187469720840454
344,368,images/image_408.jpg,images/image_43.jpg,0.05187708139419556
111,430,images/image_199.jpg,images/image_486.jpg,0.05188775062561035
201,532,images/image_28.jpg,images/image_578.jpg,0.051927924156188965
14,323,images/image_110.jpg,images/image_39.jpg,0.05193161964416504
423,515,images/image_48.jpg,images/image_562.jpg,0.051962435245513916
233,492,images/image_308.jpg,images/image_541.jpg,0.05197274684906006
354,489,images/image_417.jpg,images/image_539.jpg,0.0519942045211792
260,226,images/image_332.jpg,images/image_301.jpg,0.052003324031829834
203,492,images/image_281.jpg,images/image_541.jpg,0.05200374126434326
354,497,images/image_417.jpg,images/image_546.jpg,0.052011728286743164
379,560,images/image_44.jpg,images/image_63.jpg,0.052014946937561035
298,334,images/image_367.jpg,images/image_4.jpg,0.05202221870422363
334,571,images/image_4.jpg,images/image_73.jpg,0.05202221870422363
342,226,images/image_406.jpg,images/image_301.jpg,0.052032530307769775
446,537,images/image_50.jpg,images/image_582.jpg,0.052036821842193604
136,420,images/image_220.jpg,images/image_477.jpg,0.05205237865447998
340,400,images/image_404.jpg,images/image_459.jpg,0.05205357074737549
172,457,images/image_253.jpg,images/image_51.jpg,0.05206155776977539
359,502,images/image_421.jpg,images/image_550.jpg,0.05206298828125
271,499,images/image_342.jpg,images/image_548.jpg,0.05206781625747681
440,167,images/image_495.jpg,images/image_249.jpg,0.052082598209381104
266,530,images/image_338.jpg,images/image_576.jpg,0.052084505558013916
241,502,images/image_315.jpg,images/image_550.jpg,0.05208933353424072
344,114,images/image_408.jpg,images/image_200.jpg,0.05208945274353027
185,26,images/image_265.jpg,images/image_121.jpg,0.05209070444107056
364,543,images/image_426.jpg,images/image_588.jpg,0.05209648609161377
407,409,images/image_465.jpg,images/image_467.jpg,0.052117764949798584
296,441,images/image_365.jpg,images/image_496.jpg,0.05213052034378052
306,409,images/image_374.jpg,images/image_467.jpg,0.052131474018096924
411,457,images/image_469.jpg,images/image_51.jpg,0.05213272571563721
300,306,images/image_369.jpg,images/image_374.jpg,0.05215251445770264
437,514,images/image_492.jpg,images/image_561.jpg,0.05215346813201904
3,517,images/image_100.jpg,images/image_564.jpg,0.05216813087463379
342,0,images/image_406.jpg,images/image_0.jpg,0.052190184593200684
192,45,images/image_271.jpg,images/image_139.jpg,0.05221235752105713
123,325,images/image_209.jpg,images/image_391.jpg,0.05221432447433472
479,24,images/image_53.jpg,images/image_12.jpg,0.05223417282104492
162,3,images/image_244.jpg,images/image_100.jpg,0.052256762981414795
203,497,images/image_281.jpg,images/image_546.jpg,0.05226576328277588
513,75,images/image_560.jpg,images/image_166.jpg,0.052272677421569824
431,77,images/image_487.jpg,images/image_168.jpg,0.05228757858276367
408,492,images/image_466.jpg,images/image_541.jpg,0.052301228046417236
327,535,images/image_393.jpg,images/image_580.jpg,0.05232977867126465
401,461,images/image_46.jpg,images/image_513.jpg,0.05233031511306763
116,327,images/image_202.jpg,images/image_393.jpg,0.052340686321258545
263,431,images/image_335.jpg,images/image_487.jpg,0.052340686321258545
344,434,images/image_408.jpg,images/image_49.jpg,0.052359163761138916
1,499,images/image_1.jpg,images/image_548.jpg,0.05237996578216553
401,47,images/image_46.jpg,images/image_140.jpg,0.05238264799118042
419,471,images/image_476.jpg,images/image_522.jpg,0.05241239070892334
522,13,images/image_569.jpg,images/image_11.jpg,0.052438199520111084
296,314,images/image_365.jpg,images/image_381.jpg,0.05244201421737671
201,127,images/image_28.jpg,images/image_212.jpg,0.052445948123931885
402,452,images/image_460.jpg,images/image_505.jpg,0.052470386028289795
281,416,images/image_351.jpg,images/image_473.jpg,0.052476704120635986
450,531,images/image_503.jpg,images/image_577.jpg,0.05248856544494629
457,479,images/image_51.jpg,images/image_53.jpg,0.052502453327178955
298,75,images/image_367.jpg,images/image_166.jpg,0.05251437425613403
571,75,images/image_73.jpg,images/image_166.jpg,0.05251455307006836
342,184,images/image_406.jpg,images/image_264.jpg,0.052520692348480225
79,481,images/image_17.jpg,images/image_531.jpg,0.052529752254486084
233,338,images/image_308.jpg,images/image_402.jpg,0.05255007743835449
441,531,images/image_496.jpg,images/image_577.jpg,0.052559494972229004
508,529,images/image_556.jpg,images/image_575.jpg,0.052576661109924316
97,49,images/image_186.jpg,images/image_142.jpg,0.0525776743888855
278,423,images/image_349.jpg,images/image_48.jpg,0.05258983373641968
118,292,images/image_204.jpg,images/image_361.jpg,0.05259782075881958
342,354,images/image_406.jpg,images/image_417.jpg,0.052598416805267334
446,489,images/image_50.jpg,images/image_539.jpg,0.05259978771209717
419,446,images/image_476.jpg,images/image_50.jpg,0.05260193347930908
272,344,images/image_343.jpg,images/image_408.jpg,0.0526118278503418
513,156,images/image_560.jpg,images/image_239.jpg,0.0526127815246582
314,531,images/image_381.jpg,images/image_577.jpg,0.05264163017272949
442,195,images/image_497.jpg,images/image_274.jpg,0.052645742893218994
246,599,images/image_32.jpg,images/image_99.jpg,0.05265122652053833
417,124,images/image_474.jpg,images/image_21.jpg,0.05266159772872925
500,202,images/image_549.jpg,images/image_280.jpg,0.05270242691040039
319,499,images/image_386.jpg,images/image_548.jpg,0.052725017070770264
439,529,images/image_494.jpg,images/image_575.jpg,0.052739620208740234
194,423,images/image_273.jpg,images/image_48.jpg,0.052745938301086426
219,24,images/image_296.jpg,images/image_12.jpg,0.052748024463653564
340,73,images/image_404.jpg,images/image_164.jpg,0.05276209115982056
563,45,images/image_66.jpg,images/image_139.jpg,0.05279356241226196
376,76,images/image_437.jpg,images/image_167.jpg,0.052807390689849854
374,461,images/image_435.jpg,images/image_513.jpg,0.05280941724777222
136,449,images/image_220.jpg,images/image_502.jpg,0.05281221866607666
203,309,images/image_281.jpg,images/image_377.jpg,0.052822232246398926
334,513,images/image_4.jpg,images/image_560.jpg,0.052830398082733154
216,599,images/image_293.jpg,images/image_99.jpg,0.05285036563873291
154,535,images/image_237.jpg,images/image_580.jpg,0.052862703800201416
571,156,images/image_73.jpg,images/image_239.jpg,0.05286836624145508
298,156,images/image_367.jpg,images/image_239.jpg,0.05286872386932373
470,492,images/image_521.jpg,images/image_541.jpg,0.05287182331085205
391,409,images/image_450.jpg,images/image_467.jpg,0.052893638610839844
116,154,images/image_202.jpg,images/image_237.jpg,0.05289715528488159
423,202,images/image_48.jpg,images/image_280.jpg,0.05290257930755615
368,513,images/image_43.jpg,images/image_560.jpg,0.05291628837585449
456,524,images/image_509.jpg,images/image_570.jpg,0.05292588472366333
14,205,images/image_110.jpg,images/image_283.jpg,0.052928268909454346
261,309,images/image_333.jpg,images/image_377.jpg,0.05294215679168701
297,479,images/image_366.jpg,images/image_53.jpg,0.05295222997665405
166,73,images/image_248.jpg,images/image_164.jpg,0.05296432971954346
340,113,images/image_404.jpg,images/image_20.jpg,0.052969396114349365
332,409,images/image_398.jpg,images/image_467.jpg,0.05298411846160889
183,38,images/image_263.jpg,images/image_132.jpg,0.05299854278564453
166,223,images/image_248.jpg,images/image_3.jpg,0.05300623178482056
219,457,images/image_296.jpg,images/image_51.jpg,0.05301564931869507
348,524,images/image_411.jpg,images/image_570.jpg,0.05302739143371582
175,502,images/image_256.jpg,images/image_550.jpg,0.0530279278755188
325,361,images/image_391.jpg,images/image_423.jpg,0.053040146827697754
287,522,images/image_357.jpg,images/image_569.jpg,0.05305737257003784
290,408,images/image_36.jpg,images/image_466.jpg,0.05307191610336304
425,560,images/image_481.jpg,images/image_63.jpg,0.053074419498443604
233,452,images/image_308.jpg,images/image_505.jpg,0.053074657917022705
500,527,images/image_549.jpg,images/image_573.jpg,0.05308187007904053
261,497,images/image_333.jpg,images/image_546.jpg,0.053085386753082275
377,530,images/image_438.jpg,images/image_576.jpg,0.05310368537902832
499,5,images/image_548.jpg,images/image_102.jpg,0.053105831146240234
153,531,images/image_236.jpg,images/image_577.jpg,0.053111255168914795
187,26,images/image_267.jpg,images/image_121.jpg,0.05311232805252075
513,114,images/image_560.jpg,images/image_200.jpg,0.05312228202819824
365,522,images/image_427.jpg,images/image_569.jpg,0.053125083446502686
338,461,images/image_402.jpg,images/image_513.jpg,0.053134918212890625
476,26,images/image_527.jpg,images/image_121.jpg,0.05315685272216797
311,195,images/image_379.jpg,images/image_274.jpg,0.05316567420959473
216,524,images/image_293.jpg,images/image_570.jpg,0.05316579341888428
340,545,images/image_404.jpg,images/image_59.jpg,0.05316722393035889
298,368,images/image_367.jpg,images/image_43.jpg,0.05317336320877075
368,571,images/image_43.jpg,images/image_73.jpg,0.05317342281341553
62,552,images/image_154.jpg,images/image_596.jpg,0.053185343742370605
500,515,images/image_549.jpg,images/image_562.jpg,0.05319809913635254
325,356,images/image_391.jpg,images/image_419.jpg,0.05319952964782715
384,49,images/image_444.jpg,images/image_142.jpg,0.05320334434509277
83,400,images/image_173.jpg,images/image_459.jpg,0.05320584774017334
295,75,images/image_364.jpg,images/image_166.jpg,0.05320864915847778
497,32,images/image_546.jpg,images/image_127.jpg,0.053212761878967285
300,529,images/image_369.jpg,images/image_575.jpg,0.053230881690979004
166,113,images/image_248.jpg,images/image_20.jpg,0.05323588848114014
42,346,images/image_136.jpg,images/image_41.jpg,0.053249895572662354
359,7,images/image_421.jpg,images/image_104.jpg,0.05325120687484741
282,385,images/image_352.jpg,images/image_445.jpg,0.05325502157211304
493,207,images/image_542.jpg,images/image_285.jpg,0.0532606840133667
281,34,images/image_351.jpg,images/image_129.jpg,0.053275346755981445
416,445,images/image_473.jpg,images/image_5.jpg,0.0532914400100708
321,408,images/image_388.jpg,images/image_466.jpg,0.053308963775634766
261,489,images/image_333.jpg,images/image_539.jpg,0.053314805030822754
590,26,images/image_90.jpg,images/image_121.jpg,0.05331772565841675
241,7,images/image_315.jpg,images/image_104.jpg,0.05332523584365845
157,582,images/image_24.jpg,images/image_83.jpg,0.05332976579666138
219,297,images/image_296.jpg,images/image_366.jpg,0.053339481353759766
471,560,images/image_522.jpg,images/image_63.jpg,0.05334007740020752
158,38,images/image_240.jpg,images/image_132.jpg,0.053358495235443115
186,201,images/image_266.jpg,images/image_28.jpg,0.05336356163024902
298,114,images/image_367.jpg,images/image_200.jpg,0.05336868762969971
571,114,images/image_73.jpg,images/image_200.jpg,0.05336868762969971
166,545,images/image_248.jpg,images/image_59.jpg,0.0533757209777832
407,593,images/image_465.jpg,images/image_93.jpg,0.05338340997695923
434,513,images/image_49.jpg,images/image_560.jpg,0.053398728370666504
361,500,images/image_423.jpg,images/image_549.jpg,0.0534055233001709
489,506,images/image_539.jpg,images/image_554.jpg,0.05341207981109619
28,229,images/image_123.jpg,images/image_304.jpg,0.05341386795043945
532,124,images/image_578.jpg,images/image_21.jpg,0.05342632532119751
306,593,images/image_374.jpg,images/image_93.jpg,0.05345654487609863
389,514,images/image_449.jpg,images/image_561.jpg,0.053484320640563965
148,124,images/image_231.jpg,images/image_21.jpg,0.053517699241638184
490,514,images/image_54.jpg,images/image_561.jpg,0.05353081226348877
497,57,images/image_546.jpg,images/image_15.jpg,0.05353248119354248
153,296,images/image_236.jpg,images/image_365.jpg,0.053567469120025635
297,45,images/image_366.jpg,images/image_139.jpg,0.05357015132904053
295,156,images/image_364.jpg,images/image_239.jpg,0.05357503890991211
91,364,images/image_180.jpg,images/image_426.jpg,0.05358392000198364
310,47,images/image_378.jpg,images/image_140.jpg,0.0535888671875
172,192,images/image_253.jpg,images/image_271.jpg,0.05359971523284912
129,560,images/image_214.jpg,images/image_63.jpg,0.05360305309295654
321,402,images/image_388.jpg,images/image_460.jpg,0.053619384765625
262,429,images/image_334.jpg,images/image_485.jpg,0.05363088846206665
434,571,images/image_49.jpg,images/image_73.jpg,0.053637564182281494
298,434,images/image_367.jpg,images/image_49.jpg,0.053637683391571045
214,310,images/image_291.jpg,images/image_378.jpg,0.053641438484191895
272,513,images/image_343.jpg,images/image_560.jpg,0.05366235971450806
192,411,images/image_271.jpg,images/image_469.jpg,0.053665339946746826
338,47,images/image_402.jpg,images/image_140.jpg,0.05366671085357666
318,179,images/image_385.jpg,images/image_26.jpg,0.0536687970161438
264,553,images/image_336.jpg,images/image_597.jpg,0.05370360612869263
262,353,images/image_334.jpg,images/image_416.jpg,0.05370962619781494
162,599,images/image_244.jpg,images/image_99.jpg,0.05371689796447754
308,567,images/image_376.jpg,images/image_7.jpg,0.05373471975326538
157,405,images/image_24.jpg,images/image_463.jpg,0.05374467372894287
60,145,images/image_152.jpg,images/image_229.jpg,0.053762972354888916
189,251,images/image_269.jpg,images/image_324.jpg,0.053763389587402344
261,342,images/image_333.jpg,images/image_406.jpg,0.05376744270324707
134,599,images/image_219.jpg,images/image_99.jpg,0.0537685751914978
270,385,images/image_341.jpg,images/image_445.jpg,0.053783416748046875
452,461,images/image_505.jpg,images/image_513.jpg,0.053784728050231934
457,49,images/image_51.jpg,images/image_142.jpg,0.053794801235198975
223,340,images/image_3.jpg,images/image_404.jpg,0.05379575490951538
536,203,images/image_581.jpg,images/image_281.jpg,0.05379688739776611
136,510,images/image_220.jpg,images/image_558.jpg,0.05379760265350342
297,172,images/image_366.jpg,images/image_253.jpg,0.05380237102508545
460,493,images/image_512.jpg,images/image_542.jpg,0.0538027286529541
370,38,images/image_431.jpg,images/image_132.jpg,0.05381667613983154
347,481,images/image_410.jpg,images/image_531.jpg,0.05382061004638672
362,306,images/image_424.jpg,images/image_374.jpg,0.05382895469665527
344,222,images/image_408.jpg,images/image_299.jpg,0.05382943153381348
362,407,images/image_424.jpg,images/image_465.jpg,0.05383634567260742
295,368,images/image_364.jpg,images/image_43.jpg,0.05384606122970581
479,483,images/image_53.jpg,images/image_533.jpg,0.05384683609008789
412,195,images/image_47.jpg,images/image_274.jpg,0.05385488271713257
42,235,images/image_136.jpg,images/image_31.jpg,0.053862929344177246
334,344,images/image_4.jpg,images/image_408.jpg,0.053892433643341064
205,585,images/image_283.jpg,images/image_86.jpg,0.053892552852630615
241,437,images/image_315.jpg,images/image_492.jpg,0.053910791873931885
571,272,images/image_73.jpg,images/image_343.jpg,0.05392330884933472
227,344,images/image_302.jpg,images/image_408.jpg,0.05392634868621826
97,533,images/image_186.jpg,images/image_579.jpg,0.053944289684295654
316,499,images/image_383.jpg,images/image_548.jpg,0.05395662784576416
319,460,images/image_386.jpg,images/image_512.jpg,0.05398350954055786
309,32,images/image_377.jpg,images/image_127.jpg,0.05398368835449219
445,34,images/image_5.jpg,images/image_129.jpg,0.0540238618850708
11,595,images/image_108.jpg,images/image_95.jpg,0.054026007652282715
391,593,images/image_450.jpg,images/image_93.jpg,0.05402982234954834
318,242,images/image_385.jpg,images/image_316.jpg,0.05403923988342285
31,481,images/image_126.jpg,images/image_531.jpg,0.05403953790664673
325,527,images/image_391.jpg,images/image_573.jpg,0.05404400825500488
192,479,images/image_271.jpg,images/image_53.jpg,0.05404573678970337
295,114,images/image_364.jpg,images/image_200.jpg,0.054046571254730225
344,96,images/image_408.jpg,images/image_185.jpg,0.05406033992767334
397,423,images/image_456.jpg,images/image_48.jpg,0.05406230688095093
297,411,images/image_366.jpg,images/image_469.jpg,0.05409431457519531
497,579,images/image_546.jpg,images/image_80.jpg,0.05410194396972656
446,560,images/image_50.jpg,images/image_63.jpg,0.054113030433654785
332,593,images/image_398.jpg,images/image_93.jpg,0.054157137870788574
140,466,images/image_224.jpg,images/image_518.jpg,0.05416315793991089
319,207,images/image_386.jpg,images/image_285.jpg,0.05416446924209595
563,172,images/image_66.jpg,images/image_253.jpg,0.054176509380340576
84,423,images/image_174.jpg,images/image_48.jpg,0.05417978763580322
517,524,images/image_564.jpg,images/image_570.jpg,0.05418425798416138
112,49,images/image_2.jpg,images/image_142.jpg,0.054209232330322266
219,483,images/image_296.jpg,images/image_533.jpg,0.054216623306274414
411,563,images/image_469.jpg,images/image_66.jpg,0.05423837900161743
189,26,images/image_269.jpg,images/image_121.jpg,0.05423969030380249
278,500,images/image_349.jpg,images/image_549.jpg,0.054246366024017334
208,49,images/image_286.jpg,images/image_142.jpg,0.05425536632537842
401,402,images/image_46.jpg,images/image_460.jpg,0.054257094860076904
407,58,images/image_465.jpg,images/image_150.jpg,0.05426567792892456
340,541,images/image_404.jpg,images/image_586.jpg,0.05427813529968262
491,167,images/image_540.jpg,images/image_249.jpg,0.05429637432098389
582,33,images/image_83.jpg,images/image_128.jpg,0.054301440715789795
452,47,images/image_505.jpg,images/image_140.jpg,0.05430257320404053
79,207,images/image_17.jpg,images/image_285.jpg,0.054310142993927
52,261,images/image_145.jpg,images/image_333.jpg,0.054310739040374756
497,226,images/image_546.jpg,images/image_301.jpg,0.05431365966796875
323,289,images/image_39.jpg,images/image_359.jpg,0.05432027578353882
470,536,images/image_521.jpg,images/image_581.jpg,0.05432462692260742
434,295,images/image_49.jpg,images/image_364.jpg,0.054331183433532715
316,335,images/image_383.jpg,images/image_40.jpg,0.054344892501831055
458,560,images/image_510.jpg,images/image_63.jpg,0.0543556809425354
356,500,images/image_419.jpg,images/image_549.jpg,0.05436074733734131
340,594,images/image_404.jpg,images/image_94.jpg,0.054364681243896484
92,282,images/image_181.jpg,images/image_352.jpg,0.05436521768569946
461,170,images/image_513.jpg,images/image_251.jpg,0.054379820823669434
359,437,images/image_421.jpg,images/image_492.jpg,0.05438297986984253
377,197,images/image_438.jpg,images/image_276.jpg,0.054390788078308105
479,597,images/image_53.jpg,images/image_97.jpg,0.054409682750701904
19,416,images/image_115.jpg,images/image_473.jpg,0.054411232471466064
309,57,images/image_377.jpg,images/image_15.jpg,0.05441296100616455
413,514,images/image_470.jpg,images/image_561.jpg,0.05441856384277344
489,592,images/image_539.jpg,images/image_92.jpg,0.05442070960998535
375,406,images/image_436.jpg,images/image_464.jpg,0.0544358491897583
157,148,images/image_24.jpg,images/image_231.jpg,0.054442524909973145
279,316,images/image_35.jpg,images/image_383.jpg,0.054452598094940186
318,171,images/image_385.jpg,images/image_252.jpg,0.054453372955322266
288,334,images/image_358.jpg,images/image_4.jpg,0.05445772409439087
551,33,images/image_595.jpg,images/image_128.jpg,0.054463088512420654
560,570,images/image_63.jpg,images/image_72.jpg,0.05446439981460571
8,419,images/image_105.jpg,images/image_476.jpg,0.05447208881378174
166,541,images/image_248.jpg,images/image_586.jpg,0.05447918176651001
364,233,images/image_426.jpg,images/image_308.jpg,0.054501473903656006
192,49,images/image_271.jpg,images/image_142.jpg,0.05450397729873657
181,346,images/image_261.jpg,images/image_41.jpg,0.05451470613479614
461,7,images/image_513.jpg,images/image_104.jpg,0.05452239513397217
388,26,images/image_448.jpg,images/image_121.jpg,0.05452913045883179
166,594,images/image_248.jpg,images/image_94.jpg,0.05453324317932129
264,595,images/image_336.jpg,images/image_95.jpg,0.05453932285308838
460,5,images/image_512.jpg,images/image_102.jpg,0.05454087257385254
483,45,images/image_533.jpg,images/image_139.jpg,0.05455988645553589
140,277,images/image_224.jpg,images/image_348.jpg,0.05456608533859253
192,219,images/image_271.jpg,images/image_296.jpg,0.05456674098968506
27,577,images/image_122.jpg,images/image_79.jpg,0.05457967519760132
27,371,images/image_122.jpg,images/image_432.jpg,0.05457967519760132
62,378,images/image_154.jpg,images/image_439.jpg,0.054593563079833984
266,197,images/image_338.jpg,images/image_276.jpg,0.05461561679840088
407,567,images/image_465.jpg,images/image_7.jpg,0.0546184778213501
567,306,images/image_7.jpg,images/image_374.jpg,0.054618656635284424
297,555,images/image_366.jpg,images/image_599.jpg,0.05461937189102173
362,391,images/image_424.jpg,images/image_450.jpg,0.054625511169433594
479,563,images/image_53.jpg,images/image_66.jpg,0.05462688207626343
280,481,images/image_350.jpg,images/image_531.jpg,0.054641664028167725
308,58,images/image_376.jpg,images/image_150.jpg,0.05464869737625122
276,355,images/image_347.jpg,images/image_418.jpg,0.054696500301361084
319,376,images/image_386.jpg,images/image_437.jpg,0.05471318960189819
332,362,images/image_398.jpg,images/image_424.jpg,0.05471503734588623
258,576,images/image_330.jpg,images/image_78.jpg,0.054715871810913086
364,461,images/image_426.jpg,images/image_513.jpg,0.05472302436828613
123,500,images/image_209.jpg,images/image_549.jpg,0.054724276065826416
573,27,images/image_75.jpg,images/image_122.jpg,0.05473083257675171
194,248,images/image_273.jpg,images/image_321.jpg,0.05473512411117554
483,172,images/image_533.jpg,images/image_253.jpg,0.054738759994506836
470,61,images/image_521.jpg,images/image_153.jpg,0.05474233627319336
215,398,images/image_292.jpg,images/image_457.jpg,0.05474740266799927
497,184,images/image_546.jpg,images/image_264.jpg,0.0547640323638916
11,441,images/image_108.jpg,images/image_496.jpg,0.05476623773574829
234,550,images/image_309.jpg,images/image_594.jpg,0.054775357246398926
87,249,images/image_177.jpg,images/image_322.jpg,0.0547795295715332
219,597,images/image_296.jpg,images/image_97.jpg,0.054810166358947754
11,314,images/image_108.jpg,images/image_381.jpg,0.05482369661331177
266,400,images/image_338.jpg,images/image_459.jpg,0.05483514070510864
92,270,images/image_181.jpg,images/image_341.jpg,0.054857611656188965
391,58,images/image_450.jpg,images/image_150.jpg,0.05486994981765747
309,579,images/image_377.jpg,images/image_80.jpg,0.05487644672393799
177,346,images/image_258.jpg,images/image_41.jpg,0.054878830909729004
419,519,images/image_476.jpg,images/image_566.jpg,0.05488783121109009
513,222,images/image_560.jpg,images/image_299.jpg,0.05488854646682739
294,334,images/image_363.jpg,images/image_4.jpg,0.054896533489227295
8,537,images/image_105.jpg,images/image_582.jpg,0.05490022897720337
282,334,images/image_352.jpg,images/image_4.jpg,0.05492132902145386
52,354,images/image_145.jpg,images/image_417.jpg,0.054925382137298584
28,381,images/image_123.jpg,images/image_441.jpg,0.05492711067199707
467,479,images/image_519.jpg,images/image_53.jpg,0.05494964122772217
67,213,images/image_159.jpg,images/image_290.jpg,0.05495452880859375
377,525,images/image_438.jpg,images/image_571.jpg,0.05498224496841431
513,227,images/image_560.jpg,images/image_302.jpg,0.05498373508453369
205,233,images/image_283.jpg,images/image_308.jpg,0.05500590801239014
319,481,images/image_386.jpg,images/image_531.jpg,0.05501234531402588
411,483,images/image_469.jpg,images/image_533.jpg,0.05501997470855713
332,58,images/image_398.jpg,images/image_150.jpg,0.05502200126647949
157,532,images/image_24.jpg,images/image_578.jpg,0.05503559112548828
563,49,images/image_66.jpg,images/image_142.jpg,0.05504333972930908
297,50,images/image_366.jpg,images/image_143.jpg,0.055048346519470215
308,362,images/image_376.jpg,images/image_424.jpg,0.05507040023803711
597,45,images/image_97.jpg,images/image_139.jpg,0.05508655309677124
264,441,images/image_336.jpg,images/image_496.jpg,0.055097758769989014
11,153,images/image_108.jpg,images/image_236.jpg,0.05510348081588745
309,226,images/image_377.jpg,images/image_301.jpg,0.05510598421096802
97,26,images/image_186.jpg,images/image_121.jpg,0.05511927604675293
313,24,images/image_380.jpg,images/image_12.jpg,0.05511969327926636
513,96,images/image_560.jpg,images/image_185.jpg,0.05512434244155884
186,124,images/image_266.jpg,images/image_21.jpg,0.05513560771942139
19,34,images/image_115.jpg,images/image_129.jpg,0.05514401197433472
571,222,images/image_73.jpg,images/image_299.jpg,0.05514562129974365
219,563,images/image_296.jpg,images/image_66.jpg,0.055149197578430176
408,536,images/image_466.jpg,images/image_581.jpg,0.05515086650848389
157,127,images/image_24.jpg,images/image_212.jpg,0.05515718460083008
497,69,images/image_546.jpg,images/image_160.jpg,0.05515849590301514
181,235,images/image_261.jpg,images/image_31.jpg,0.05516183376312256
40,38,images/image_134.jpg,images/image_132.jpg,0.05517357587814331
376,5,images/image_437.jpg,images/image_102.jpg,0.05519908666610718
460,79,images/image_512.jpg,images/image_17.jpg,0.05519956350326538
81,316,images/image_171.jpg,images/image_383.jpg,0.05520308017730713
522,344,images/image_569.jpg,images/image_408.jpg,0.05522078275680542
266,525,images/image_338.jpg,images/image_571.jpg,0.055225908756256104
450,223,images/image_503.jpg,images/image_3.jpg,0.055240631103515625
571,227,images/image_73.jpg,images/image_302.jpg,0.055241286754608154
265,179,images/image_337.jpg,images/image_26.jpg,0.05525010824203491
290,402,images/image_36.jpg,images/image_460.jpg,0.05525785684585571
183,489,images/image_263.jpg,images/image_539.jpg,0.05526071786880493
21,62,images/image_117.jpg,images/image_154.jpg,0.05527764558792114
597,172,images/image_97.jpg,images/image_253.jpg,0.05528414249420166
84,346,images/image_174.jpg,images/image_41.jpg,0.055291831493377686
277,327,images/image_348.jpg,images/image_393.jpg,0.05530393123626709
391,567,images/image_450.jpg,images/image_7.jpg,0.05534863471984863
219,467,images/image_296.jpg,images/image_519.jpg,0.05535691976547241
519,537,images/image_566.jpg,images/image_582.jpg,0.05536651611328125
28,334,images/image_123.jpg,images/image_4.jpg,0.055369794368743896
481,29,images/image_531.jpg,images/image_124.jpg,0.055383145809173584
276,482,images/image_347.jpg,images/image_532.jpg,0.055389463901519775
571,96,images/image_73.jpg,images/image_185.jpg,0.05539160966873169
377,98,images/image_438.jpg,images/image_187.jpg,0.055405497550964355
456,599,images/image_509.jpg,images/image_99.jpg,0.05541336536407471
313,457,images/image_380.jpg,images/image_51.jpg,0.05541586875915527
262,469,images/image_334.jpg,images/image_520.jpg,0.055419862270355225
536,170,images/image_581.jpg,images/image_251.jpg,0.05542194843292236
87,310,images/image_177.jpg,images/image_378.jpg,0.05542415380477905
409,179,images/image_467.jpg,images/image_26.jpg,0.05542808771133423
112,533,images/image_2.jpg,images/image_579.jpg,0.05542874336242676
332,567,images/image_398.jpg,images/image_7.jpg,0.05547064542770386
160,479,images/image_242.jpg,images/image_53.jpg,0.0554770827293396
208,533,images/image_286.jpg,images/image_579.jpg,0.05548417568206787
539,189,images/image_584.jpg,images/image_269.jpg,0.055496931076049805
265,242,images/image_337.jpg,images/image_316.jpg,0.055522382259368896
177,235,images/image_258.jpg,images/image_31.jpg,0.05553156137466431
335,445,images/image_40.jpg,images/image_5.jpg,0.05554085969924927
309,184,images/image_377.jpg,images/image_264.jpg,0.05554550886154175
460,76,images/image_512.jpg,images/image_167.jpg,0.05555450916290283
35,234,images/image_13.jpg,images/image_309.jpg,0.05555617809295654
411,597,images/image_469.jpg,images/image_97.jpg,0.05557656288146973
374,233,images/image_435.jpg,images/image_308.jpg,0.055586278438568115
158,489,images/image_240.jpg,images/image_539.jpg,0.05558854341506958
347,207,images/image_410.jpg,images/image_285.jpg,0.05558919906616211
417,582,images/image_474.jpg,images/image_83.jpg,0.055595576763153076
157,186,images/image_24.jpg,images/image_266.jpg,0.05560123920440674
539,579,images/image_584.jpg,images/image_80.jpg,0.055606067180633545
348,599,images/image_411.jpg,images/image_99.jpg,0.05561721324920654
408,61,images/image_466.jpg,images/image_153.jpg,0.05561816692352295
473,522,images/image_524.jpg,images/image_569.jpg,0.0556262731552124
450,530,images/image_503.jpg,images/image_576.jpg,0.05562788248062134
241,389,images/image_315.jpg,images/image_449.jpg,0.0556415319442749
551,157,images/image_595.jpg,images/image_24.jpg,0.05564242601394653
467,45,images/image_519.jpg,images/image_139.jpg,0.055648207664489746
266,98,images/image_338.jpg,images/image_187.jpg,0.05567139387130737
405,33,images/image_463.jpg,images/image_128.jpg,0.055672407150268555
483,555,images/image_533.jpg,images/image_599.jpg,0.05568891763687134
384,533,images/image_444.jpg,images/image_579.jpg,0.05568993091583252
323,47,images/image_39.jpg,images/image_140.jpg,0.05569392442703247
497,0,images/image_546.jpg,images/image_0.jpg,0.055693984031677246
308,409,images/image_376.jpg,images/image_467.jpg,0.05571556091308594
119,49,images/image_205.jpg,images/image_142.jpg,0.05571633577346802
481,5,images/image_531.jpg,images/image_102.jpg,0.05572253465652466
259,310,images/image_331.jpg,images/image_378.jpg,0.05572664737701416
481,504,images/image_531.jpg,images/image_552.jpg,0.05572789907455444
309,570,images/image_377.jpg,images/image_72.jpg,0.05574476718902588
188,550,images/image_268.jpg,images/image_594.jpg,0.055746376514434814
354,560,images/image_417.jpg,images/image_63.jpg,0.055750489234924316
492,103,images/image_541.jpg,images/image_191.jpg,0.05575162172317505
241,490,images/image_315.jpg,images/image_54.jpg,0.055776238441467285
491,27,images/image_540.jpg,images/image_122.jpg,0.055782854557037354
290,203,images/image_36.jpg,images/image_281.jpg,0.05578756332397461
377,400,images/image_438.jpg,images/image_459.jpg,0.05579185485839844
264,314,images/image_336.jpg,images/image_381.jpg,0.05579268932342529
310,289,images/image_378.jpg,images/image_359.jpg,0.05580061674118042
244,577,images/image_318.jpg,images/image_79.jpg,0.05580401420593262
244,371,images/image_318.jpg,images/image_432.jpg,0.05580401420593262
497,570,images/image_546.jpg,images/image_72.jpg,0.055806100368499756
290,470,images/image_36.jpg,images/image_521.jpg,0.05582427978515625
467,172,images/image_519.jpg,images/image_253.jpg,0.05582427978515625
166,246,images/image_248.jpg,images/image_32.jpg,0.05582648515701294
539,32,images/image_584.jpg,images/image_127.jpg,0.05585980415344238
160,219,images/image_242.jpg,images/image_296.jpg,0.05586010217666626
316,566,images/image_383.jpg,images/image_69.jpg,0.05586796998977661
243,189,images/image_317.jpg,images/image_269.jpg,0.05586802959442139
374,47,images/image_435.jpg,images/image_140.jpg,0.05589252710342407
19,335,images/image_115.jpg,images/image_40.jpg,0.0559004545211792
194,554,images/image_273.jpg,images/image_598.jpg,0.05591297149658203
599,124,images/image_99.jpg,images/image_21.jpg,0.05591481924057007
533,24,images/image_579.jpg,images/image_12.jpg,0.055921196937561035
311,179,images/image_379.jpg,images/image_26.jpg,0.05595672130584717
321,203,images/image_388.jpg,images/image_281.jpg,0.055978596210479736
244,573,images/image_318.jpg,images/image_75.jpg,0.055986881256103516
265,171,images/image_337.jpg,images/image_252.jpg,0.05598825216293335
417,551,images/image_474.jpg,images/image_595.jpg,0.056002676486968994
217,189,images/image_294.jpg,images/image_269.jpg,0.056029319763183594
318,501,images/image_385.jpg,images/image_55.jpg,0.056031763553619385
321,470,images/image_388.jpg,images/image_521.jpg,0.05603748559951782
246,450,images/image_32.jpg,images/image_503.jpg,0.056046366691589355
323,492,images/image_39.jpg,images/image_541.jpg,0.056064724922180176
359,389,images/image_421.jpg,images/image_449.jpg,0.05607783794403076
483,50,images/image_533.jpg,images/image_143.jpg,0.05609714984893799
270,334,images/image_341.jpg,images/image_4.jpg,0.05612802505493164
411,467,images/image_469.jpg,images/image_519.jpg,0.056131720542907715
205,461,images/image_283.jpg,images/image_513.jpg,0.056139469146728516
477,553,images/image_528.jpg,images/image_597.jpg,0.056158244609832764
134,245,images/image_219.jpg,images/image_319.jpg,0.05617183446884155
160,45,images/image_242.jpg,images/image_139.jpg,0.05619335174560547
78,261,images/image_169.jpg,images/image_333.jpg,0.05619913339614868
555,597,images/image_599.jpg,images/image_97.jpg,0.05621635913848877
205,47,images/image_283.jpg,images/image_140.jpg,0.05621838569641113
359,490,images/image_421.jpg,images/image_54.jpg,0.05622214078903198
524,124,images/image_570.jpg,images/image_21.jpg,0.05622607469558716
84,235,images/image_174.jpg,images/image_31.jpg,0.056247055530548096
342,570,images/image_406.jpg,images/image_72.jpg,0.056247055530548096
539,226,images/image_584.jpg,images/image_301.jpg,0.05626952648162842
513,522,images/image_560.jpg,images/image_569.jpg,0.056276023387908936
251,388,images/image_324.jpg,images/image_448.jpg,0.05627644062042236
266,223,images/image_338.jpg,images/image_3.jpg,0.05628019571304321
457,533,images/image_51.jpg,images/image_579.jpg,0.05628138780593872
437,175,images/image_492.jpg,images/image_256.jpg,0.05628204345703125
81,445,images/image_171.jpg,images/image_5.jpg,0.05630224943161011
119,26,images/image_205.jpg,images/image_121.jpg,0.05632573366165161
273,38,images/image_344.jpg,images/image_132.jpg,0.05634194612503052
35,320,images/image_13.jpg,images/image_387.jpg,0.05634260177612305
67,195,images/image_159.jpg,images/image_274.jpg,0.056361258029937744
160,172,images/image_242.jpg,images/image_253.jpg,0.05637061595916748
413,241,images/image_470.jpg,images/image_315.jpg,0.05637097358703613
463,479,images/image_515.jpg,images/image_53.jpg,0.05638319253921509
154,277,images/image_237.jpg,images/image_348.jpg,0.05639761686325073
311,242,images/image_379.jpg,images/image_316.jpg,0.0564003586769104
214,323,images/image_291.jpg,images/image_39.jpg,0.05640971660614014
198,550,images/image_277.jpg,images/image_594.jpg,0.05641597509384155
145,147,images/image_229.jpg,images/image_230.jpg,0.05641794204711914
517,599,images/image_564.jpg,images/image_99.jpg,0.05642533302307129
347,460,images/image_410.jpg,images/image_512.jpg,0.05645883083343506
458,170,images/image_510.jpg,images/image_251.jpg,0.05648791790008545
445,499,images/image_5.jpg,images/image_548.jpg,0.05649769306182861
218,553,images/image_295.jpg,images/image_597.jpg,0.05651211738586426
35,188,images/image_13.jpg,images/image_268.jpg,0.05652421712875366
481,76,images/image_531.jpg,images/image_167.jpg,0.05652880668640137
408,458,images/image_466.jpg,images/image_510.jpg,0.056536853313446045
506,309,images/image_554.jpg,images/image_377.jpg,0.05654841661453247
249,259,images/image_322.jpg,images/image_331.jpg,0.05655837059020996
308,593,images/image_376.jpg,images/image_93.jpg,0.056568801403045654
597,50,images/image_97.jpg,images/image_143.jpg,0.05661463737487793
397,473,images/image_456.jpg,images/image_524.jpg,0.056616127490997314
107,355,images/image_195.jpg,images/image_418.jpg,0.056623995304107666
196,423,images/image_275.jpg,images/image_48.jpg,0.056626081466674805
406,485,images/image_464.jpg,images/image_535.jpg,0.05663377046585083
205,249,images/image_283.jpg,images/image_322.jpg,0.05663633346557617
19,81,images/image_115.jpg,images/image_171.jpg,0.05663776397705078
253,591,images/image_326.jpg,images/image_91.jpg,0.05663973093032837
497,506,images/image_546.jpg,images/image_554.jpg,0.05664420127868652
92,473,images/image_181.jpg,images/image_524.jpg,0.0566442608833313
340,246,images/image_404.jpg,images/image_32.jpg,0.056658804416656494
262,345,images/image_334.jpg,images/image_409.jpg,0.056676387786865234
108,355,images/image_196.jpg,images/image_418.jpg,0.05667656660079956
370,489,images/image_431.jpg,images/image_539.jpg,0.056678175926208496
160,411,images/image_242.jpg,images/image_469.jpg,0.05668085813522339
97,313,images/image_186.jpg,images/image_380.jpg,0.0566943883895874
440,27,images/image_495.jpg,images/image_122.jpg,0.05670356750488281
316,423,images/image_383.jpg,images/image_48.jpg,0.05670446157455444
245,456,images/image_319.jpg,images/image_509.jpg,0.05671721696853638
582,599,images/image_83.jpg,images/image_99.jpg,0.056747496128082275
532,216,images/image_578.jpg,images/image_293.jpg,0.05674934387207031
474,189,images/image_525.jpg,images/image_269.jpg,0.05675959587097168
219,463,images/image_296.jpg,images/image_515.jpg,0.056762874126434326
551,599,images/image_595.jpg,images/image_99.jpg,0.05677008628845215
140,435,images/image_224.jpg,images/image_490.jpg,0.05677062273025513
467,555,images/image_519.jpg,images/image_599.jpg,0.05679196119308472
290,260,images/image_36.jpg,images/image_332.jpg,0.05679726600646973
311,171,images/image_379.jpg,images/image_252.jpg,0.05680692195892334
335,346,images/image_40.jpg,images/image_41.jpg,0.05682182312011719
78,354,images/image_169.jpg,images/image_417.jpg,0.056838154792785645
359,413,images/image_421.jpg,images/image_470.jpg,0.056842923164367676
218,595,images/image_295.jpg,images/image_95.jpg,0.0568774938583374
192,533,images/image_271.jpg,images/image_579.jpg,0.05688285827636719
321,558,images/image_388.jpg,images/image_61.jpg,0.056917667388916016
524,582,images/image_570.jpg,images/image_83.jpg,0.05695033073425293
225,439,images/image_300.jpg,images/image_494.jpg,0.056959688663482666
409,195,images/image_467.jpg,images/image_274.jpg,0.05698734521865845
362,179,images/image_424.jpg,images/image_26.jpg,0.05699801445007324
119,533,images/image_205.jpg,images/image_579.jpg,0.05700516700744629
409,242,images/image_467.jpg,images/image_316.jpg,0.05700582265853882
409,171,images/image_467.jpg,images/image_252.jpg,0.05700647830963135
522,571,images/image_569.jpg,images/image_73.jpg,0.05704975128173828
522,298,images/image_569.jpg,images/image_367.jpg,0.05704998970031738
593,179,images/image_93.jpg,images/image_26.jpg,0.057060182094573975
235,335,images/image_31.jpg,images/image_40.jpg,0.05706191062927246
279,445,images/image_35.jpg,images/image_5.jpg,0.05707591772079468
134,417,images/image_219.jpg,images/image_474.jpg,0.05707693099975586
506,560,images/image_554.jpg,images/image_63.jpg,0.05709528923034668
288,381,images/image_358.jpg,images/image_441.jpg,0.05710548162460327
524,551,images/image_570.jpg,images/image_595.jpg,0.05710780620574951
244,491,images/image_318.jpg,images/image_540.jpg,0.05711787939071655
405,417,images/image_463.jpg,images/image_474.jpg,0.05711847543716431
281,335,images/image_351.jpg,images/image_40.jpg,0.05712103843688965
310,421,images/image_378.jpg,images/image_478.jpg,0.05712604522705078
463,45,images/image_515.jpg,images/image_139.jpg,0.05713033676147461
261,560,images/image_333.jpg,images/image_63.jpg,0.057152628898620605
81,346,images/image_171.jpg,images/image_41.jpg,0.05717414617538452
201,576,images/image_28.jpg,images/image_78.jpg,0.05717653036117554
460,529,images/image_512.jpg,images/image_575.jpg,0.05718564987182617
52,506,images/image_145.jpg,images/image_554.jpg,0.05719590187072754
467,50,images/image_519.jpg,images/image_143.jpg,0.057205021381378174
381,473,images/image_441.jpg,images/image_524.jpg,0.05720651149749756
506,342,images/image_554.jpg,images/image_406.jpg,0.057217299938201904
35,198,images/image_13.jpg,images/image_277.jpg,0.05722963809967041
134,3,images/image_219.jpg,images/image_100.jpg,0.057234227657318115
42,586,images/image_136.jpg,images/image_87.jpg,0.0572357177734375
310,233,images/image_378.jpg,images/image_308.jpg,0.05724400281906128
60,91,images/image_152.jpg,images/image_180.jpg,0.057260990142822266
530,83,images/image_576.jpg,images/image_173.jpg,0.05727112293243408
377,223,images/image_438.jpg,images/image_3.jpg,0.05727452039718628
84,248,images/image_174.jpg,images/image_321.jpg,0.05729466676712036
463,172,images/image_515.jpg,images/image_253.jpg,0.05729568004608154
502,342,images/image_550.jpg,images/image_406.jpg,0.05732381343841553
19,499,images/image_115.jpg,images/image_548.jpg,0.057331860065460205
183,560,images/image_263.jpg,images/image_63.jpg,0.05735325813293457
460,508,images/image_512.jpg,images/image_556.jpg,0.057353317737579346
412,179,images/image_47.jpg,images/image_26.jpg,0.057365596294403076
40,489,images/image_134.jpg,images/image_539.jpg,0.057368576526641846
160,555,images/image_242.jpg,images/image_599.jpg,0.057370781898498535
327,466,images/image_393.jpg,images/image_518.jpg,0.057390570640563965
533,563,images/image_579.jpg,images/image_66.jpg,0.05739271640777588
414,539,images/image_471.jpg,images/image_584.jpg,0.057405054569244385
397,344,images/image_456.jpg,images/image_408.jpg,0.057405829429626465
249,421,images/image_322.jpg,images/image_478.jpg,0.057414889335632324
261,519,images/image_333.jpg,images/image_566.jpg,0.05741804838180542
81,235,images/image_171.jpg,images/image_31.jpg,0.0574415922164917
310,461,images/image_378.jpg,images/image_513.jpg,0.057449936866760254
218,441,images/image_295.jpg,images/image_496.jpg,0.05746161937713623
108,482,images/image_196.jpg,images/image_532.jpg,0.05746471881866455
341,390,images/image_405.jpg,images/image_45.jpg,0.057485222816467285
500,556,images/image_549.jpg,images/image_6.jpg,0.05748957395553589
265,501,images/image_337.jpg,images/image_55.jpg,0.05749291181564331
54,119,images/image_147.jpg,images/image_205.jpg,0.057513415813446045
251,185,images/image_324.jpg,images/image_265.jpg,0.05752003192901611
251,476,images/image_324.jpg,images/image_527.jpg,0.0575290322303772
491,563,images/image_540.jpg,images/image_66.jpg,0.05752962827682495
100,140,images/image_189.jpg,images/image_224.jpg,0.05753594636917114
402,199,images/image_460.jpg,images/image_278.jpg,0.057559847831726074
225,300,images/image_300.jpg,images/image_369.jpg,0.05758631229400635
539,184,images/image_584.jpg,images/image_264.jpg,0.057586848735809326
411,463,images/image_469.jpg,images/image_515.jpg,0.057591259479522705
281,499,images/image_351.jpg,images/image_548.jpg,0.057599008083343506
158,560,images/image_240.jpg,images/image_63.jpg,0.05760037899017334
442,460,images/image_497.jpg,images/image_512.jpg,0.057605087757110596
294,381,images/image_363.jpg,images/image_441.jpg,0.05760955810546875
213,508,images/image_290.jpg,images/image_556.jpg,0.0576324462890625
213,442,images/image_290.jpg,images/image_497.jpg,0.05763649940490723
401,585,images/image_46.jpg,images/image_86.jpg,0.057637691497802734
377,73,images/image_438.jpg,images/image_164.jpg,0.0576472282409668
310,492,images/image_378.jpg,images/image_541.jpg,0.05765026807785034
477,595,images/image_528.jpg,images/image_95.jpg,0.05765044689178467
412,242,images/image_47.jpg,images/image_316.jpg,0.05770576000213623
406,448,images/image_464.jpg,images/image_501.jpg,0.05771607160568237
31,207,images/image_126.jpg,images/image_285.jpg,0.05774044990539551
456,3,images/image_509.jpg,images/image_100.jpg,0.0577770471572876
160,50,images/image_242.jpg,images/image_143.jpg,0.05777907371520996
374,342,images/image_435.jpg,images/image_406.jpg,0.057820141315460205
154,466,images/image_237.jpg,images/image_518.jpg,0.0578305721282959
445,566,images/image_5.jpg,images/image_69.jpg,0.057844340801239014
529,207,images/image_575.jpg,images/image_285.jpg,0.057848453521728516
320,10,images/image_387.jpg,images/image_107.jpg,0.0578649640083313
355,49,images/image_418.jpg,images/image_142.jpg,0.05786740779876709
266,73,images/image_338.jpg,images/image_164.jpg,0.05789494514465332
81,281,images/image_171.jpg,images/image_351.jpg,0.057901740074157715
416,586,images/image_473.jpg,images/image_87.jpg,0.05790990591049194
384,26,images/image_444.jpg,images/image_121.jpg,0.05791217088699341
364,47,images/image_426.jpg,images/image_140.jpg,0.05793064832687378
19,279,images/image_115.jpg,images/image_35.jpg,0.057933270931243896
192,313,images/image_271.jpg,images/image_380.jpg,0.057933270931243896
497,7,images/image_546.jpg,images/image_104.jpg,0.05793553590774536
162,417,images/image_244.jpg,images/image_474.jpg,0.05793654918670654
251,187,images/image_324.jpg,images/image_267.jpg,0.05793982744216919
365,500,images/image_427.jpg,images/image_549.jpg,0.057954490184783936
389,175,images/image_449.jpg,images/image_256.jpg,0.05796957015991211
405,599,images/image_463.jpg,images/image_99.jpg,0.05797231197357178
153,264,images/image_236.jpg,images/image_336.jpg,0.05802279710769653
244,440,images/image_318.jpg,images/image_495.jpg,0.05803990364074707
282,381,images/image_352.jpg,images/image_441.jpg,0.058055877685546875
245,348,images/image_319.jpg,images/image_411.jpg,0.05805957317352295
377,113,images/image_438.jpg,images/image_20.jpg,0.05807161331176758
317,175,images/image_384.jpg,images/image_256.jpg,0.05807596445083618
107,482,images/image_195.jpg,images/image_532.jpg,0.05809187889099121
377,545,images/image_438.jpg,images/image_59.jpg,0.05809861421585083
461,502,images/image_513.jpg,images/image_550.jpg,0.05810070037841797
490,175,images/image_54.jpg,images/image_256.jpg,0.058102309703826904
354,519,images/image_417.jpg,images/image_566.jpg,0.05813521146774292
412,171,images/image_47.jpg,images/image_252.jpg,0.058170199394226074
279,281,images/image_35.jpg,images/image_351.jpg,0.05817145109176636
254,539,images/image_327.jpg,images/image_584.jpg,0.05817210674285889
218,314,images/image_295.jpg,images/image_381.jpg,0.05818319320678711
244,512,images/image_318.jpg,images/image_56.jpg,0.05818784236907959
129,497,images/image_214.jpg,images/image_546.jpg,0.05820059776306152
405,524,images/image_463.jpg,images/image_570.jpg,0.0582156777381897
321,260,images/image_388.jpg,images/image_332.jpg,0.058221280574798584
460,29,images/image_512.jpg,images/image_124.jpg,0.05825918912887573
243,388,images/image_317.jpg,images/image_448.jpg,0.05827456712722778
280,207,images/image_350.jpg,images/image_285.jpg,0.058274924755096436
442,529,images/image_497.jpg,images/image_575.jpg,0.05828052759170532
441,477,images/image_496.jpg,images/image_528.jpg,0.058283209800720215
388,37,images/image_448.jpg,images/image_131.jpg,0.05828982591629028
567,179,images/image_7.jpg,images/image_26.jpg,0.05828988552093506
331,493,images/image_397.jpg,images/image_542.jpg,0.05829620361328125
463,555,images/image_515.jpg,images/image_599.jpg,0.058312833309173584
321,328,images/image_388.jpg,images/image_394.jpg,0.058314502239227295
266,113,images/image_338.jpg,images/image_20.jpg,0.058320045471191406
266,545,images/image_338.jpg,images/image_59.jpg,0.05833917856216431
119,200,images/image_205.jpg,images/image_279.jpg,0.05834066867828369
290,573,images/image_36.jpg,images/image_75.jpg,0.058342576026916504
142,262,images/image_226.jpg,images/image_334.jpg,0.05834472179412842
287,500,images/image_357.jpg,images/image_549.jpg,0.05835980176925659
385,473,images/image_445.jpg,images/image_524.jpg,0.058375418186187744
19,566,images/image_115.jpg,images/image_69.jpg,0.05837571620941162
355,357,images/image_418.jpg,images/image_42.jpg,0.05837893486022949
497,502,images/image_546.jpg,images/image_550.jpg,0.058379948139190674
406,114,images/image_464.jpg,images/image_200.jpg,0.058383285999298096
320,550,images/image_387.jpg,images/image_594.jpg,0.05838489532470703
134,33,images/image_219.jpg,images/image_128.jpg,0.05838805437088013
543,321,images/image_588.jpg,images/image_388.jpg,0.05841505527496338
84,554,images/image_174.jpg,images/image_598.jpg,0.05842769145965576
290,371,images/image_36.jpg,images/image_432.jpg,0.058435916900634766
577,290,images/image_79.jpg,images/image_36.jpg,0.058435916900634766
217,388,images/image_294.jpg,images/image_448.jpg,0.058439433574676514
311,501,images/image_379.jpg,images/image_55.jpg,0.05845344066619873
368,406,images/image_43.jpg,images/image_464.jpg,0.058458149433135986
327,435,images/image_393.jpg,images/image_490.jpg,0.058464229106903076
409,501,images/image_467.jpg,images/image_55.jpg,0.058514535427093506
362,195,images/image_424.jpg,images/image_274.jpg,0.058517277240753174
129,309,images/image_214.jpg,images/image_377.jpg,0.05851781368255615
397,513,images/image_456.jpg,images/image_560.jpg,0.05851978063583374
145,292,images/image_229.jpg,images/image_361.jpg,0.058525264263153076
362,242,images/image_424.jpg,images/image_316.jpg,0.05858302116394043
91,292,images/image_180.jpg,images/image_361.jpg,0.05858582258224487
457,26,images/image_51.jpg,images/image_121.jpg,0.0585896372795105
586,34,images/image_87.jpg,images/image_129.jpg,0.058592915534973145
362,171,images/image_424.jpg,images/image_252.jpg,0.05859935283660889
408,199,images/image_466.jpg,images/image_278.jpg,0.05860632658004761
273,489,images/image_344.jpg,images/image_539.jpg,0.05861318111419678
399,47,images/image_458.jpg,images/image_140.jpg,0.0586315393447876
406,96,images/image_464.jpg,images/image_185.jpg,0.05863296985626221
87,323,images/image_177.jpg,images/image_39.jpg,0.058635056018829346
313,563,images/image_380.jpg,images/image_66.jpg,0.058641910552978516
414,251,images/image_471.jpg,images/image_324.jpg,0.058643877506256104
478,567,images/image_529.jpg,images/image_7.jpg,0.05865556001663208
100,327,images/image_189.jpg,images/image_393.jpg,0.05865764617919922
593,171,images/image_93.jpg,images/image_252.jpg,0.058669090270996094
196,248,images/image_275.jpg,images/image_321.jpg,0.05867171287536621
481,529,images/image_531.jpg,images/image_575.jpg,0.05868023633956909
593,195,images/image_93.jpg,images/image_274.jpg,0.0586816668510437
276,313,images/image_347.jpg,images/image_380.jpg,0.05868405103683472
162,33,images/image_244.jpg,images/image_128.jpg,0.05868411064147949
558,290,images/image_61.jpg,images/image_36.jpg,0.058685123920440674
108,313,images/image_196.jpg,images/image_380.jpg,0.0586971640586853
593,242,images/image_93.jpg,images/image_316.jpg,0.05870068073272705
406,227,images/image_464.jpg,images/image_302.jpg,0.058712124824523926
406,152,images/image_464.jpg,images/image_235.jpg,0.05871725082397461
463,50,images/image_515.jpg,images/image_143.jpg,0.05872231721878052
181,586,images/image_261.jpg,images/image_87.jpg,0.058747291564941406
413,175,images/image_470.jpg,images/image_256.jpg,0.0587618350982666
417,456,images/image_474.jpg,images/image_509.jpg,0.05876976251602173
313,384,images/image_380.jpg,images/image_444.jpg,0.058770060539245605
350,567,images/image_413.jpg,images/image_7.jpg,0.05879479646682739
119,276,images/image_205.jpg,images/image_347.jpg,0.058796703815460205
425,497,images/image_481.jpg,images/image_546.jpg,0.05880481004714966
406,434,images/image_464.jpg,images/image_49.jpg,0.058815956115722656
52,570,images/image_145.jpg,images/image_72.jpg,0.05881917476654053
348,417,images/image_411.jpg,images/image_474.jpg,0.05883800983428955
259,323,images/image_331.jpg,images/image_39.jpg,0.05884438753128052
214,249,images/image_291.jpg,images/image_322.jpg,0.0588533878326416
406,549,images/image_464.jpg,images/image_593.jpg,0.05885511636734009
355,533,images/image_418.jpg,images/image_579.jpg,0.05885910987854004
314,477,images/image_381.jpg,images/image_528.jpg,0.05887281894683838
450,559,images/image_503.jpg,images/image_62.jpg,0.058911681175231934
522,295,images/image_569.jpg,images/image_364.jpg,0.05892026424407959
274,406,images/image_345.jpg,images/image_464.jpg,0.05892056226730347
374,497,images/image_435.jpg,images/image_546.jpg,0.05894827842712402
406,222,images/image_464.jpg,images/image_299.jpg,0.0589749813079834
388,539,images/image_448.jpg,images/image_584.jpg,0.05898582935333252
335,586,images/image_40.jpg,images/image_87.jpg,0.05899327993392944
491,192,images/image_540.jpg,images/image_271.jpg,0.059011757373809814
492,163,images/image_541.jpg,images/image_245.jpg,0.05901443958282471
78,506,images/image_169.jpg,images/image_554.jpg,0.059049367904663086
316,376,images/image_383.jpg,images/image_437.jpg,0.059067368507385254
560,592,images/image_63.jpg,images/image_92.jpg,0.059110045433044434
237,83,images/image_311.jpg,images/image_173.jpg,0.05911695957183838
177,586,images/image_258.jpg,images/image_87.jpg,0.0591273307800293
388,474,images/image_448.jpg,images/image_525.jpg,0.059133291244506836
425,309,images/image_481.jpg,images/image_377.jpg,0.05913728475570679
348,3,images/image_411.jpg,images/image_100.jpg,0.05913734436035156
440,290,images/image_495.jpg,images/image_36.jpg,0.05914396047592163
129,342,images/image_214.jpg,images/image_406.jpg,0.05914539098739624
266,246,images/image_338.jpg,images/image_32.jpg,0.05914837121963501
377,594,images/image_438.jpg,images/image_94.jpg,0.059189677238464355
137,316,images/image_221.jpg,images/image_383.jpg,0.059194207191467285
270,381,images/image_341.jpg,images/image_441.jpg,0.05921822786331177
165,481,images/image_247.jpg,images/image_531.jpg,0.05925488471984863
397,298,images/image_456.jpg,images/image_367.jpg,0.059277474880218506
397,571,images/image_456.jpg,images/image_73.jpg,0.05927765369415283
205,402,images/image_283.jpg,images/image_460.jpg,0.059317171573638916
431,79,images/image_487.jpg,images/image_17.jpg,0.05936962366104126
377,541,images/image_438.jpg,images/image_586.jpg,0.059374451637268066
458,470,images/image_510.jpg,images/image_521.jpg,0.059382617473602295
452,585,images/image_505.jpg,images/image_86.jpg,0.05940741300582886
40,560,images/image_134.jpg,images/image_63.jpg,0.059438109397888184
281,566,images/image_351.jpg,images/image_69.jpg,0.05943906307220459
266,594,images/image_338.jpg,images/image_94.jpg,0.059446513652801514
347,431,images/image_410.jpg,images/image_487.jpg,0.05945849418640137
417,139,images/image_474.jpg,images/image_223.jpg,0.05946308374404907
97,355,images/image_186.jpg,images/image_418.jpg,0.05947244167327881
502,309,images/image_550.jpg,images/image_377.jpg,0.05947530269622803
355,26,images/image_418.jpg,images/image_121.jpg,0.05948305130004883
81,586,images/image_171.jpg,images/image_87.jpg,0.05948513746261597
154,435,images/image_237.jpg,images/image_490.jpg,0.059485554695129395
243,241,images/image_317.jpg,images/image_315.jpg,0.05948764085769653
500,13,images/image_549.jpg,images/image_11.jpg,0.059504032135009766
244,398,images/image_318.jpg,images/image_457.jpg,0.059511423110961914
440,563,images/image_495.jpg,images/image_66.jpg,0.059533774852752686
539,151,images/image_584.jpg,images/image_234.jpg,0.059564292430877686
359,243,images/image_421.jpg,images/image_317.jpg,0.05956768989562988
67,173,images/image_159.jpg,images/image_254.jpg,0.05957484245300293
266,541,images/image_338.jpg,images/image_586.jpg,0.059579312801361084
323,233,images/image_39.jpg,images/image_308.jpg,0.05959957838058472
504,207,images/image_552.jpg,images/image_285.jpg,0.059607744216918945
67,394,images/image_159.jpg,images/image_453.jpg,0.059612274169921875
229,500,images/image_304.jpg,images/image_549.jpg,0.059616923332214355
8,261,images/image_105.jpg,images/image_333.jpg,0.05963033437728882
323,461,images/image_39.jpg,images/image_513.jpg,0.059636592864990234
254,262,images/image_327.jpg,images/image_334.jpg,0.059640586376190186
359,290,images/image_421.jpg,images/image_36.jpg,0.059688031673431396
412,501,images/image_47.jpg,images/image_55.jpg,0.059690237045288086
476,37,images/image_527.jpg,images/image_131.jpg,0.059693336486816406
14,401,images/image_110.jpg,images/image_46.jpg,0.059701502323150635
500,159,images/image_549.jpg,images/image_241.jpg,0.05970346927642822
478,58,images/image_529.jpg,images/image_150.jpg,0.05970567464828491
425,342,images/image_481.jpg,images/image_406.jpg,0.059721171855926514
329,481,images/image_395.jpg,images/image_531.jpg,0.059722900390625
482,49,images/image_532.jpg,images/image_142.jpg,0.059726059436798096
476,243,images/image_527.jpg,images/image_317.jpg,0.059728145599365234
590,121,images/image_90.jpg,images/image_207.jpg,0.05974018573760986
357,482,images/image_42.jpg,images/image_532.jpg,0.0597493052482605
91,147,images/image_180.jpg,images/image_230.jpg,0.05976057052612305
476,217,images/image_527.jpg,images/image_294.jpg,0.05976247787475586
408,461,images/image_466.jpg,images/image_513.jpg,0.05976682901382446
100,154,images/image_189.jpg,images/image_237.jpg,0.05978435277938843
573,321,images/image_75.jpg,images/image_388.jpg,0.05980414152145386
558,199,images/image_61.jpg,images/image_278.jpg,0.05983024835586548
338,184,images/image_402.jpg,images/image_264.jpg,0.05986255407333374
196,554,images/image_275.jpg,images/image_598.jpg,0.059872567653656006
302,539,images/image_370.jpg,images/image_584.jpg,0.059878528118133545
350,58,images/image_413.jpg,images/image_150.jpg,0.05989450216293335
31,460,images/image_126.jpg,images/image_512.jpg,0.059902310371398926
371,321,images/image_432.jpg,images/image_388.jpg,0.059909820556640625
577,321,images/image_79.jpg,images/image_388.jpg,0.059909820556640625
567,242,images/image_7.jpg,images/image_316.jpg,0.059916794300079346
567,171,images/image_7.jpg,images/image_252.jpg,0.0599210262298584
567,195,images/image_7.jpg,images/image_274.jpg,0.05997210741043091
140,436,images/image_224.jpg,images/image_491.jpg,0.05999422073364258
414,260,images/image_471.jpg,images/image_332.jpg,0.05999881029129028
326,481,images/image_392.jpg,images/image_531.jpg,0.060035526752471924
492,61,images/image_541.jpg,images/image_153.jpg,0.0600428581237793
362,478,images/image_424.jpg,images/image_529.jpg,0.06004899740219116
403,473,images/image_461.jpg,images/image_524.jpg,0.06004929542541504
539,185,images/image_584.jpg,images/image_265.jpg,0.06005185842514038
374,309,images/image_435.jpg,images/image_377.jpg,0.06006276607513428
328,290,images/image_394.jpg,images/image_36.jpg,0.0600893497467041
563,26,images/image_66.jpg,images/image_121.jpg,0.060121893882751465
456,33,images/image_509.jpg,images/image_128.jpg,0.06012660264968872
276,467,images/image_347.jpg,images/image_519.jpg,0.06012880802154541
194,346,images/image_273.jpg,images/image_41.jpg,0.06013447046279907
508,207,images/image_556.jpg,images/image_285.jpg,0.06013476848602295
362,501,images/image_424.jpg,images/image_55.jpg,0.060139000415802
431,29,images/image_487.jpg,images/image_124.jpg,0.06013929843902588
97,482,images/image_186.jpg,images/image_532.jpg,0.06014043092727661
350,362,images/image_413.jpg,images/image_424.jpg,0.06014460325241089
60,543,images/image_152.jpg,images/image_588.jpg,0.06017577648162842
374,289,images/image_435.jpg,images/image_359.jpg,0.06018269062042236
317,359,images/image_384.jpg,images/image_421.jpg,0.060205280780792236
543,290,images/image_588.jpg,images/image_36.jpg,0.060208261013031006
406,75,images/image_464.jpg,images/image_166.jpg,0.060211181640625
183,497,images/image_263.jpg,images/image_546.jpg,0.0602116584777832
501,593,images/image_55.jpg,images/image_93.jpg,0.06024116277694702
365,406,images/image_427.jpg,images/image_464.jpg,0.06024235486984253
377,246,images/image_438.jpg,images/image_32.jpg,0.060249924659729004
14,199,images/image_110.jpg,images/image_278.jpg,0.0602574348449707
576,138,images/image_78.jpg,images/image_222.jpg,0.06027531623840332
312,313,images/image_38.jpg,images/image_380.jpg,0.06028825044631958
353,180,images/image_416.jpg,images/image_260.jpg,0.060290396213531494
8,354,images/image_105.jpg,images/image_417.jpg,0.06029623746871948
84,586,images/image_174.jpg,images/image_87.jpg,0.06029808521270752
323,421,images/image_39.jpg,images/image_478.jpg,0.06030553579330444
67,360,images/image_159.jpg,images/image_422.jpg,0.06032395362854004
310,199,images/image_378.jpg,images/image_278.jpg,0.060337185859680176
406,156,images/image_464.jpg,images/image_239.jpg,0.06035083532333374
65,67,images/image_157.jpg,images/image_159.jpg,0.06035345792770386
67,507,images/image_159.jpg,images/image_555.jpg,0.06035345792770386
348,33,images/image_411.jpg,images/image_128.jpg,0.06035780906677246
280,460,images/image_350.jpg,images/image_512.jpg,0.060410916805267334
317,241,images/image_384.jpg,images/image_315.jpg,0.06041139364242554
261,592,images/image_333.jpg,images/image_92.jpg,0.060412824153900146
442,207,images/image_497.jpg,images/image_285.jpg,0.06045341491699219
353,2,images/image_416.jpg,images/image_10.jpg,0.06046020984649658
439,562,images/image_494.jpg,images/image_65.jpg,0.06046760082244873
499,586,images/image_548.jpg,images/image_87.jpg,0.06049168109893799
183,309,images/image_263.jpg,images/image_377.jpg,0.060491859912872314
235,499,images/image_31.jpg,images/image_548.jpg,0.060494184494018555
573,199,images/image_75.jpg,images/image_278.jpg,0.06049984693527222
506,519,images/image_554.jpg,images/image_566.jpg,0.06050342321395874
559,83,images/image_62.jpg,images/image_173.jpg,0.060530900955200195
276,597,images/image_347.jpg,images/image_97.jpg,0.060545921325683594
440,321,images/image_495.jpg,images/image_388.jpg,0.06055128574371338
371,199,images/image_432.jpg,images/image_278.jpg,0.06055241823196411
577,199,images/image_79.jpg,images/image_278.jpg,0.06055241823196411
318,407,images/image_385.jpg,images/image_465.jpg,0.06056398153305054
346,499,images/image_41.jpg,images/image_548.jpg,0.060570478439331055
474,476,images/image_525.jpg,images/image_527.jpg,0.06058734655380249
338,585,images/image_402.jpg,images/image_86.jpg,0.060602545738220215
237,450,images/image_311.jpg,images/image_503.jpg,0.060604870319366455
316,343,images/image_383.jpg,images/image_407.jpg,0.06060588359832764
60,328,images/image_152.jpg,images/image_394.jpg,0.060630977153778076
254,260,images/image_327.jpg,images/image_332.jpg,0.060631752014160156
62,410,images/image_154.jpg,images/image_468.jpg,0.06063675880432129
476,539,images/image_527.jpg,images/image_584.jpg,0.06065237522125244
108,467,images/image_196.jpg,images/image_519.jpg,0.0606687068939209
64,240,images/image_156.jpg,images/image_314.jpg,0.06067091226577759
153,218,images/image_236.jpg,images/image_295.jpg,0.06067103147506714
353,9,images/image_416.jpg,images/image_106.jpg,0.060684800148010254
414,37,images/image_471.jpg,images/image_131.jpg,0.06068521738052368
67,529,images/image_159.jpg,images/image_575.jpg,0.0606999397277832
599,139,images/image_99.jpg,images/image_223.jpg,0.06070411205291748
502,69,images/image_550.jpg,images/image_160.jpg,0.060739099979400635
78,570,images/image_169.jpg,images/image_72.jpg,0.06073969602584839
67,516,images/image_159.jpg,images/image_563.jpg,0.06074714660644531
409,478,images/image_467.jpg,images/image_529.jpg,0.06075751781463623
287,406,images/image_357.jpg,images/image_464.jpg,0.06076550483703613
273,560,images/image_344.jpg,images/image_63.jpg,0.06077456474304199
458,203,images/image_510.jpg,images/image_281.jpg,0.060780346393585205
338,167,images/image_402.jpg,images/image_249.jpg,0.060786664485931396
350,409,images/image_413.jpg,images/image_467.jpg,0.06083458662033081
318,306,images/image_385.jpg,images/image_374.jpg,0.06083875894546509
524,139,images/image_570.jpg,images/image_223.jpg,0.060845017433166504
108,119,images/image_196.jpg,images/image_205.jpg,0.06084781885147095
137,567,images/image_221.jpg,images/image_7.jpg,0.060849547386169434
244,396,images/image_318.jpg,images/image_455.jpg,0.06086987257003784
417,517,images/image_474.jpg,images/image_564.jpg,0.06087076663970947
482,533,images/image_532.jpg,images/image_579.jpg,0.06087231636047363
414,243,images/image_471.jpg,images/image_317.jpg,0.06087571382522583
423,538,images/image_48.jpg,images/image_583.jpg,0.060878872871398926
491,290,images/image_540.jpg,images/image_36.jpg,0.06088930368423462
474,185,images/image_525.jpg,images/image_265.jpg,0.0608983039855957
354,592,images/image_417.jpg,images/image_92.jpg,0.06091928482055664
30,210,images/image_125.jpg,images/image_288.jpg,0.06092435121536255
403,344,images/image_461.jpg,images/image_408.jpg,0.060929834842681885
334,473,images/image_4.jpg,images/image_524.jpg,0.0609319806098938
491,2,images/image_540.jpg,images/image_10.jpg,0.06093549728393555
337,491,images/image_401.jpg,images/image_540.jpg,0.06094491481781006
296,83,images/image_365.jpg,images/image_173.jpg,0.060951828956604004
249,424,images/image_322.jpg,images/image_480.jpg,0.060953617095947266
492,374,images/image_541.jpg,images/image_435.jpg,0.060961127281188965
474,241,images/image_525.jpg,images/image_315.jpg,0.06097787618637085
406,272,images/image_464.jpg,images/image_343.jpg,0.06099945306777954
338,579,images/image_402.jpg,images/image_80.jpg,0.06100594997406006
276,297,images/image_347.jpg,images/image_366.jpg,0.06102418899536133
502,233,images/image_550.jpg,images/image_308.jpg,0.06103718280792236
440,192,images/image_495.jpg,images/image_271.jpg,0.06104022264480591
153,477,images/image_236.jpg,images/image_528.jpg,0.06104546785354614
67,460,images/image_159.jpg,images/image_512.jpg,0.0610465407371521
452,184,images/image_505.jpg,images/image_264.jpg,0.06104683876037598
474,359,images/image_525.jpg,images/image_421.jpg,0.06105601787567139
108,597,images/image_196.jpg,images/image_97.jpg,0.06105870008468628
474,187,images/image_525.jpg,images/image_267.jpg,0.061067283153533936
107,119,images/image_195.jpg,images/image_205.jpg,0.061073243618011475
300,562,images/image_369.jpg,images/image_65.jpg,0.061075031757354736
370,560,images/image_431.jpg,images/image_63.jpg,0.06111520528793335
165,207,images/image_247.jpg,images/image_285.jpg,0.061145007610321045
397,295,images/image_456.jpg,images/image_364.jpg,0.06114554405212402
279,586,images/image_35.jpg,images/image_87.jpg,0.061146557331085205
414,217,images/image_471.jpg,images/image_294.jpg,0.06115889549255371
235,279,images/image_31.jpg,images/image_35.jpg,0.06118035316467285
440,199,images/image_495.jpg,images/image_278.jpg,0.06118589639663696
269,481,images/image_340.jpg,images/image_531.jpg,0.061196208000183105
194,235,images/image_273.jpg,images/image_31.jpg,0.06121188402175903
539,187,images/image_584.jpg,images/image_267.jpg,0.061240196228027344
539,149,images/image_584.jpg,images/image_232.jpg,0.061246514320373535
183,342,images/image_263.jpg,images/image_406.jpg,0.06127774715423584
514,290,images/image_561.jpg,images/image_36.jpg,0.06128877401351929
43,258,images/image_137.jpg,images/image_330.jpg,0.06129288673400879
262,395,images/image_334.jpg,images/image_454.jpg,0.061295151710510254
279,346,images/image_35.jpg,images/image_41.jpg,0.06129765510559082
388,260,images/image_448.jpg,images/image_332.jpg,0.06130194664001465
229,288,images/image_304.jpg,images/image_358.jpg,0.06130373477935791
461,203,images/image_513.jpg,images/image_281.jpg,0.061305105686187744
482,26,images/image_532.jpg,images/image_121.jpg,0.061311304569244385
328,199,images/image_394.jpg,images/image_278.jpg,0.061325788497924805
543,199,images/image_588.jpg,images/image_278.jpg,0.06133061647415161
235,416,images/image_31.jpg,images/image_473.jpg,0.061353445053100586
327,436,images/image_393.jpg,images/image_491.jpg,0.06136089563369751
502,47,images/image_550.jpg,images/image_140.jpg,0.06137275695800781
316,478,images/image_383.jpg,images/image_529.jpg,0.06138575077056885
353,590,images/image_416.jpg,images/image_90.jpg,0.061387062072753906
91,143,images/image_180.jpg,images/image_227.jpg,0.061396121978759766
19,554,images/image_115.jpg,images/image_598.jpg,0.06140327453613281
64,255,images/image_156.jpg,images/image_328.jpg,0.061423420906066895
311,431,images/image_379.jpg,images/image_487.jpg,0.061436474323272705
470,199,images/image_521.jpg,images/image_278.jpg,0.061441779136657715
338,226,images/image_402.jpg,images/image_301.jpg,0.06144922971725464
268,355,images/image_34.jpg,images/image_418.jpg,0.06145578622817993
318,332,images/image_385.jpg,images/image_398.jpg,0.061468303203582764
329,207,images/image_395.jpg,images/image_285.jpg,0.06146895885467529
501,567,images/image_55.jpg,images/image_7.jpg,0.06149113178253174
338,32,images/image_402.jpg,images/image_127.jpg,0.06156438589096069
501,58,images/image_55.jpg,images/image_150.jpg,0.06157886981964111
517,33,images/image_564.jpg,images/image_128.jpg,0.0616147518157959
312,49,images/image_38.jpg,images/image_142.jpg,0.06162482500076294
123,282,images/image_209.jpg,images/image_352.jpg,0.061670660972595215
108,297,images/image_196.jpg,images/image_366.jpg,0.06167435646057129
262,284,images/image_334.jpg,images/image_354.jpg,0.061682164669036865
478,593,images/image_529.jpg,images/image_93.jpg,0.06169629096984863
492,536,images/image_541.jpg,images/image_581.jpg,0.06170642375946045
539,290,images/image_584.jpg,images/image_36.jpg,0.06170690059661865
376,445,images/image_437.jpg,images/image_5.jpg,0.06171739101409912
508,225,images/image_556.jpg,images/image_300.jpg,0.06172370910644531
239,423,images/image_313.jpg,images/image_48.jpg,0.06172668933868408
338,170,images/image_402.jpg,images/image_251.jpg,0.061737120151519775
326,207,images/image_392.jpg,images/image_285.jpg,0.06174677610397339
30,420,images/image_125.jpg,images/image_477.jpg,0.06176573038101196
317,514,images/image_384.jpg,images/image_561.jpg,0.06178194284439087
235,34,images/image_31.jpg,images/image_129.jpg,0.061799466609954834
507,5,images/image_555.jpg,images/image_102.jpg,0.06180930137634277
65,5,images/image_157.jpg,images/image_102.jpg,0.06180936098098755
514,560,images/image_561.jpg,images/image_63.jpg,0.06181520223617554
394,5,images/image_453.jpg,images/image_102.jpg,0.06183212995529175
452,167,images/image_505.jpg,images/image_249.jpg,0.06185227632522583
460,504,images/image_512.jpg,images/image_552.jpg,0.06185644865036011
414,474,images/image_471.jpg,images/image_525.jpg,0.06185805797576904
514,321,images/image_561.jpg,images/image_388.jpg,0.06185811758041382
347,23,images/image_410.jpg,images/image_119.jpg,0.061860501766204834
292,543,images/image_361.jpg,images/image_588.jpg,0.06186896562576294
137,58,images/image_221.jpg,images/image_150.jpg,0.061870574951171875
350,593,images/image_413.jpg,images/image_93.jpg,0.061870574951171875
165,431,images/image_247.jpg,images/image_487.jpg,0.06188309192657471
60,558,images/image_152.jpg,images/image_61.jpg,0.06189274787902832
408,471,images/image_466.jpg,images/image_522.jpg,0.06190222501754761
502,57,images/image_550.jpg,images/image_15.jpg,0.06192523241043091
19,248,images/image_115.jpg,images/image_321.jpg,0.06192970275878906
311,407,images/image_379.jpg,images/image_465.jpg,0.061936020851135254
99,240,images/image_188.jpg,images/image_314.jpg,0.06194847822189331
555,121,images/image_599.jpg,images/image_207.jpg,0.061965107917785645
433,481,images/image_489.jpg,images/image_531.jpg,0.06198728084564209
408,233,images/image_466.jpg,images/image_308.jpg,0.06199288368225098
399,233,images/image_458.jpg,images/image_308.jpg,0.06200134754180908
484,553,images/image_534.jpg,images/image_597.jpg,0.062006473541259766
553,568,images/image_597.jpg,images/image_70.jpg,0.062006473541259766
229,294,images/image_304.jpg,images/image_363.jpg,0.062010109424591064
173,5,images/image_254.jpg,images/image_102.jpg,0.062017977237701416
371,563,images/image_432.jpg,images/image_66.jpg,0.06204032897949219
563,577,images/image_66.jpg,images/image_79.jpg,0.06204032897949219
403,513,images/image_461.jpg,images/image_560.jpg,0.06204289197921753
64,453,images/image_156.jpg,images/image_506.jpg,0.06204718351364136
308,316,images/image_376.jpg,images/image_383.jpg,0.062053680419921875
329,460,images/image_395.jpg,images/image_512.jpg,0.062057435512542725
514,170,images/image_561.jpg,images/image_251.jpg,0.06205928325653076
143,390,images/image_227.jpg,images/image_45.jpg,0.062073707580566406
397,152,images/image_456.jpg,images/image_235.jpg,0.062079668045043945
318,431,images/image_385.jpg,images/image_487.jpg,0.06208610534667969
460,165,images/image_512.jpg,images/image_247.jpg,0.0620877742767334
461,470,images/image_513.jpg,images/image_521.jpg,0.06209331750869751
292,328,images/image_361.jpg,images/image_394.jpg,0.06209564208984375
360,5,images/image_422.jpg,images/image_102.jpg,0.062120258808135986
347,283,images/image_410.jpg,images/image_353.jpg,0.0621415376663208
474,151,images/image_525.jpg,images/image_234.jpg,0.062142133712768555
316,4,images/image_383.jpg,images/image_101.jpg,0.062145113945007324
558,167,images/image_61.jpg,images/image_249.jpg,0.06215912103652954
452,579,images/image_505.jpg,images/image_80.jpg,0.06217551231384277
123,270,images/image_209.jpg,images/image_341.jpg,0.06217867136001587
137,281,images/image_221.jpg,images/image_351.jpg,0.062190890312194824
439,583,images/image_494.jpg,images/image_84.jpg,0.062193870544433594
311,306,images/image_379.jpg,images/image_374.jpg,0.06220674514770508
429,180,images/image_485.jpg,images/image_260.jpg,0.06220752000808716
362,137,images/image_424.jpg,images/image_221.jpg,0.06224638223648071
370,509,images/image_431.jpg,images/image_557.jpg,0.06224656105041504
328,167,images/image_394.jpg,images/image_249.jpg,0.062247395515441895
566,76,images/image_69.jpg,images/image_167.jpg,0.062250494956970215
343,445,images/image_407.jpg,images/image_5.jpg,0.062258780002593994
310,321,images/image_378.jpg,images/image_388.jpg,0.062304675579071045
158,497,images/image_240.jpg,images/image_546.jpg,0.062306225299835205
326,460,images/image_392.jpg,images/image_512.jpg,0.062313973903656006
502,0,images/image_550.jpg,images/image_0.jpg,0.06233644485473633
249,401,images/image_322.jpg,images/image_46.jpg,0.06234407424926758
173,442,images/image_254.jpg,images/image_497.jpg,0.062352657318115234
346,566,images/image_41.jpg,images/image_69.jpg,0.06236541271209717
429,2,images/image_485.jpg,images/image_10.jpg,0.06237137317657471
173,508,images/image_254.jpg,images/image_556.jpg,0.06237828731536865
391,318,images/image_450.jpg,images/image_385.jpg,0.062381863594055176
370,408,images/image_431.jpg,images/image_466.jpg,0.06238269805908203
394,442,images/image_453.jpg,images/image_497.jpg,0.06238687038421631
590,491,images/image_90.jpg,images/image_540.jpg,0.06238734722137451
282,356,images/image_352.jpg,images/image_419.jpg,0.06240803003311157
519,570,images/image_566.jpg,images/image_72.jpg,0.06241321563720703
394,508,images/image_453.jpg,images/image_556.jpg,0.06244438886642456
91,321,images/image_180.jpg,images/image_388.jpg,0.06245177984237671
323,199,images/image_39.jpg,images/image_278.jpg,0.06246030330657959
235,566,images/image_31.jpg,images/image_69.jpg,0.06246674060821533
355,366,images/image_418.jpg,images/image_428.jpg,0.06247079372406006
474,175,images/image_525.jpg,images/image_256.jpg,0.062474727630615234
154,436,images/image_237.jpg,images/image_491.jpg,0.06249403953552246
406,13,images/image_464.jpg,images/image_11.jpg,0.06250166893005371
370,170,images/image_431.jpg,images/image_251.jpg,0.0625230073928833
512,27,images/image_56.jpg,images/image_122.jpg,0.06256526708602905
19,376,images/image_115.jpg,images/image_437.jpg,0.06257301568984985
296,450,images/image_365.jpg,images/image_503.jpg,0.06258869171142578
563,573,images/image_66.jpg,images/image_75.jpg,0.06259411573410034
282,361,images/image_352.jpg,images/image_423.jpg,0.06259560585021973
158,309,images/image_240.jpg,images/image_377.jpg,0.06260567903518677
402,289,images/image_460.jpg,images/image_359.jpg,0.06261062622070312
429,9,images/image_485.jpg,images/image_106.jpg,0.06261467933654785
64,574,images/image_156.jpg,images/image_76.jpg,0.06261897087097168
134,484,images/image_219.jpg,images/image_534.jpg,0.06261986494064331
134,568,images/image_219.jpg,images/image_70.jpg,0.06261986494064331
539,199,images/image_584.jpg,images/image_278.jpg,0.06262069940567017
399,461,images/image_458.jpg,images/image_513.jpg,0.06263148784637451
406,466,images/image_464.jpg,images/image_518.jpg,0.06263256072998047
30,449,images/image_125.jpg,images/image_502.jpg,0.06266212463378906
412,431,images/image_47.jpg,images/image_487.jpg,0.06266486644744873
403,298,images/image_461.jpg,images/image_367.jpg,0.06269329786300659
403,571,images/image_461.jpg,images/image_73.jpg,0.06269329786300659
119,357,images/image_205.jpg,images/image_42.jpg,0.06269663572311401
160,276,images/image_242.jpg,images/image_347.jpg,0.06269949674606323
452,226,images/image_505.jpg,images/image_301.jpg,0.0627022385597229
19,343,images/image_115.jpg,images/image_407.jpg,0.06270343065261841
99,255,images/image_188.jpg,images/image_328.jpg,0.0627133846282959
302,260,images/image_370.jpg,images/image_332.jpg,0.06272441148757935
452,32,images/image_505.jpg,images/image_127.jpg,0.06273013353347778
270,356,images/image_341.jpg,images/image_419.jpg,0.06274163722991943
326,331,images/image_392.jpg,images/image_397.jpg,0.06275796890258789
312,533,images/image_38.jpg,images/image_579.jpg,0.06277519464492798
129,408,images/image_214.jpg,images/image_466.jpg,0.06277590990066528
445,137,images/image_5.jpg,images/image_221.jpg,0.06279170513153076
445,554,images/image_5.jpg,images/image_598.jpg,0.06279313564300537
539,563,images/image_584.jpg,images/image_66.jpg,0.06280362606048584
446,408,images/image_50.jpg,images/image_466.jpg,0.06281048059463501
332,311,images/image_398.jpg,images/image_379.jpg,0.06282925605773926
8,506,images/image_105.jpg,images/image_554.jpg,0.06283217668533325
60,214,images/image_152.jpg,images/image_291.jpg,0.06286168098449707
397,448,images/image_456.jpg,images/image_501.jpg,0.06288611888885498
337,440,images/image_401.jpg,images/image_495.jpg,0.06293189525604248
281,376,images/image_351.jpg,images/image_437.jpg,0.06294089555740356
268,482,images/image_34.jpg,images/image_532.jpg,0.06295585632324219
516,5,images/image_563.jpg,images/image_102.jpg,0.06295675039291382
65,508,images/image_157.jpg,images/image_556.jpg,0.06298458576202393
507,508,images/image_555.jpg,images/image_556.jpg,0.06298470497131348
409,137,images/image_467.jpg,images/image_221.jpg,0.0629953145980835
345,180,images/image_409.jpg,images/image_260.jpg,0.06301653385162354
576,139,images/image_78.jpg,images/image_223.jpg,0.06302112340927124
147,543,images/image_230.jpg,images/image_588.jpg,0.06304848194122314
281,554,images/image_351.jpg,images/image_598.jpg,0.06306779384613037
316,350,images/image_383.jpg,images/image_413.jpg,0.06307286024093628
269,207,images/image_340.jpg,images/image_285.jpg,0.06307530403137207
270,361,images/image_341.jpg,images/image_423.jpg,0.06307542324066162
346,416,images/image_41.jpg,images/image_473.jpg,0.06307584047317505
476,260,images/image_527.jpg,images/image_332.jpg,0.06308484077453613
442,65,images/image_497.jpg,images/image_157.jpg,0.06309020519256592
442,507,images/image_497.jpg,images/image_555.jpg,0.06309020519256592
341,421,images/image_405.jpg,images/image_478.jpg,0.06311321258544922
319,65,images/image_386.jpg,images/image_157.jpg,0.06311440467834473
319,507,images/image_386.jpg,images/image_555.jpg,0.0631144642829895
360,442,images/image_422.jpg,images/image_497.jpg,0.06311506032943726
196,346,images/image_275.jpg,images/image_41.jpg,0.06313079595565796
248,538,images/image_321.jpg,images/image_583.jpg,0.06314176321029663
92,500,images/image_181.jpg,images/image_549.jpg,0.06315898895263672
319,394,images/image_386.jpg,images/image_453.jpg,0.06316208839416504
360,508,images/image_422.jpg,images/image_556.jpg,0.06316959857940674
539,321,images/image_584.jpg,images/image_388.jpg,0.06317758560180664
252,83,images/image_325.jpg,images/image_173.jpg,0.0631830096244812
345,2,images/image_409.jpg,images/image_10.jpg,0.06319606304168701
395,539,images/image_454.jpg,images/image_584.jpg,0.0632098913192749
403,152,images/image_461.jpg,images/image_235.jpg,0.0632169246673584
425,408,images/image_481.jpg,images/image_466.jpg,0.0632171630859375
338,408,images/image_402.jpg,images/image_466.jpg,0.06323951482772827
514,47,images/image_561.jpg,images/image_140.jpg,0.06324207782745361
166,216,images/image_248.jpg,images/image_293.jpg,0.06324392557144165
108,160,images/image_196.jpg,images/image_242.jpg,0.0632515549659729
364,7,images/image_426.jpg,images/image_104.jpg,0.06326299905776978
458,364,images/image_510.jpg,images/image_426.jpg,0.06327664852142334
229,282,images/image_304.jpg,images/image_352.jpg,0.06328976154327393
248,445,images/image_321.jpg,images/image_5.jpg,0.06330603361129761
99,453,images/image_188.jpg,images/image_506.jpg,0.06333392858505249
429,590,images/image_485.jpg,images/image_90.jpg,0.0633392333984375
173,319,images/image_254.jpg,images/image_386.jpg,0.06335055828094482
158,342,images/image_240.jpg,images/image_406.jpg,0.0633510947227478
147,328,images/image_230.jpg,images/image_394.jpg,0.06336551904678345
470,471,images/image_521.jpg,images/image_522.jpg,0.063373863697052
274,397,images/image_345.jpg,images/image_456.jpg,0.06337970495223999
142,539,images/image_226.jpg,images/image_584.jpg,0.0633854866027832
345,9,images/image_409.jpg,images/image_106.jpg,0.0634375810623169
213,5,images/image_290.jpg,images/image_102.jpg,0.06344199180603027
379,408,images/image_44.jpg,images/image_466.jpg,0.06344902515411377
484,509,images/image_534.jpg,images/image_557.jpg,0.06345278024673462
509,568,images/image_557.jpg,images/image_70.jpg,0.06345278024673462
360,319,images/image_422.jpg,images/image_386.jpg,0.06345552206039429
471,203,images/image_522.jpg,images/image_281.jpg,0.06345808506011963
265,407,images/image_337.jpg,images/image_465.jpg,0.06346726417541504
337,175,images/image_401.jpg,images/image_256.jpg,0.0634758472442627
346,34,images/image_41.jpg,images/image_129.jpg,0.06350159645080566
399,199,images/image_458.jpg,images/image_278.jpg,0.06350606679916382
239,248,images/image_313.jpg,images/image_321.jpg,0.06351613998413086
414,27,images/image_471.jpg,images/image_122.jpg,0.06355482339859009
566,319,images/image_69.jpg,images/image_386.jpg,0.06355804204940796
60,421,images/image_152.jpg,images/image_478.jpg,0.06356316804885864
411,121,images/image_469.jpg,images/image_207.jpg,0.06357204914093018
371,192,images/image_432.jpg,images/image_271.jpg,0.06358164548873901
577,192,images/image_79.jpg,images/image_271.jpg,0.06358164548873901
317,491,images/image_384.jpg,images/image_540.jpg,0.06358450651168823
442,516,images/image_497.jpg,images/image_563.jpg,0.06359410285949707
502,289,images/image_550.jpg,images/image_359.jpg,0.0635981559753418
248,281,images/image_321.jpg,images/image_351.jpg,0.06360059976577759
329,331,images/image_395.jpg,images/image_397.jpg,0.06360691785812378
452,170,images/image_505.jpg,images/image_251.jpg,0.06361091136932373
282,527,images/image_352.jpg,images/image_573.jpg,0.06361281871795654
240,459,images/image_314.jpg,images/image_511.jpg,0.0636332631111145
41,76,images/image_135.jpg,images/image_167.jpg,0.06365543603897095
292,558,images/image_361.jpg,images/image_61.jpg,0.06365638971328735
508,516,images/image_556.jpg,images/image_563.jpg,0.06366676092147827
398,27,images/image_457.jpg,images/image_122.jpg,0.0636676549911499
340,216,images/image_404.jpg,images/image_293.jpg,0.06366902589797974
91,341,images/image_180.jpg,images/image_405.jpg,0.06369000673294067
391,311,images/image_450.jpg,images/image_379.jpg,0.06369215250015259
269,460,images/image_340.jpg,images/image_512.jpg,0.0637202262878418
497,163,images/image_546.jpg,images/image_245.jpg,0.0637241005897522
431,265,images/image_487.jpg,images/image_337.jpg,0.0637323260307312
514,203,images/image_561.jpg,images/image_281.jpg,0.06375426054000854
471,170,images/image_522.jpg,images/image_251.jpg,0.06376922130584717
566,586,images/image_69.jpg,images/image_87.jpg,0.06378793716430664
567,34,images/image_7.jpg,images/image_129.jpg,0.06379079818725586
97,119,images/image_186.jpg,images/image_205.jpg,0.06379294395446777
347,6,images/image_410.jpg,images/image_103.jpg,0.06379634141921997
433,207,images/image_489.jpg,images/image_285.jpg,0.063831627368927
269,331,images/image_340.jpg,images/image_397.jpg,0.06385409832000732
30,510,images/image_125.jpg,images/image_558.jpg,0.06387799978256226
19,84,images/image_115.jpg,images/image_174.jpg,0.06390112638473511
99,574,images/image_188.jpg,images/image_76.jpg,0.06390613317489624
593,137,images/image_93.jpg,images/image_221.jpg,0.0639074444770813
366,482,images/image_428.jpg,images/image_532.jpg,0.06392544507980347
566,5,images/image_69.jpg,images/image_102.jpg,0.06392711400985718
273,468,images/image_344.jpg,images/image_52.jpg,0.06394493579864502
161,244,images/image_243.jpg,images/image_318.jpg,0.06395655870437622
281,343,images/image_351.jpg,images/image_407.jpg,0.06395798921585083
416,567,images/image_473.jpg,images/image_7.jpg,0.06398153305053711
67,207,images/image_159.jpg,images/image_285.jpg,0.06399619579315186
19,137,images/image_115.jpg,images/image_221.jpg,0.06400078535079956
379,468,images/image_44.jpg,images/image_52.jpg,0.06401842832565308
514,199,images/image_561.jpg,images/image_278.jpg,0.06403058767318726
543,167,images/image_588.jpg,images/image_249.jpg,0.06403523683547974
401,184,images/image_46.jpg,images/image_264.jpg,0.06405293941497803
270,527,images/image_341.jpg,images/image_573.jpg,0.06407409906387329
300,583,images/image_369.jpg,images/image_84.jpg,0.06407546997070312
471,497,images/image_522.jpg,images/image_546.jpg,0.06409180164337158
276,483,images/image_347.jpg,images/image_533.jpg,0.064106285572052
403,448,images/image_461.jpg,images/image_501.jpg,0.06412851810455322
276,463,images/image_347.jpg,images/image_515.jpg,0.06413525342941284
331,311,images/image_397.jpg,images/image_379.jpg,0.06413626670837402
573,192,images/image_75.jpg,images/image_271.jpg,0.06413888931274414
84,445,images/image_174.jpg,images/image_5.jpg,0.06414198875427246
302,251,images/image_370.jpg,images/image_324.jpg,0.06416332721710205
310,290,images/image_378.jpg,images/image_36.jpg,0.06416434049606323
399,401,images/image_458.jpg,images/image_46.jpg,0.06416773796081543
14,87,images/image_110.jpg,images/image_177.jpg,0.06417399644851685
345,590,images/image_409.jpg,images/image_90.jpg,0.06417417526245117
461,514,images/image_513.jpg,images/image_561.jpg,0.064189612865448
312,26,images/image_38.jpg,images/image_121.jpg,0.06420820951461792
196,235,images/image_275.jpg,images/image_31.jpg,0.06420940160751343
365,473,images/image_427.jpg,images/image_524.jpg,0.0642249584197998
507,76,images/image_555.jpg,images/image_167.jpg,0.06424415111541748
213,567,images/image_290.jpg,images/image_7.jpg,0.06425482034683228
479,121,images/image_53.jpg,images/image_207.jpg,0.0642663836479187
539,192,images/image_584.jpg,images/image_271.jpg,0.06427502632141113
446,470,images/image_50.jpg,images/image_521.jpg,0.06427842378616333
14,321,images/image_110.jpg,images/image_388.jpg,0.06428307294845581
43,201,images/image_137.jpg,images/image_28.jpg,0.06428873538970947
392,159,images/image_451.jpg,images/image_241.jpg,0.06429171562194824
331,318,images/image_397.jpg,images/image_385.jpg,0.06429266929626465
473,202,images/image_524.jpg,images/image_280.jpg,0.0642935037612915
536,289,images/image_581.jpg,images/image_359.jpg,0.064303457736969
394,76,images/image_453.jpg,images/image_167.jpg,0.06430482864379883
91,290,images/image_180.jpg,images/image_36.jpg,0.06430882215499878
536,342,images/image_581.jpg,images/image_406.jpg,0.06431317329406738
516,319,images/image_563.jpg,images/image_386.jpg,0.06431782245635986
214,341,images/image_291.jpg,images/image_405.jpg,0.06432884931564331
492,7,images/image_541.jpg,images/image_104.jpg,0.06433582305908203
446,203,images/image_50.jpg,images/image_281.jpg,0.06435805559158325
456,568,images/image_509.jpg,images/image_70.jpg,0.06436669826507568
456,484,images/image_509.jpg,images/image_534.jpg,0.06436687707901001
323,321,images/image_39.jpg,images/image_388.jpg,0.06438040733337402
470,233,images/image_521.jpg,images/image_308.jpg,0.06439226865768433
507,567,images/image_555.jpg,images/image_7.jpg,0.0643964409828186
567,65,images/image_7.jpg,images/image_157.jpg,0.0643964409828186
339,463,images/image_403.jpg,images/image_515.jpg,0.0644025206565857
255,459,images/image_328.jpg,images/image_511.jpg,0.0644037127494812
538,554,images/image_583.jpg,images/image_598.jpg,0.0644107460975647
129,470,images/image_214.jpg,images/image_521.jpg,0.06442946195602417
229,270,images/image_304.jpg,images/image_341.jpg,0.06444722414016724
433,460,images/image_489.jpg,images/image_512.jpg,0.06445276737213135
281,478,images/image_351.jpg,images/image_529.jpg,0.0644686222076416
212,355,images/image_29.jpg,images/image_418.jpg,0.06447267532348633
173,76,images/image_254.jpg,images/image_167.jpg,0.06447762250900269
492,502,images/image_541.jpg,images/image_550.jpg,0.06449556350708008
213,58,images/image_290.jpg,images/image_150.jpg,0.06449693441390991
547,591,images/image_591.jpg,images/image_91.jpg,0.0644989013671875
349,566,images/image_412.jpg,images/image_69.jpg,0.0644991397857666
310,401,images/image_378.jpg,images/image_46.jpg,0.06450468301773071
125,273,images/image_210.jpg,images/image_344.jpg,0.06451696157455444
471,309,images/image_522.jpg,images/image_377.jpg,0.06451958417892456
484,166,images/image_534.jpg,images/image_248.jpg,0.06453216075897217
568,166,images/image_70.jpg,images/image_248.jpg,0.06453216075897217
457,491,images/image_51.jpg,images/image_540.jpg,0.06454688310623169
259,341,images/image_331.jpg,images/image_405.jpg,0.06458640098571777
360,76,images/image_422.jpg,images/image_167.jpg,0.06459707021713257
416,58,images/image_473.jpg,images/image_150.jpg,0.06460070610046387
590,440,images/image_90.jpg,images/image_495.jpg,0.06461727619171143
40,261,images/image_134.jpg,images/image_333.jpg,0.0646214485168457
183,408,images/image_263.jpg,images/image_466.jpg,0.06463420391082764
108,463,images/image_196.jpg,images/image_515.jpg,0.06465506553649902
483,108,images/image_533.jpg,images/image_196.jpg,0.06466025114059448
287,473,images/image_357.jpg,images/image_524.jpg,0.06466305255889893
403,295,images/image_461.jpg,images/image_364.jpg,0.06466948986053467
274,403,images/image_345.jpg,images/image_461.jpg,0.06467700004577637
308,165,images/image_376.jpg,images/image_247.jpg,0.0646929144859314
8,570,images/image_105.jpg,images/image_72.jpg,0.06469422578811646
143,543,images/image_227.jpg,images/image_588.jpg,0.06471288204193115
446,170,images/image_50.jpg,images/image_251.jpg,0.06472617387771606
379,470,images/image_44.jpg,images/image_521.jpg,0.06473475694656372
252,450,images/image_325.jpg,images/image_503.jpg,0.0647462010383606
379,203,images/image_44.jpg,images/image_281.jpg,0.06474989652633667
249,199,images/image_322.jpg,images/image_278.jpg,0.06475204229354858
507,58,images/image_555.jpg,images/image_150.jpg,0.0647587776184082
125,379,images/image_210.jpg,images/image_44.jpg,0.0647626519203186
52,588,images/image_145.jpg,images/image_89.jpg,0.06476461887359619
312,355,images/image_38.jpg,images/image_418.jpg,0.06476527452468872
213,319,images/image_290.jpg,images/image_386.jpg,0.06477242708206177
388,27,images/image_448.jpg,images/image_122.jpg,0.0647730827331543
446,497,images/image_50.jpg,images/image_546.jpg,0.06477320194244385
353,555,images/image_416.jpg,images/image_599.jpg,0.06477415561676025
587,244,images/image_88.jpg,images/image_318.jpg,0.06477952003479004
41,319,images/image_135.jpg,images/image_386.jpg,0.06478524208068848
239,554,images/image_313.jpg,images/image_598.jpg,0.06481099128723145
425,470,images/image_481.jpg,images/image_521.jpg,0.06481313705444336
213,409,images/image_290.jpg,images/image_467.jpg,0.06482642889022827
331,433,images/image_397.jpg,images/image_489.jpg,0.06483805179595947
471,342,images/image_522.jpg,images/image_406.jpg,0.06483936309814453
380,463,images/image_440.jpg,images/image_515.jpg,0.06485038995742798
473,515,images/image_524.jpg,images/image_562.jpg,0.06485146284103394
147,558,images/image_230.jpg,images/image_61.jpg,0.06485617160797119
173,567,images/image_254.jpg,images/image_7.jpg,0.0648614764213562
405,576,images/image_463.jpg,images/image_78.jpg,0.06486982107162476
514,408,images/image_561.jpg,images/image_466.jpg,0.06487244367599487
162,484,images/image_244.jpg,images/image_534.jpg,0.06488567590713501
162,568,images/image_244.jpg,images/image_70.jpg,0.06488579511642456
238,355,images/image_312.jpg,images/image_418.jpg,0.06490981578826904
60,259,images/image_152.jpg,images/image_331.jpg,0.0649448037147522
308,347,images/image_376.jpg,images/image_410.jpg,0.06496447324752808
384,491,images/image_444.jpg,images/image_540.jpg,0.06496745347976685
394,567,images/image_453.jpg,images/image_7.jpg,0.06497430801391602
40,468,images/image_134.jpg,images/image_52.jpg,0.06498253345489502
87,341,images/image_177.jpg,images/image_405.jpg,0.06500715017318726
331,412,images/image_397.jpg,images/image_47.jpg,0.06502658128738403
453,459,images/image_506.jpg,images/image_511.jpg,0.0650452971458435
425,203,images/image_481.jpg,images/image_281.jpg,0.06505781412124634
409,65,images/image_467.jpg,images/image_157.jpg,0.06506818532943726
409,507,images/image_467.jpg,images/image_555.jpg,0.06506824493408203
385,500,images/image_445.jpg,images/image_549.jpg,0.06507670879364014
445,478,images/image_5.jpg,images/image_529.jpg,0.06510239839553833
40,506,images/image_134.jpg,images/image_554.jpg,0.06510913372039795
558,184,images/image_61.jpg,images/image_264.jpg,0.06512218713760376
97,467,images/image_186.jpg,images/image_519.jpg,0.06512963771820068
312,422,images/image_38.jpg,images/image_479.jpg,0.06513714790344238
337,573,images/image_401.jpg,images/image_75.jpg,0.06514471769332886
425,170,images/image_481.jpg,images/image_251.jpg,0.06515294313430786
522,152,images/image_569.jpg,images/image_235.jpg,0.06516104936599731
401,579,images/image_46.jpg,images/image_80.jpg,0.06516820192337036
317,440,images/image_384.jpg,images/image_495.jpg,0.06518667936325073
470,514,images/image_521.jpg,images/image_561.jpg,0.06518673896789551
370,470,images/image_431.jpg,images/image_521.jpg,0.06518805027008057
340,124,images/image_404.jpg,images/image_21.jpg,0.0651940107345581
446,309,images/image_50.jpg,images/image_377.jpg,0.06519907712936401
312,589,images/image_38.jpg,images/image_9.jpg,0.06520020961761475
539,2,images/image_584.jpg,images/image_10.jpg,0.06520712375640869
399,289,images/image_458.jpg,images/image_359.jpg,0.06522250175476074
567,4,images/image_7.jpg,images/image_101.jpg,0.06522446870803833
362,213,images/image_424.jpg,images/image_290.jpg,0.06522959470748901
340,568,images/image_404.jpg,images/image_70.jpg,0.06523001194000244
340,484,images/image_404.jpg,images/image_534.jpg,0.06523013114929199
396,27,images/image_455.jpg,images/image_122.jpg,0.06523209810256958
353,50,images/image_416.jpg,images/image_143.jpg,0.06523287296295166
337,371,images/image_401.jpg,images/image_432.jpg,0.06524258852005005
337,577,images/image_401.jpg,images/image_79.jpg,0.06524258852005005
506,592,images/image_554.jpg,images/image_92.jpg,0.0652458667755127
337,241,images/image_401.jpg,images/image_315.jpg,0.06525617837905884
394,58,images/image_453.jpg,images/image_150.jpg,0.06526744365692139
371,2,images/image_432.jpg,images/image_10.jpg,0.06528580188751221
577,2,images/image_79.jpg,images/image_10.jpg,0.06528580188751221
452,408,images/image_505.jpg,images/image_466.jpg,0.06529486179351807
343,346,images/image_407.jpg,images/image_41.jpg,0.0653001070022583
308,349,images/image_376.jpg,images/image_412.jpg,0.06530261039733887
349,481,images/image_412.jpg,images/image_531.jpg,0.06534045934677124
143,328,images/image_227.jpg,images/image_394.jpg,0.06534236669540405
362,65,images/image_424.jpg,images/image_157.jpg,0.06538575887680054
507,362,images/image_555.jpg,images/image_424.jpg,0.06538575887680054
176,253,images/image_257.jpg,images/image_326.jpg,0.0654001235961914
308,79,images/image_376.jpg,images/image_17.jpg,0.0654144287109375
273,494,images/image_344.jpg,images/image_543.jpg,0.0654183030128479
54,254,images/image_147.jpg,images/image_327.jpg,0.06543213129043579
516,76,images/image_563.jpg,images/image_167.jpg,0.06544095277786255
328,184,images/image_394.jpg,images/image_264.jpg,0.06545674800872803
476,27,images/image_527.jpg,images/image_122.jpg,0.06546902656555176
91,199,images/image_180.jpg,images/image_278.jpg,0.06546944379806519
338,470,images/image_402.jpg,images/image_521.jpg,0.06547927856445312
337,359,images/image_401.jpg,images/image_421.jpg,0.06548869609832764
281,308,images/image_351.jpg,images/image_376.jpg,0.0654902458190918
371,180,images/image_432.jpg,images/image_260.jpg,0.06549656391143799
577,180,images/image_79.jpg,images/image_260.jpg,0.06549656391143799
379,170,images/image_44.jpg,images/image_251.jpg,0.06550759077072144
439,331,images/image_494.jpg,images/image_397.jpg,0.06552064418792725
97,597,images/image_186.jpg,images/image_97.jpg,0.06552296876907349
160,339,images/image_242.jpg,images/image_403.jpg,0.06552797555923462
446,342,images/image_50.jpg,images/image_406.jpg,0.06553435325622559
381,500,images/image_441.jpg,images/image_549.jpg,0.06554734706878662
407,412,images/image_465.jpg,images/image_47.jpg,0.06555664539337158
391,265,images/image_450.jpg,images/image_337.jpg,0.06556153297424316
235,343,images/image_31.jpg,images/image_407.jpg,0.06556540727615356
84,316,images/image_174.jpg,images/image_383.jpg,0.06556689739227295
409,173,images/image_467.jpg,images/image_254.jpg,0.0655670166015625
40,125,images/image_134.jpg,images/image_210.jpg,0.06557095050811768
346,538,images/image_41.jpg,images/image_583.jpg,0.06557095050811768
471,7,images/image_522.jpg,images/image_104.jpg,0.06557190418243408
360,567,images/image_422.jpg,images/image_7.jpg,0.06557893753051758
445,4,images/image_5.jpg,images/image_101.jpg,0.06559997797012329
532,576,images/image_578.jpg,images/image_78.jpg,0.06560724973678589
43,139,images/image_137.jpg,images/image_223.jpg,0.06561678647994995
312,482,images/image_38.jpg,images/image_532.jpg,0.06561732292175293
459,574,images/image_511.jpg,images/image_76.jpg,0.06562507152557373
395,260,images/image_454.jpg,images/image_332.jpg,0.0656273365020752
261,425,images/image_333.jpg,images/image_481.jpg,0.06563305854797363
401,167,images/image_46.jpg,images/image_249.jpg,0.0656467080116272
468,471,images/image_52.jpg,images/image_522.jpg,0.06566506624221802
394,409,images/image_453.jpg,images/image_467.jpg,0.06568658351898193
416,362,images/image_473.jpg,images/image_424.jpg,0.06568968296051025
401,226,images/image_46.jpg,images/image_301.jpg,0.06569898128509521
300,331,images/image_369.jpg,images/image_397.jpg,0.06570172309875488
412,23,images/image_47.jpg,images/image_119.jpg,0.06570702791213989
508,331,images/image_556.jpg,images/image_397.jpg,0.06571221351623535
412,283,images/image_47.jpg,images/image_353.jpg,0.06571346521377563
60,87,images/image_152.jpg,images/image_177.jpg,0.06572115421295166
397,549,images/image_456.jpg,images/image_593.jpg,0.06572449207305908
379,497,images/image_44.jpg,images/image_546.jpg,0.06576168537139893
412,306,images/image_47.jpg,images/image_374.jpg,0.06576788425445557
414,244,images/image_471.jpg,images/image_318.jpg,0.06576961278915405
160,380,images/image_242.jpg,images/image_440.jpg,0.06578034162521362
142,260,images/image_226.jpg,images/image_332.jpg,0.06580018997192383
194,586,images/image_273.jpg,images/image_87.jpg,0.06580424308776855
401,32,images/image_46.jpg,images/image_127.jpg,0.06581014394760132
337,539,images/image_401.jpg,images/image_584.jpg,0.06582492589950562
84,281,images/image_174.jpg,images/image_351.jpg,0.06583261489868164
41,5,images/image_135.jpg,images/image_102.jpg,0.06586402654647827
460,225,images/image_512.jpg,images/image_300.jpg,0.06587320566177368
360,58,images/image_422.jpg,images/image_150.jpg,0.06587541103363037
267,273,images/image_339.jpg,images/image_344.jpg,0.06587976217269897
470,47,images/image_521.jpg,images/image_140.jpg,0.0658842921257019
354,40,images/image_417.jpg,images/image_134.jpg,0.06590276956558228
386,491,images/image_446.jpg,images/image_540.jpg,0.06591033935546875
275,436,images/image_346.jpg,images/image_491.jpg,0.06591928005218506
212,482,images/image_29.jpg,images/image_532.jpg,0.06592553853988647
158,408,images/image_240.jpg,images/image_466.jpg,0.06593328714370728
399,321,images/image_458.jpg,images/image_388.jpg,0.06596672534942627
273,285,images/image_344.jpg,images/image_355.jpg,0.06598055362701416
560,241,images/image_63.jpg,images/image_315.jpg,0.06598532199859619
526,289,images/image_572.jpg,images/image_359.jpg,0.06598538160324097
593,213,images/image_93.jpg,images/image_290.jpg,0.06598842144012451
379,494,images/image_44.jpg,images/image_543.jpg,0.06599152088165283
394,362,images/image_453.jpg,images/image_424.jpg,0.06599175930023193
140,229,images/image_224.jpg,images/image_304.jpg,0.06599205732345581
446,468,images/image_50.jpg,images/image_52.jpg,0.06599283218383789
278,473,images/image_349.jpg,images/image_524.jpg,0.06599414348602295
119,268,images/image_205.jpg,images/image_34.jpg,0.06599432229995728
448,522,images/image_501.jpg,images/image_569.jpg,0.06600594520568848
372,79,images/image_433.jpg,images/image_17.jpg,0.06600737571716309
577,9,images/image_79.jpg,images/image_106.jpg,0.06601721048355103
515,344,images/image_562.jpg,images/image_408.jpg,0.06602376699447632
573,2,images/image_75.jpg,images/image_10.jpg,0.06602990627288818
14,452,images/image_110.jpg,images/image_505.jpg,0.06603187322616577
471,502,images/image_522.jpg,images/image_550.jpg,0.06603676080703735
473,13,images/image_524.jpg,images/image_11.jpg,0.06603986024856567
347,372,images/image_410.jpg,images/image_433.jpg,0.06604611873626709
267,379,images/image_339.jpg,images/image_44.jpg,0.06605291366577148
14,259,images/image_110.jpg,images/image_331.jpg,0.06606447696685791
560,359,images/image_63.jpg,images/image_421.jpg,0.06607294082641602
235,376,images/image_31.jpg,images/image_437.jpg,0.06607949733734131
473,556,images/image_524.jpg,images/image_6.jpg,0.06608420610427856
346,376,images/image_41.jpg,images/image_437.jpg,0.06611084938049316
380,483,images/image_440.jpg,images/image_533.jpg,0.06611406803131104
445,308,images/image_5.jpg,images/image_376.jpg,0.06611806154251099
297,97,images/image_366.jpg,images/image_186.jpg,0.06612855195999146
481,508,images/image_531.jpg,images/image_556.jpg,0.06613552570343018
458,167,images/image_510.jpg,images/image_249.jpg,0.06614720821380615
461,359,images/image_513.jpg,images/image_421.jpg,0.06615561246871948
461,241,images/image_513.jpg,images/image_315.jpg,0.06616365909576416
451,591,images/image_504.jpg,images/image_91.jpg,0.06618291139602661
285,379,images/image_355.jpg,images/image_44.jpg,0.06618672609329224
323,290,images/image_39.jpg,images/image_36.jpg,0.06619173288345337
302,37,images/image_370.jpg,images/image_131.jpg,0.06620174646377563
281,350,images/image_351.jpg,images/image_413.jpg,0.06620979309082031
379,7,images/image_44.jpg,images/image_104.jpg,0.06621575355529785
379,309,images/image_44.jpg,images/image_377.jpg,0.06621712446212769
573,180,images/image_75.jpg,images/image_260.jpg,0.06624495983123779
14,290,images/image_110.jpg,images/image_36.jpg,0.06626099348068237
43,237,images/image_137.jpg,images/image_311.jpg,0.06626355648040771
409,34,images/image_467.jpg,images/image_129.jpg,0.0662679672241211
376,586,images/image_437.jpg,images/image_87.jpg,0.06626945734024048
563,260,images/image_66.jpg,images/image_332.jpg,0.06629478931427002
360,409,images/image_422.jpg,images/image_467.jpg,0.0662950873374939
507,593,images/image_555.jpg,images/image_93.jpg,0.06629788875579834
593,65,images/image_93.jpg,images/image_157.jpg,0.06629788875579834
531,10,images/image_577.jpg,images/image_107.jpg,0.06629890203475952
348,568,images/image_411.jpg,images/image_70.jpg,0.06630325317382812
348,484,images/image_411.jpg,images/image_534.jpg,0.06630325317382812
422,97,images/image_479.jpg,images/image_186.jpg,0.06631696224212646
238,482,images/image_312.jpg,images/image_532.jpg,0.06632906198501587
448,202,images/image_501.jpg,images/image_280.jpg,0.06635063886642456
492,27,images/image_541.jpg,images/image_122.jpg,0.06635361909866333
478,19,images/image_529.jpg,images/image_115.jpg,0.06635534763336182
261,129,images/image_333.jpg,images/image_214.jpg,0.06635904312133789
397,485,images/image_456.jpg,images/image_535.jpg,0.0663607120513916
522,274,images/image_569.jpg,images/image_345.jpg,0.06637430191040039
353,45,images/image_416.jpg,images/image_139.jpg,0.0663754940032959
302,243,images/image_370.jpg,images/image_317.jpg,0.0663880705833435
379,502,images/image_44.jpg,images/image_550.jpg,0.06638991832733154
41,431,images/image_135.jpg,images/image_487.jpg,0.06639277935028076
183,470,images/image_263.jpg,images/image_521.jpg,0.06639695167541504
515,152,images/image_562.jpg,images/image_235.jpg,0.06640380620956421
425,506,images/image_481.jpg,images/image_554.jpg,0.06640660762786865
220,250,images/image_297.jpg,images/image_323.jpg,0.06641536951065063
339,597,images/image_403.jpg,images/image_97.jpg,0.06643372774124146
516,567,images/image_563.jpg,images/image_7.jpg,0.06643891334533691
125,471,images/image_210.jpg,images/image_522.jpg,0.06644833087921143
494,40,images/image_543.jpg,images/image_134.jpg,0.06646865606307983
409,416,images/image_467.jpg,images/image_473.jpg,0.06648343801498413
200,254,images/image_279.jpg,images/image_327.jpg,0.06648421287536621
570,40,images/image_72.jpg,images/image_134.jpg,0.0664854645729065
353,411,images/image_416.jpg,images/image_469.jpg,0.06652230024337769
183,170,images/image_263.jpg,images/image_251.jpg,0.06652659177780151
353,172,images/image_416.jpg,images/image_253.jpg,0.0665276050567627
250,498,images/image_323.jpg,images/image_547.jpg,0.06653881072998047
509,139,images/image_557.jpg,images/image_223.jpg,0.06654739379882812
370,203,images/image_431.jpg,images/image_281.jpg,0.06659674644470215
339,467,images/image_403.jpg,images/image_519.jpg,0.06659787893295288
360,362,images/image_422.jpg,images/image_424.jpg,0.06659805774688721
589,97,images/image_9.jpg,images/image_186.jpg,0.06660836935043335
235,538,images/image_31.jpg,images/image_583.jpg,0.06661427021026611
590,539,images/image_90.jpg,images/image_584.jpg,0.06662440299987793
349,431,images/image_412.jpg,images/image_487.jpg,0.06663143634796143
474,149,images/image_525.jpg,images/image_232.jpg,0.06663274765014648
442,481,images/image_497.jpg,images/image_531.jpg,0.06663888692855835
446,7,images/image_50.jpg,images/image_104.jpg,0.06664448976516724
354,425,images/image_417.jpg,images/image_481.jpg,0.06664717197418213
457,440,images/image_51.jpg,images/image_495.jpg,0.06665533781051636
372,29,images/image_433.jpg,images/image_124.jpg,0.06665939092636108
14,277,images/image_110.jpg,images/image_348.jpg,0.06666010618209839
412,332,images/image_47.jpg,images/image_398.jpg,0.06666648387908936
183,203,images/image_263.jpg,images/image_281.jpg,0.06669425964355469
143,558,images/image_227.jpg,images/image_61.jpg,0.06670725345611572
492,0,images/image_541.jpg,images/image_0.jpg,0.06671738624572754
205,399,images/image_283.jpg,images/image_458.jpg,0.06671762466430664
570,592,images/image_72.jpg,images/image_92.jpg,0.06671881675720215
312,518,images/image_38.jpg,images/image_565.jpg,0.06672447919845581
593,173,images/image_93.jpg,images/image_254.jpg,0.06672847270965576
593,34,images/image_93.jpg,images/image_129.jpg,0.0667371153831482
469,539,images/image_520.jpg,images/image_584.jpg,0.06674283742904663
516,58,images/image_563.jpg,images/image_150.jpg,0.066744863986969
492,69,images/image_541.jpg,images/image_160.jpg,0.06675601005554199
72,250,images/image_163.jpg,images/image_323.jpg,0.06675827503204346
573,9,images/image_75.jpg,images/image_106.jpg,0.06676369905471802
41,23,images/image_135.jpg,images/image_119.jpg,0.06676799058914185
281,4,images/image_351.jpg,images/image_101.jpg,0.06676959991455078
125,446,images/image_210.jpg,images/image_50.jpg,0.06677097082138062
513,202,images/image_560.jpg,images/image_280.jpg,0.06677359342575073
158,468,images/image_240.jpg,images/image_52.jpg,0.06678086519241333
577,590,images/image_79.jpg,images/image_90.jpg,0.06678569316864014
590,371,images/image_90.jpg,images/image_432.jpg,0.06678569316864014
416,593,images/image_473.jpg,images/image_93.jpg,0.0667991042137146
341,543,images/image_405.jpg,images/image_588.jpg,0.06681317090988159
302,217,images/image_370.jpg,images/image_294.jpg,0.06681668758392334
394,593,images/image_453.jpg,images/image_93.jpg,0.06683194637298584
350,445,images/image_413.jpg,images/image_5.jpg,0.06683385372161865
263,439,images/image_335.jpg,images/image_494.jpg,0.06683862209320068
14,421,images/image_110.jpg,images/image_478.jpg,0.06685101985931396
273,497,images/image_344.jpg,images/image_546.jpg,0.06689095497131348
261,273,images/image_333.jpg,images/image_344.jpg,0.06690484285354614
14,338,images/image_110.jpg,images/image_402.jpg,0.06690943241119385
278,152,images/image_349.jpg,images/image_235.jpg,0.06691592931747437
481,225,images/image_531.jpg,images/image_300.jpg,0.06691962480545044
508,562,images/image_556.jpg,images/image_65.jpg,0.06692558526992798
392,556,images/image_451.jpg,images/image_6.jpg,0.06693607568740845
403,549,images/image_461.jpg,images/image_593.jpg,0.06693792343139648
119,366,images/image_205.jpg,images/image_428.jpg,0.06694686412811279
312,351,images/image_38.jpg,images/image_414.jpg,0.06695348024368286
551,576,images/image_595.jpg,images/image_78.jpg,0.06699013710021973
267,40,images/image_339.jpg,images/image_134.jpg,0.06699138879776001
347,331,images/image_410.jpg,images/image_397.jpg,0.0670309066772461
560,175,images/image_63.jpg,images/image_256.jpg,0.06706470251083374
384,440,images/image_444.jpg,images/image_495.jpg,0.06707942485809326
285,40,images/image_355.jpg,images/image_134.jpg,0.0670812726020813
514,243,images/image_561.jpg,images/image_317.jpg,0.067097008228302
439,77,images/image_494.jpg,images/image_168.jpg,0.067099928855896
576,582,images/image_78.jpg,images/image_83.jpg,0.06710314750671387
446,502,images/image_50.jpg,images/image_550.jpg,0.06710481643676758
323,401,images/image_39.jpg,images/image_46.jpg,0.06712222099304199
497,103,images/image_546.jpg,images/image_191.jpg,0.06715023517608643
543,184,images/image_588.jpg,images/image_264.jpg,0.06716775894165039
514,233,images/image_561.jpg,images/image_308.jpg,0.06717890501022339
513,515,images/image_560.jpg,images/image_562.jpg,0.067188560962677
422,108,images/image_479.jpg,images/image_196.jpg,0.06719052791595459
409,516,images/image_467.jpg,images/image_563.jpg,0.06719160079956055
484,517,images/image_534.jpg,images/image_564.jpg,0.06720161437988281
517,568,images/image_564.jpg,images/image_70.jpg,0.06720161437988281
279,34,images/image_35.jpg,images/image_129.jpg,0.06720376014709473
386,49,images/image_446.jpg,images/image_142.jpg,0.06720578670501709
273,309,images/image_344.jpg,images/image_377.jpg,0.06721389293670654
388,244,images/image_448.jpg,images/image_318.jpg,0.06721991300582886
502,364,images/image_550.jpg,images/image_426.jpg,0.06722289323806763
489,514,images/image_539.jpg,images/image_561.jpg,0.06722801923751831
91,167,images/image_180.jpg,images/image_249.jpg,0.06722849607467651
506,129,images/image_554.jpg,images/image_214.jpg,0.0672338604927063
353,479,images/image_416.jpg,images/image_53.jpg,0.0672534704208374
509,553,images/image_557.jpg,images/image_597.jpg,0.06728112697601318
43,405,images/image_137.jpg,images/image_463.jpg,0.06729602813720703
54,395,images/image_147.jpg,images/image_454.jpg,0.0673069953918457
345,555,images/image_409.jpg,images/image_599.jpg,0.06731313467025757
353,219,images/image_416.jpg,images/image_296.jpg,0.0673140287399292
593,4,images/image_93.jpg,images/image_101.jpg,0.06731808185577393
448,515,images/image_501.jpg,images/image_562.jpg,0.06732010841369629
343,586,images/image_407.jpg,images/image_87.jpg,0.06732767820358276
191,552,images/image_270.jpg,images/image_596.jpg,0.06733417510986328
399,492,images/image_458.jpg,images/image_541.jpg,0.06736868619918823
339,483,images/image_403.jpg,images/image_533.jpg,0.06736916303634644
354,129,images/image_417.jpg,images/image_214.jpg,0.06738102436065674
349,207,images/image_412.jpg,images/image_285.jpg,0.06741827726364136
571,202,images/image_73.jpg,images/image_280.jpg,0.06744527816772461
360,593,images/image_422.jpg,images/image_93.jpg,0.06745165586471558
41,283,images/image_135.jpg,images/image_353.jpg,0.06745678186416626
474,302,images/image_525.jpg,images/image_370.jpg,0.06745684146881104
497,536,images/image_546.jpg,images/image_581.jpg,0.06747454404830933
402,492,images/image_460.jpg,images/image_541.jpg,0.0674775242805481
516,362,images/image_563.jpg,images/image_424.jpg,0.06748539209365845
372,311,images/image_433.jpg,images/image_379.jpg,0.06751888990402222
125,158,images/image_210.jpg,images/image_240.jpg,0.06752216815948486
589,108,images/image_9.jpg,images/image_196.jpg,0.0675269365310669
429,491,images/image_485.jpg,images/image_540.jpg,0.0675305724143982
573,590,images/image_75.jpg,images/image_90.jpg,0.06753236055374146
337,49,images/image_401.jpg,images/image_142.jpg,0.06754863262176514
425,570,images/image_481.jpg,images/image_72.jpg,0.06755673885345459
521,246,images/image_568.jpg,images/image_32.jpg,0.06756508350372314
320,553,images/image_387.jpg,images/image_597.jpg,0.06757164001464844
43,138,images/image_137.jpg,images/image_222.jpg,0.06758052110671997
158,470,images/image_240.jpg,images/image_521.jpg,0.06760942935943604
429,555,images/image_485.jpg,images/image_599.jpg,0.06762397289276123
140,381,images/image_224.jpg,images/image_441.jpg,0.06762474775314331
328,341,images/image_394.jpg,images/image_405.jpg,0.06762754917144775
263,300,images/image_335.jpg,images/image_369.jpg,0.06763380765914917
276,317,images/image_347.jpg,images/image_384.jpg,0.0676465630531311
267,471,images/image_339.jpg,images/image_522.jpg,0.06766384840011597
391,412,images/image_450.jpg,images/image_47.jpg,0.06767106056213379
497,40,images/image_546.jpg,images/image_134.jpg,0.06767815351486206
337,514,images/image_401.jpg,images/image_561.jpg,0.06767833232879639
273,506,images/image_344.jpg,images/image_554.jpg,0.06768643856048584
437,573,images/image_492.jpg,images/image_75.jpg,0.06769376993179321
279,137,images/image_35.jpg,images/image_221.jpg,0.06770622730255127
476,244,images/image_527.jpg,images/image_318.jpg,0.06772536039352417
485,403,images/image_535.jpg,images/image_461.jpg,0.06773316860198975
160,97,images/image_242.jpg,images/image_186.jpg,0.06773573160171509
452,470,images/image_505.jpg,images/image_521.jpg,0.06775110960006714
471,494,images/image_522.jpg,images/image_543.jpg,0.06777447462081909
412,6,images/image_47.jpg,images/image_103.jpg,0.06777966022491455
592,408,images/image_92.jpg,images/image_466.jpg,0.06779301166534424
345,50,images/image_409.jpg,images/image_143.jpg,0.06779623031616211
521,223,images/image_568.jpg,images/image_3.jpg,0.06780695915222168
285,471,images/image_355.jpg,images/image_522.jpg,0.06782954931259155
448,278,images/image_501.jpg,images/image_349.jpg,0.06783276796340942
154,229,images/image_237.jpg,images/image_304.jpg,0.06786292791366577
558,226,images/image_61.jpg,images/image_301.jpg,0.06786298751831055
515,571,images/image_562.jpg,images/image_73.jpg,0.06786578893661499
515,298,images/image_562.jpg,images/image_367.jpg,0.06786578893661499
508,283,images/image_556.jpg,images/image_353.jpg,0.06786656379699707
493,372,images/image_542.jpg,images/image_433.jpg,0.0678713321685791
328,170,images/image_394.jpg,images/image_251.jpg,0.06788444519042969
377,216,images/image_438.jpg,images/image_293.jpg,0.06789922714233398
300,77,images/image_369.jpg,images/image_168.jpg,0.06789976358413696
46,186,images/image_14.jpg,images/image_266.jpg,0.06790667772293091
266,216,images/image_338.jpg,images/image_293.jpg,0.06792294979095459
78,588,images/image_169.jpg,images/image_89.jpg,0.06793022155761719
409,4,images/image_467.jpg,images/image_101.jpg,0.06793737411499023
452,203,images/image_505.jpg,images/image_281.jpg,0.06794339418411255
492,364,images/image_541.jpg,images/image_426.jpg,0.06794792413711548
14,214,images/image_110.jpg,images/image_291.jpg,0.06796079874038696
399,290,images/image_458.jpg,images/image_36.jpg,0.06796920299530029
386,440,images/image_446.jpg,images/image_495.jpg,0.06798458099365234
515,274,images/image_562.jpg,images/image_345.jpg,0.06798815727233887
461,175,images/image_513.jpg,images/image_256.jpg,0.06799232959747314
267,446,images/image_339.jpg,images/image_50.jpg,0.06799495220184326
518,97,images/image_565.jpg,images/image_186.jpg,0.06799650192260742
576,127,images/image_78.jpg,images/image_212.jpg,0.06805258989334106
446,494,images/image_50.jpg,images/image_543.jpg,0.06807452440261841
429,50,images/image_485.jpg,images/image_143.jpg,0.06808668375015259
16,556,images/image_112.jpg,images/image_6.jpg,0.06809043884277344
350,19,images/image_413.jpg,images/image_115.jpg,0.06809580326080322
228,67,images/image_303.jpg,images/image_159.jpg,0.06810301542282104
375,397,images/image_436.jpg,images/image_456.jpg,0.0681104063987732
273,342,images/image_344.jpg,images/image_406.jpg,0.06812715530395508
317,97,images/image_384.jpg,images/image_186.jpg,0.06813645362854004
93,406,images/image_182.jpg,images/image_464.jpg,0.06814825534820557
285,446,images/image_355.jpg,images/image_50.jpg,0.06815826892852783
437,371,images/image_492.jpg,images/image_432.jpg,0.06816273927688599
437,577,images/image_492.jpg,images/image_79.jpg,0.06816273927688599
228,508,images/image_303.jpg,images/image_556.jpg,0.06816709041595459
317,573,images/image_384.jpg,images/image_75.jpg,0.0681714415550232
100,275,images/image_189.jpg,images/image_346.jpg,0.06818079948425293
71,258,images/image_162.jpg,images/image_330.jpg,0.06818556785583496
436,575,images/image_491.jpg,images/image_77.jpg,0.06818616390228271
41,6,images/image_135.jpg,images/image_103.jpg,0.06818920373916626
386,175,images/image_446.jpg,images/image_256.jpg,0.06819087266921997
468,183,images/image_52.jpg,images/image_263.jpg,0.06820696592330933
442,225,images/image_497.jpg,images/image_300.jpg,0.06821006536483765
328,226,images/image_394.jpg,images/image_301.jpg,0.0682147741317749
576,148,images/image_78.jpg,images/image_231.jpg,0.0682229995727539
273,354,images/image_344.jpg,images/image_417.jpg,0.06822550296783447
140,334,images/image_224.jpg,images/image_4.jpg,0.06824660301208496
317,577,images/image_384.jpg,images/image_79.jpg,0.0682477355003357
317,371,images/image_384.jpg,images/image_432.jpg,0.0682477355003357
470,69,images/image_521.jpg,images/image_160.jpg,0.06825381517410278
161,27,images/image_243.jpg,images/image_122.jpg,0.06825429201126099
71,183,images/image_162.jpg,images/image_263.jpg,0.0682598352432251
353,491,images/image_416.jpg,images/image_540.jpg,0.06826651096343994
592,170,images/image_92.jpg,images/image_251.jpg,0.06826817989349365
558,579,images/image_61.jpg,images/image_80.jpg,0.06828755140304565
458,509,images/image_510.jpg,images/image_557.jpg,0.06832259893417358
516,593,images/image_563.jpg,images/image_93.jpg,0.06833994388580322
20,186,images/image_116.jpg,images/image_266.jpg,0.06837314367294312
280,362,images/image_350.jpg,images/image_424.jpg,0.06838619709014893
471,374,images/image_522.jpg,images/image_435.jpg,0.06838691234588623
200,395,images/image_279.jpg,images/image_454.jpg,0.0683971643447876
350,165,images/image_413.jpg,images/image_247.jpg,0.0684119462966919
570,129,images/image_72.jpg,images/image_214.jpg,0.06841909885406494
279,478,images/image_35.jpg,images/image_529.jpg,0.06844127178192139
349,460,images/image_412.jpg,images/image_512.jpg,0.06844240427017212
351,97,images/image_414.jpg,images/image_186.jpg,0.06844538450241089
526,492,images/image_572.jpg,images/image_541.jpg,0.06845706701278687
437,440,images/image_492.jpg,images/image_495.jpg,0.06845968961715698
90,262,images/image_18.jpg,images/image_334.jpg,0.06846857070922852
499,34,images/image_548.jpg,images/image_129.jpg,0.06846940517425537
558,170,images/image_61.jpg,images/image_251.jpg,0.06848692893981934
513,278,images/image_560.jpg,images/image_349.jpg,0.06851989030838013
94,591,images/image_183.jpg,images/image_91.jpg,0.06853902339935303
586,137,images/image_87.jpg,images/image_221.jpg,0.0685914158821106
429,577,images/image_485.jpg,images/image_79.jpg,0.06860947608947754
429,371,images/image_485.jpg,images/image_432.jpg,0.06860947608947754
536,309,images/image_581.jpg,images/image_377.jpg,0.068634033203125
478,165,images/image_529.jpg,images/image_247.jpg,0.06863558292388916
474,514,images/image_525.jpg,images/image_561.jpg,0.06864124536514282
494,158,images/image_543.jpg,images/image_240.jpg,0.06865060329437256
205,310,images/image_283.jpg,images/image_378.jpg,0.06865119934082031
328,579,images/image_394.jpg,images/image_80.jpg,0.06865304708480835
508,6,images/image_556.jpg,images/image_103.jpg,0.06866455078125
442,331,images/image_497.jpg,images/image_397.jpg,0.06867098808288574
522,549,images/image_569.jpg,images/image_593.jpg,0.06867176294326782
209,498,images/image_287.jpg,images/image_547.jpg,0.06867367029190063
349,350,images/image_412.jpg,images/image_413.jpg,0.06869322061538696
425,7,images/image_481.jpg,images/image_104.jpg,0.06869840621948242
412,372,images/image_47.jpg,images/image_433.jpg,0.06870472431182861
384,552,images/image_444.jpg,images/image_596.jpg,0.06870657205581665
473,159,images/image_524.jpg,images/image_241.jpg,0.06871700286865234
341,558,images/image_405.jpg,images/image_61.jpg,0.06874662637710571
327,229,images/image_393.jpg,images/image_304.jpg,0.06876164674758911
267,158,images/image_339.jpg,images/image_240.jpg,0.06878024339675903
209,220,images/image_287.jpg,images/image_297.jpg,0.06880277395248413
266,484,images/image_338.jpg,images/image_534.jpg,0.06881272792816162
568,266,images/image_70.jpg,images/image_338.jpg,0.06881272792816162
576,157,images/image_78.jpg,images/image_24.jpg,0.06881874799728394
249,321,images/image_322.jpg,images/image_388.jpg,0.0688246488571167
386,533,images/image_446.jpg,images/image_579.jpg,0.06882554292678833
196,586,images/image_275.jpg,images/image_87.jpg,0.06882995367050171
261,158,images/image_333.jpg,images/image_240.jpg,0.06883096694946289
300,508,images/image_369.jpg,images/image_556.jpg,0.06884610652923584
518,108,images/image_565.jpg,images/image_196.jpg,0.06887930631637573
478,4,images/image_529.jpg,images/image_101.jpg,0.06888043880462646
577,121,images/image_79.jpg,images/image_207.jpg,0.06888580322265625
212,119,images/image_29.jpg,images/image_205.jpg,0.06888633966445923
349,23,images/image_412.jpg,images/image_119.jpg,0.06888854503631592
429,440,images/image_485.jpg,images/image_495.jpg,0.06888961791992188
521,559,images/image_568.jpg,images/image_62.jpg,0.06889432668685913
317,108,images/image_384.jpg,images/image_196.jpg,0.06890392303466797
31,362,images/image_126.jpg,images/image_424.jpg,0.06890791654586792
358,108,images/image_420.jpg,images/image_196.jpg,0.06890881061553955
276,358,images/image_347.jpg,images/image_420.jpg,0.06893861293792725
349,478,images/image_412.jpg,images/image_529.jpg,0.06895065307617188
285,158,images/image_355.jpg,images/image_240.jpg,0.06895208358764648
345,45,images/image_409.jpg,images/image_139.jpg,0.06899136304855347
125,183,images/image_210.jpg,images/image_263.jpg,0.0689929723739624
347,350,images/image_410.jpg,images/image_413.jpg,0.06899535655975342
484,576,images/image_534.jpg,images/image_78.jpg,0.06899887323379517
568,576,images/image_70.jpg,images/image_78.jpg,0.06899893283843994
276,422,images/image_347.jpg,images/image_479.jpg,0.06900584697723389
280,593,images/image_350.jpg,images/image_93.jpg,0.06901037693023682
405,509,images/image_463.jpg,images/image_557.jpg,0.0690198540687561
566,165,images/image_69.jpg,images/image_247.jpg,0.0690234899520874
558,32,images/image_61.jpg,images/image_127.jpg,0.06902438402175903
72,209,images/image_163.jpg,images/image_287.jpg,0.06903529167175293
261,379,images/image_333.jpg,images/image_44.jpg,0.06903696060180664
297,380,images/image_366.jpg,images/image_440.jpg,0.06904137134552002
220,520,images/image_297.jpg,images/image_567.jpg,0.06904822587966919
239,346,images/image_313.jpg,images/image_41.jpg,0.06908518075942993
350,279,images/image_413.jpg,images/image_35.jpg,0.0690966248512268
193,108,images/image_272.jpg,images/image_196.jpg,0.06913238763809204
431,508,images/image_487.jpg,images/image_556.jpg,0.06913423538208008
345,411,images/image_409.jpg,images/image_469.jpg,0.06915086507797241
570,273,images/image_72.jpg,images/image_344.jpg,0.06915158033370972
506,379,images/image_554.jpg,images/image_44.jpg,0.06915247440338135
508,23,images/image_556.jpg,images/image_119.jpg,0.0691559910774231
261,183,images/image_333.jpg,images/image_263.jpg,0.06915920972824097
508,372,images/image_556.jpg,images/image_433.jpg,0.06916779279708862
345,172,images/image_409.jpg,images/image_253.jpg,0.06917107105255127
499,137,images/image_548.jpg,images/image_221.jpg,0.06917119026184082
425,502,images/image_481.jpg,images/image_550.jpg,0.06917572021484375
470,57,images/image_521.jpg,images/image_15.jpg,0.06918323040008545
571,278,images/image_73.jpg,images/image_349.jpg,0.06919121742248535
463,97,images/image_515.jpg,images/image_186.jpg,0.06921732425689697
154,381,images/image_237.jpg,images/image_441.jpg,0.06921893358230591
347,478,images/image_410.jpg,images/image_529.jpg,0.06922101974487305
193,276,images/image_272.jpg,images/image_347.jpg,0.06922507286071777
429,45,images/image_485.jpg,images/image_139.jpg,0.06923842430114746
502,129,images/image_550.jpg,images/image_214.jpg,0.06923902034759521
337,533,images/image_401.jpg,images/image_579.jpg,0.06925338506698608
483,97,images/image_533.jpg,images/image_186.jpg,0.06926238536834717
303,591,images/image_371.jpg,images/image_91.jpg,0.06926649808883667
349,283,images/image_412.jpg,images/image_353.jpg,0.06929206848144531
1,431,images/image_1.jpg,images/image_487.jpg,0.06930691003799438
470,0,images/image_521.jpg,images/image_0.jpg,0.06931090354919434
498,520,images/image_547.jpg,images/image_567.jpg,0.06931847333908081
316,554,images/image_383.jpg,images/image_598.jpg,0.06932514905929565
52,444,images/image_145.jpg,images/image_499.jpg,0.06932872533798218
21,384,images/image_117.jpg,images/image_444.jpg,0.06933140754699707
43,551,images/image_137.jpg,images/image_595.jpg,0.06933355331420898
457,577,images/image_51.jpg,images/image_79.jpg,0.06933766603469849
457,371,images/image_51.jpg,images/image_432.jpg,0.06933766603469849
135,552,images/image_22.jpg,images/image_596.jpg,0.06934988498687744
280,58,images/image_350.jpg,images/image_150.jpg,0.06935107707977295
350,4,images/image_413.jpg,images/image_101.jpg,0.0693516731262207
425,468,images/image_481.jpg,images/image_52.jpg,0.06936085224151611
587,27,images/image_88.jpg,images/image_122.jpg,0.06936454772949219
328,32,images/image_394.jpg,images/image_127.jpg,0.0693700909614563
549,202,images/image_593.jpg,images/image_280.jpg,0.06937664747238159
377,124,images/image_438.jpg,images/image_21.jpg,0.06938350200653076
276,589,images/image_347.jpg,images/image_9.jpg,0.06938564777374268
429,172,images/image_485.jpg,images/image_253.jpg,0.06938767433166504
411,429,images/image_469.jpg,images/image_485.jpg,0.0693930983543396
261,458,images/image_333.jpg,images/image_510.jpg,0.06939667463302612
514,38,images/image_561.jpg,images/image_132.jpg,0.06939929723739624
429,573,images/image_485.jpg,images/image_75.jpg,0.06940674781799316
238,119,images/image_312.jpg,images/image_205.jpg,0.06942737102508545
353,577,images/image_416.jpg,images/image_79.jpg,0.06943106651306152
353,371,images/image_416.jpg,images/image_432.jpg,0.06943106651306152
351,108,images/image_414.jpg,images/image_196.jpg,0.06945192813873291
485,522,images/image_535.jpg,images/image_569.jpg,0.06945955753326416
350,79,images/image_413.jpg,images/image_17.jpg,0.06946146488189697
280,409,images/image_350.jpg,images/image_467.jpg,0.0694735050201416
446,374,images/image_50.jpg,images/image_435.jpg,0.06947481632232666
72,520,images/image_163.jpg,images/image_567.jpg,0.06947672367095947
375,403,images/image_436.jpg,images/image_461.jpg,0.06949162483215332
380,467,images/image_440.jpg,images/image_519.jpg,0.06949567794799805
401,170,images/image_46.jpg,images/image_251.jpg,0.06950199604034424
31,593,images/image_126.jpg,images/image_93.jpg,0.06952166557312012
334,500,images/image_4.jpg,images/image_549.jpg,0.06955850124359131
469,260,images/image_520.jpg,images/image_332.jpg,0.0695677399635315
552,24,images/image_596.jpg,images/image_12.jpg,0.06957030296325684
349,137,images/image_412.jpg,images/image_221.jpg,0.06958794593811035
1,23,images/image_1.jpg,images/image_119.jpg,0.06961244344711304
43,532,images/image_137.jpg,images/image_578.jpg,0.06961792707443237
468,129,images/image_52.jpg,images/image_214.jpg,0.06961965560913086
416,279,images/image_473.jpg,images/image_35.jpg,0.06963926553726196
280,567,images/image_350.jpg,images/image_7.jpg,0.06964069604873657
402,468,images/image_460.jpg,images/image_52.jpg,0.0696483850479126
55,284,images/image_148.jpg,images/image_354.jpg,0.06965142488479614
154,334,images/image_237.jpg,images/image_4.jpg,0.06965482234954834
236,406,images/image_310.jpg,images/image_464.jpg,0.06965482234954834
43,582,images/image_137.jpg,images/image_83.jpg,0.06965821981430054
168,284,images/image_25.jpg,images/image_354.jpg,0.0696672797203064
354,458,images/image_417.jpg,images/image_510.jpg,0.06967926025390625
573,121,images/image_75.jpg,images/image_207.jpg,0.06968110799789429
284,539,images/image_354.jpg,images/image_584.jpg,0.06970340013504028
478,79,images/image_529.jpg,images/image_17.jpg,0.06973987817764282
384,577,images/image_444.jpg,images/image_79.jpg,0.06974273920059204
384,371,images/image_444.jpg,images/image_432.jpg,0.06974273920059204
312,119,images/image_38.jpg,images/image_205.jpg,0.06975513696670532
506,158,images/image_554.jpg,images/image_240.jpg,0.06975877285003662
249,452,images/image_322.jpg,images/image_505.jpg,0.06978529691696167
497,61,images/image_546.jpg,images/image_153.jpg,0.06979095935821533
248,316,images/image_321.jpg,images/image_383.jpg,0.06979900598526001
380,597,images/image_440.jpg,images/image_97.jpg,0.06979990005493164
577,24,images/image_79.jpg,images/image_12.jpg,0.0698205828666687
52,592,images/image_145.jpg,images/image_92.jpg,0.06983554363250732
493,283,images/image_542.jpg,images/image_353.jpg,0.06985360383987427
431,493,images/image_487.jpg,images/image_542.jpg,0.06986337900161743
71,237,images/image_162.jpg,images/image_311.jpg,0.06987833976745605
31,58,images/image_126.jpg,images/image_150.jpg,0.06989973783493042
502,321,images/image_550.jpg,images/image_388.jpg,0.06990563869476318
345,479,images/image_409.jpg,images/image_53.jpg,0.06990706920623779
457,573,images/image_51.jpg,images/image_75.jpg,0.06991082429885864
515,295,images/image_562.jpg,images/image_364.jpg,0.06991368532180786
478,499,images/image_529.jpg,images/image_548.jpg,0.06991714239120483
232,588,images/image_307.jpg,images/image_89.jpg,0.06992334127426147
316,5,images/image_383.jpg,images/image_102.jpg,0.0699271559715271
502,290,images/image_550.jpg,images/image_36.jpg,0.06992852687835693
543,170,images/image_588.jpg,images/image_251.jpg,0.0699349045753479
249,338,images/image_322.jpg,images/image_402.jpg,0.06993603706359863
345,219,images/image_409.jpg,images/image_296.jpg,0.06993985176086426
143,421,images/image_227.jpg,images/image_478.jpg,0.06995272636413574
543,226,images/image_588.jpg,images/image_301.jpg,0.06996124982833862
316,76,images/image_383.jpg,images/image_167.jpg,0.06996732950210571
31,409,images/image_126.jpg,images/image_467.jpg,0.06997328996658325
354,158,images/image_417.jpg,images/image_240.jpg,0.0699760913848877
439,508,images/image_494.jpg,images/image_556.jpg,0.06997817754745483
328,7,images/image_394.jpg,images/image_104.jpg,0.0699840784072876
46,148,images/image_14.jpg,images/image_231.jpg,0.06998449563980103
457,552,images/image_51.jpg,images/image_596.jpg,0.06999248266220093
270,299,images/image_341.jpg,images/image_368.jpg,0.06999742984771729
354,379,images/image_417.jpg,images/image_44.jpg,0.0700218677520752
570,379,images/image_72.jpg,images/image_44.jpg,0.07004743814468384
370,364,images/image_431.jpg,images/image_426.jpg,0.07005757093429565
327,381,images/image_393.jpg,images/image_441.jpg,0.07006388902664185
386,241,images/image_446.jpg,images/image_315.jpg,0.07006388902664185
485,202,images/image_535.jpg,images/image_280.jpg,0.0700865387916565
401,474,images/image_46.jpg,images/image_525.jpg,0.07008719444274902
191,378,images/image_270.jpg,images/image_439.jpg,0.0700981616973877
457,539,images/image_51.jpg,images/image_584.jpg,0.07011246681213379
429,479,images/image_485.jpg,images/image_53.jpg,0.07013219594955444
147,214,images/image_230.jpg,images/image_291.jpg,0.07013416290283203
377,568,images/image_438.jpg,images/image_70.jpg,0.0701364278793335
377,484,images/image_438.jpg,images/image_534.jpg,0.0701366662979126
125,425,images/image_210.jpg,images/image_481.jpg,0.07014185190200806
36,250,images/image_130.jpg,images/image_323.jpg,0.07014787197113037
546,588,images/image_590.jpg,images/image_89.jpg,0.07015842199325562
494,183,images/image_543.jpg,images/image_263.jpg,0.07017010450363159
567,31,images/image_7.jpg,images/image_126.jpg,0.07019186019897461
235,239,images/image_31.jpg,images/image_313.jpg,0.07019537687301636
386,573,images/image_446.jpg,images/image_75.jpg,0.07019543647766113
429,219,images/image_485.jpg,images/image_296.jpg,0.07020509243011475
267,183,images/image_339.jpg,images/image_263.jpg,0.0702105164527893
384,539,images/image_444.jpg,images/image_584.jpg,0.07021421194076538
134,559,images/image_219.jpg,images/image_62.jpg,0.07023978233337402
506,183,images/image_554.jpg,images/image_263.jpg,0.07024061679840088
573,353,images/image_75.jpg,images/image_416.jpg,0.07024312019348145
558,7,images/image_61.jpg,images/image_104.jpg,0.07025623321533203
252,43,images/image_325.jpg,images/image_137.jpg,0.07028204202651978
354,183,images/image_417.jpg,images/image_263.jpg,0.07028615474700928
21,24,images/image_117.jpg,images/image_12.jpg,0.07030010223388672
1,283,images/image_1.jpg,images/image_353.jpg,0.07030069828033447
386,577,images/image_446.jpg,images/image_79.jpg,0.07030773162841797
386,371,images/image_446.jpg,images/image_432.jpg,0.07030773162841797
386,359,images/image_446.jpg,images/image_421.jpg,0.0703093409538269
515,549,images/image_562.jpg,images/image_593.jpg,0.07034808397293091
573,384,images/image_75.jpg,images/image_444.jpg,0.07034975290298462
21,191,images/image_117.jpg,images/image_270.jpg,0.0703544020652771
46,127,images/image_14.jpg,images/image_212.jpg,0.07035559415817261
337,260,images/image_401.jpg,images/image_332.jpg,0.07035893201828003
481,67,images/image_531.jpg,images/image_159.jpg,0.07036757469177246
100,575,images/image_189.jpg,images/image_77.jpg,0.07037055492401123
543,579,images/image_588.jpg,images/image_80.jpg,0.07038074731826782
143,214,images/image_227.jpg,images/image_291.jpg,0.07039135694503784
282,299,images/image_352.jpg,images/image_368.jpg,0.0703919529914856
573,24,images/image_75.jpg,images/image_12.jpg,0.07039415836334229
285,183,images/image_355.jpg,images/image_263.jpg,0.0704047679901123
125,129,images/image_210.jpg,images/image_214.jpg,0.0704188346862793
499,308,images/image_548.jpg,images/image_376.jpg,0.07042324542999268
327,334,images/image_393.jpg,images/image_4.jpg,0.07043617963790894
590,260,images/image_90.jpg,images/image_332.jpg,0.07044869661331177
20,148,images/image_116.jpg,images/image_231.jpg,0.07045423984527588
514,37,images/image_561.jpg,images/image_131.jpg,0.07045871019363403
592,470,images/image_92.jpg,images/image_521.jpg,0.07048588991165161
68,364,images/image_16.jpg,images/image_426.jpg,0.07049739360809326
54,469,images/image_147.jpg,images/image_520.jpg,0.07050919532775879
71,201,images/image_162.jpg,images/image_28.jpg,0.07052552700042725
493,23,images/image_542.jpg,images/image_119.jpg,0.07053542137145996
174,463,images/image_255.jpg,images/image_515.jpg,0.07056814432144165
576,186,images/image_78.jpg,images/image_266.jpg,0.07058387994766235
442,283,images/image_497.jpg,images/image_353.jpg,0.07059341669082642
493,6,images/image_542.jpg,images/image_103.jpg,0.07059401273727417
275,435,images/image_346.jpg,images/image_490.jpg,0.07060283422470093
350,499,images/image_413.jpg,images/image_548.jpg,0.07061594724655151
126,262,images/image_211.jpg,images/image_334.jpg,0.07065325975418091
458,7,images/image_510.jpg,images/image_104.jpg,0.07066154479980469
386,539,images/image_446.jpg,images/image_584.jpg,0.07067334651947021
563,121,images/image_66.jpg,images/image_207.jpg,0.07067704200744629
91,184,images/image_180.jpg,images/image_264.jpg,0.07069700956344604
267,402,images/image_339.jpg,images/image_460.jpg,0.07069724798202515
258,509,images/image_330.jpg,images/image_557.jpg,0.07069939374923706
21,457,images/image_117.jpg,images/image_51.jpg,0.07071119546890259
254,0,images/image_327.jpg,images/image_0.jpg,0.0707138180732727
437,491,images/image_492.jpg,images/image_540.jpg,0.07072776556015015
276,518,images/image_347.jpg,images/image_565.jpg,0.0707358717918396
214,292,images/image_291.jpg,images/image_361.jpg,0.07073938846588135
297,339,images/image_366.jpg,images/image_403.jpg,0.07075196504592896
194,19,images/image_273.jpg,images/image_115.jpg,0.07076907157897949
401,243,images/image_46.jpg,images/image_317.jpg,0.0707848072052002
466,16,images/image_518.jpg,images/image_112.jpg,0.0707884430885315
54,142,images/image_147.jpg,images/image_226.jpg,0.07081872224807739
20,127,images/image_116.jpg,images/image_212.jpg,0.07083255052566528
310,338,images/image_378.jpg,images/image_402.jpg,0.07085824012756348
345,491,images/image_409.jpg,images/image_540.jpg,0.07087880373001099
1,76,images/image_1.jpg,images/image_167.jpg,0.07088154554367065
416,499,images/image_473.jpg,images/image_548.jpg,0.07088547945022583
478,586,images/image_529.jpg,images/image_87.jpg,0.07089310884475708
134,530,images/image_219.jpg,images/image_576.jpg,0.07090789079666138
549,278,images/image_593.jpg,images/image_349.jpg,0.07091283798217773
328,374,images/image_394.jpg,images/image_435.jpg,0.07091677188873291
193,312,images/image_272.jpg,images/image_38.jpg,0.07092505693435669
412,41,images/image_47.jpg,images/image_135.jpg,0.07094275951385498
147,421,images/image_230.jpg,images/image_478.jpg,0.07098281383514404
427,108,images/image_483.jpg,images/image_196.jpg,0.07098883390426636
389,573,images/image_449.jpg,images/image_75.jpg,0.07099390029907227
349,6,images/image_412.jpg,images/image_103.jpg,0.07099407911300659
276,427,images/image_347.jpg,images/image_483.jpg,0.07099980115890503
249,290,images/image_322.jpg,images/image_36.jpg,0.0710107684135437
370,261,images/image_431.jpg,images/image_333.jpg,0.07101720571517944
558,338,images/image_61.jpg,images/image_402.jpg,0.07103085517883301
413,573,images/image_470.jpg,images/image_75.jpg,0.07104706764221191
60,402,images/image_152.jpg,images/image_460.jpg,0.07104915380477905
485,515,images/image_535.jpg,images/image_562.jpg,0.07107722759246826
8,588,images/image_105.jpg,images/image_89.jpg,0.07107800245285034
558,374,images/image_61.jpg,images/image_435.jpg,0.071078360080719
570,158,images/image_72.jpg,images/image_240.jpg,0.07108443975448608
194,445,images/image_273.jpg,images/image_5.jpg,0.07111513614654541
543,32,images/image_588.jpg,images/image_127.jpg,0.07112157344818115
538,586,images/image_583.jpg,images/image_87.jpg,0.07114887237548828
410,384,images/image_468.jpg,images/image_444.jpg,0.07121360301971436
509,551,images/image_557.jpg,images/image_595.jpg,0.07121551036834717
71,129,images/image_162.jpg,images/image_214.jpg,0.0712159276008606
399,338,images/image_458.jpg,images/image_402.jpg,0.07122480869293213
316,319,images/image_383.jpg,images/image_386.jpg,0.0712425708770752
509,582,images/image_557.jpg,images/image_83.jpg,0.07124346494674683
378,384,images/image_439.jpg,images/image_444.jpg,0.07127523422241211
343,76,images/image_407.jpg,images/image_167.jpg,0.07128965854644775
521,530,images/image_568.jpg,images/image_576.jpg,0.07132935523986816
351,276,images/image_414.jpg,images/image_347.jpg,0.07133746147155762
343,349,images/image_407.jpg,images/image_412.jpg,0.07134890556335449
112,108,images/image_2.jpg,images/image_196.jpg,0.07135486602783203
375,522,images/image_436.jpg,images/image_569.jpg,0.07135742902755737
71,158,images/image_162.jpg,images/image_240.jpg,0.07137155532836914
442,6,images/image_497.jpg,images/image_103.jpg,0.07137978076934814
494,425,images/image_543.jpg,images/image_481.jpg,0.07139599323272705
267,425,images/image_339.jpg,images/image_481.jpg,0.07139897346496582
128,463,images/image_213.jpg,images/image_515.jpg,0.07141786813735962
489,241,images/image_539.jpg,images/image_315.jpg,0.07142120599746704
130,146,images/image_215.jpg,images/image_23.jpg,0.07143032550811768
401,408,images/image_46.jpg,images/image_466.jpg,0.07143843173980713
312,358,images/image_38.jpg,images/image_420.jpg,0.07145434617996216
543,338,images/image_588.jpg,images/image_402.jpg,0.07147204875946045
300,442,images/image_369.jpg,images/image_497.jpg,0.07150131464004517
143,259,images/image_227.jpg,images/image_331.jpg,0.07150149345397949
389,577,images/image_449.jpg,images/image_79.jpg,0.07151305675506592
389,371,images/image_449.jpg,images/image_432.jpg,0.0715135931968689
489,359,images/image_539.jpg,images/image_421.jpg,0.07152760028839111
413,371,images/image_470.jpg,images/image_432.jpg,0.07154393196105957
413,577,images/image_470.jpg,images/image_79.jpg,0.07154393196105957
285,425,images/image_355.jpg,images/image_481.jpg,0.07158565521240234
570,183,images/image_72.jpg,images/image_263.jpg,0.07158845663070679
354,370,images/image_417.jpg,images/image_431.jpg,0.07160073518753052
485,278,images/image_535.jpg,images/image_349.jpg,0.07161533832550049
228,442,images/image_303.jpg,images/image_497.jpg,0.0716201663017273
14,100,images/image_110.jpg,images/image_189.jpg,0.07162487506866455
502,183,images/image_550.jpg,images/image_263.jpg,0.07162612676620483
285,402,images/image_355.jpg,images/image_460.jpg,0.07163149118423462
490,573,images/image_54.jpg,images/image_75.jpg,0.07164603471755981
267,129,images/image_339.jpg,images/image_214.jpg,0.07165426015853882
235,137,images/image_31.jpg,images/image_221.jpg,0.07165729999542236
208,380,images/image_286.jpg,images/image_440.jpg,0.07167255878448486
200,469,images/image_279.jpg,images/image_520.jpg,0.07167321443557739
494,129,images/image_543.jpg,images/image_214.jpg,0.07168006896972656
431,442,images/image_487.jpg,images/image_497.jpg,0.07169628143310547
416,4,images/image_473.jpg,images/image_101.jpg,0.0716978907585144
439,372,images/image_494.jpg,images/image_433.jpg,0.07171440124511719
561,246,images/image_64.jpg,images/image_32.jpg,0.07176041603088379
174,160,images/image_255.jpg,images/image_242.jpg,0.071766197681427
275,277,images/image_346.jpg,images/image_348.jpg,0.07176738977432251
375,202,images/image_436.jpg,images/image_280.jpg,0.07178300619125366
125,402,images/image_210.jpg,images/image_460.jpg,0.07179170846939087
132,406,images/image_217.jpg,images/image_464.jpg,0.07180458307266235
389,440,images/image_449.jpg,images/image_495.jpg,0.07181823253631592
442,372,images/image_497.jpg,images/image_433.jpg,0.0718269944190979
285,129,images/image_355.jpg,images/image_214.jpg,0.07185155153274536
249,277,images/image_322.jpg,images/image_348.jpg,0.07185888290405273
296,43,images/image_365.jpg,images/image_137.jpg,0.07186806201934814
112,119,images/image_2.jpg,images/image_205.jpg,0.07186824083328247
413,440,images/image_470.jpg,images/image_495.jpg,0.07186883687973022
442,23,images/image_497.jpg,images/image_119.jpg,0.07190299034118652
323,205,images/image_39.jpg,images/image_283.jpg,0.07191014289855957
563,353,images/image_66.jpg,images/image_416.jpg,0.07193171977996826
592,203,images/image_92.jpg,images/image_281.jpg,0.07200026512145996
345,371,images/image_409.jpg,images/image_432.jpg,0.07200813293457031
577,345,images/image_79.jpg,images/image_409.jpg,0.07200813293457031
292,421,images/image_361.jpg,images/image_478.jpg,0.07201868295669556
142,200,images/image_226.jpg,images/image_279.jpg,0.07205146551132202
87,143,images/image_177.jpg,images/image_227.jpg,0.07206380367279053
284,260,images/image_354.jpg,images/image_332.jpg,0.07207256555557251
112,276,images/image_2.jpg,images/image_347.jpg,0.07207763195037842
456,559,images/image_509.jpg,images/image_62.jpg,0.07208800315856934
561,223,images/image_64.jpg,images/image_3.jpg,0.0721089243888855
531,43,images/image_577.jpg,images/image_137.jpg,0.07211709022521973
502,158,images/image_550.jpg,images/image_240.jpg,0.07212716341018677
484,43,images/image_534.jpg,images/image_137.jpg,0.07213252782821655
568,43,images/image_70.jpg,images/image_137.jpg,0.07213252782821655
504,362,images/image_552.jpg,images/image_424.jpg,0.07214117050170898
490,371,images/image_54.jpg,images/image_432.jpg,0.07216918468475342
490,577,images/image_54.jpg,images/image_79.jpg,0.07216918468475342
573,374,images/image_75.jpg,images/image_435.jpg,0.07217425107955933
463,544,images/image_515.jpg,images/image_589.jpg,0.07217848300933838
412,1,images/image_47.jpg,images/image_1.jpg,0.07219165563583374
378,24,images/image_439.jpg,images/image_12.jpg,0.07220035791397095
210,580,images/image_288.jpg,images/image_81.jpg,0.07220333814620972
135,378,images/image_22.jpg,images/image_439.jpg,0.07223141193389893
586,4,images/image_87.jpg,images/image_101.jpg,0.07224935293197632
254,69,images/image_327.jpg,images/image_160.jpg,0.07225388288497925
543,7,images/image_588.jpg,images/image_104.jpg,0.07228481769561768
428,556,images/image_484.jpg,images/image_6.jpg,0.072293221950531
210,454,images/image_288.jpg,images/image_507.jpg,0.07231146097183228
292,402,images/image_361.jpg,images/image_460.jpg,0.07233738899230957
142,168,images/image_226.jpg,images/image_25.jpg,0.07234179973602295
55,142,images/image_148.jpg,images/image_226.jpg,0.07234346866607666
131,5,images/image_216.jpg,images/image_102.jpg,0.0723494291305542
36,209,images/image_130.jpg,images/image_287.jpg,0.07235395908355713
271,431,images/image_342.jpg,images/image_487.jpg,0.07235848903656006
410,24,images/image_468.jpg,images/image_12.jpg,0.0723731517791748
80,176,images/image_170.jpg,images/image_257.jpg,0.07238876819610596
566,347,images/image_69.jpg,images/image_410.jpg,0.07239323854446411
395,0,images/image_454.jpg,images/image_0.jpg,0.07239377498626709
358,97,images/image_420.jpg,images/image_186.jpg,0.07240563631057739
193,97,images/image_272.jpg,images/image_186.jpg,0.0724073052406311
452,558,images/image_505.jpg,images/image_61.jpg,0.07243382930755615
576,364,images/image_78.jpg,images/image_426.jpg,0.07243537902832031
490,440,images/image_54.jpg,images/image_495.jpg,0.07243567705154419
386,514,images/image_446.jpg,images/image_561.jpg,0.07243889570236206
326,372,images/image_392.jpg,images/image_433.jpg,0.07245248556137085
146,206,images/image_23.jpg,images/image_284.jpg,0.07247179746627808
271,23,images/image_342.jpg,images/image_119.jpg,0.07249277830123901
147,259,images/image_230.jpg,images/image_331.jpg,0.07249414920806885
312,427,images/image_38.jpg,images/image_483.jpg,0.07251083850860596
586,350,images/image_87.jpg,images/image_413.jpg,0.07251423597335815
21,135,images/image_117.jpg,images/image_22.jpg,0.07254046201705933
80,591,images/image_170.jpg,images/image_91.jpg,0.07254630327224731
270,333,images/image_341.jpg,images/image_399.jpg,0.07254648208618164
489,175,images/image_539.jpg,images/image_256.jpg,0.07257074117660522
431,67,images/image_487.jpg,images/image_159.jpg,0.0725853443145752
46,532,images/image_14.jpg,images/image_578.jpg,0.07259857654571533
128,160,images/image_213.jpg,images/image_242.jpg,0.07260137796401978
378,457,images/image_439.jpg,images/image_51.jpg,0.07262051105499268
254,57,images/image_327.jpg,images/image_15.jpg,0.07262873649597168
446,261,images/image_50.jpg,images/image_333.jpg,0.07264363765716553
54,284,images/image_147.jpg,images/image_354.jpg,0.07265102863311768
566,29,images/image_69.jpg,images/image_124.jpg,0.07265591621398926
208,119,images/image_286.jpg,images/image_205.jpg,0.0726628303527832
232,444,images/image_307.jpg,images/image_499.jpg,0.07266378402709961
174,597,images/image_255.jpg,images/image_97.jpg,0.07269454002380371
343,319,images/image_407.jpg,images/image_386.jpg,0.07269859313964844
552,192,images/image_596.jpg,images/image_271.jpg,0.0727042555809021
439,442,images/image_494.jpg,images/image_497.jpg,0.0727071762084961
401,217,images/image_46.jpg,images/image_294.jpg,0.07270795106887817
471,261,images/image_522.jpg,images/image_333.jpg,0.07271832227706909
509,592,images/image_557.jpg,images/image_92.jpg,0.0727229118347168
235,4,images/image_31.jpg,images/image_101.jpg,0.07273364067077637
237,576,images/image_311.jpg,images/image_78.jpg,0.07274174690246582
78,444,images/image_169.jpg,images/image_499.jpg,0.07275360822677612
458,502,images/image_510.jpg,images/image_550.jpg,0.07276403903961182
104,210,images/image_192.jpg,images/image_288.jpg,0.07276469469070435
410,457,images/image_468.jpg,images/image_51.jpg,0.0727689266204834
212,339,images/image_29.jpg,images/image_403.jpg,0.07277953624725342
335,76,images/image_40.jpg,images/image_167.jpg,0.07278352975845337
504,593,images/image_552.jpg,images/image_93.jpg,0.07278722524642944
375,515,images/image_436.jpg,images/image_562.jpg,0.07279568910598755
456,530,images/image_509.jpg,images/image_576.jpg,0.0728042721748352
509,183,images/image_557.jpg,images/image_263.jpg,0.0728411078453064
410,187,images/image_468.jpg,images/image_267.jpg,0.07284402847290039
174,467,images/image_255.jpg,images/image_519.jpg,0.07284456491470337
452,543,images/image_505.jpg,images/image_588.jpg,0.07284992933273315
573,345,images/image_75.jpg,images/image_409.jpg,0.07285016775131226
294,385,images/image_363.jpg,images/image_445.jpg,0.07285898923873901
194,281,images/image_273.jpg,images/image_351.jpg,0.07286179065704346
444,546,images/image_499.jpg,images/image_590.jpg,0.07287955284118652
146,472,images/image_23.jpg,images/image_523.jpg,0.07294493913650513
346,4,images/image_41.jpg,images/image_101.jpg,0.07295513153076172
36,520,images/image_130.jpg,images/image_567.jpg,0.0729912519454956
566,79,images/image_69.jpg,images/image_17.jpg,0.0729934573173523
85,210,images/image_175.jpg,images/image_288.jpg,0.07300186157226562
194,316,images/image_273.jpg,images/image_383.jpg,0.07300889492034912
478,29,images/image_529.jpg,images/image_124.jpg,0.07301056385040283
404,495,images/image_462.jpg,images/image_544.jpg,0.0730178952217102
452,328,images/image_505.jpg,images/image_394.jpg,0.0730178952217102
506,446,images/image_554.jpg,images/image_50.jpg,0.07306957244873047
20,532,images/image_116.jpg,images/image_578.jpg,0.07307028770446777
258,594,images/image_330.jpg,images/image_94.jpg,0.07311797142028809
435,575,images/image_490.jpg,images/image_77.jpg,0.07311820983886719
343,5,images/image_407.jpg,images/image_102.jpg,0.07312583923339844
55,469,images/image_148.jpg,images/image_520.jpg,0.07313454151153564
55,395,images/image_148.jpg,images/image_454.jpg,0.07314026355743408
471,506,images/image_522.jpg,images/image_554.jpg,0.07315725088119507
168,395,images/image_25.jpg,images/image_454.jpg,0.07316917181015015
586,308,images/image_87.jpg,images/image_376.jpg,0.07317841053009033
543,374,images/image_588.jpg,images/image_435.jpg,0.07317894697189331
168,469,images/image_25.jpg,images/image_520.jpg,0.07318711280822754
428,466,images/image_484.jpg,images/image_518.jpg,0.07319575548171997
504,409,images/image_552.jpg,images/image_467.jpg,0.07319974899291992
282,333,images/image_352.jpg,images/image_399.jpg,0.07320034503936768
504,58,images/image_552.jpg,images/image_150.jpg,0.0732123851776123
271,283,images/image_342.jpg,images/image_353.jpg,0.07321703433990479
577,374,images/image_79.jpg,images/image_435.jpg,0.07321971654891968
558,408,images/image_61.jpg,images/image_466.jpg,0.07322633266448975
400,134,images/image_459.jpg,images/image_219.jpg,0.07324135303497314
153,509,images/image_236.jpg,images/image_557.jpg,0.07325416803359985
71,425,images/image_162.jpg,images/image_481.jpg,0.07325756549835205
270,304,images/image_341.jpg,images/image_372.jpg,0.07329654693603516
375,278,images/image_436.jpg,images/image_349.jpg,0.07331031560897827
21,192,images/image_117.jpg,images/image_271.jpg,0.0733259916305542
454,510,images/image_507.jpg,images/image_558.jpg,0.07332724332809448
71,35,images/image_162.jpg,images/image_13.jpg,0.07334589958190918
449,454,images/image_502.jpg,images/image_507.jpg,0.07335472106933594
386,26,images/image_446.jpg,images/image_121.jpg,0.07337051630020142
449,580,images/image_502.jpg,images/image_81.jpg,0.07337146997451782
162,559,images/image_244.jpg,images/image_62.jpg,0.07337510585784912
510,580,images/image_558.jpg,images/image_81.jpg,0.07337766885757446
400,521,images/image_459.jpg,images/image_568.jpg,0.07338601350784302
361,496,images/image_423.jpg,images/image_545.jpg,0.07338732481002808
288,385,images/image_358.jpg,images/image_445.jpg,0.07339763641357422
544,160,images/image_589.jpg,images/image_242.jpg,0.07340037822723389
106,246,images/image_194.jpg,images/image_32.jpg,0.07340466976165771
458,374,images/image_510.jpg,images/image_435.jpg,0.07341057062149048
346,137,images/image_41.jpg,images/image_221.jpg,0.07341158390045166
174,212,images/image_255.jpg,images/image_29.jpg,0.07341217994689941
329,372,images/image_395.jpg,images/image_433.jpg,0.07341223955154419
559,561,images/image_62.jpg,images/image_64.jpg,0.07341581583023071
123,496,images/image_209.jpg,images/image_545.jpg,0.07341855764389038
323,338,images/image_39.jpg,images/image_402.jpg,0.07341909408569336
87,147,images/image_177.jpg,images/image_230.jpg,0.07341933250427246
401,558,images/image_46.jpg,images/image_61.jpg,0.07344812154769897
301,91,images/image_37.jpg,images/image_180.jpg,0.07346445322036743
410,476,images/image_468.jpg,images/image_527.jpg,0.07346826791763306
579,205,images/image_80.jpg,images/image_283.jpg,0.07346832752227783
504,567,images/image_552.jpg,images/image_7.jpg,0.07348096370697021
82,107,images/image_172.jpg,images/image_195.jpg,0.0734819769859314
196,19,images/image_275.jpg,images/image_115.jpg,0.07349652051925659
339,357,images/image_403.jpg,images/image_42.jpg,0.07349985837936401
82,254,images/image_172.jpg,images/image_327.jpg,0.07350575923919678
558,205,images/image_61.jpg,images/image_283.jpg,0.07350945472717285
259,292,images/image_331.jpg,images/image_361.jpg,0.073525071144104
455,186,images/image_508.jpg,images/image_266.jpg,0.07355040311813354
150,210,images/image_233.jpg,images/image_288.jpg,0.07357221841812134
349,372,images/image_412.jpg,images/image_433.jpg,0.07358300685882568
546,261,images/image_590.jpg,images/image_333.jpg,0.07360309362411499
128,597,images/image_213.jpg,images/image_97.jpg,0.07361996173858643
388,410,images/image_448.jpg,images/image_468.jpg,0.07362204790115356
354,446,images/image_417.jpg,images/image_50.jpg,0.07362574338912964
238,339,images/image_312.jpg,images/image_403.jpg,0.073627769947052
429,563,images/image_485.jpg,images/image_66.jpg,0.07363051176071167
269,372,images/image_340.jpg,images/image_433.jpg,0.07363277673721313
552,563,images/image_596.jpg,images/image_66.jpg,0.07363957166671753
399,452,images/image_458.jpg,images/image_505.jpg,0.07364082336425781
310,452,images/image_378.jpg,images/image_505.jpg,0.07364988327026367
71,252,images/image_162.jpg,images/image_325.jpg,0.07365405559539795
141,599,images/image_225.jpg,images/image_99.jpg,0.07366383075714111
174,483,images/image_255.jpg,images/image_533.jpg,0.07366514205932617
339,366,images/image_403.jpg,images/image_428.jpg,0.07366639375686646
60,390,images/image_152.jpg,images/image_45.jpg,0.0736742615699768
354,471,images/image_417.jpg,images/image_522.jpg,0.07368189096450806
107,339,images/image_195.jpg,images/image_403.jpg,0.07369416952133179
104,510,images/image_192.jpg,images/image_558.jpg,0.07369709014892578
348,559,images/image_411.jpg,images/image_62.jpg,0.07369738817214966
436,521,images/image_491.jpg,images/image_568.jpg,0.07370889186859131
128,467,images/image_213.jpg,images/image_519.jpg,0.07371556758880615
104,449,images/image_192.jpg,images/image_502.jpg,0.0737227201461792
258,73,images/image_330.jpg,images/image_164.jpg,0.07372844219207764
106,223,images/image_194.jpg,images/image_3.jpg,0.07372933626174927
258,197,images/image_330.jpg,images/image_276.jpg,0.07376527786254883
373,404,images/image_434.jpg,images/image_462.jpg,0.07376670837402344
128,212,images/image_213.jpg,images/image_29.jpg,0.07377475500106812
457,260,images/image_51.jpg,images/image_332.jpg,0.07379788160324097
208,108,images/image_286.jpg,images/image_196.jpg,0.07380026578903198
543,205,images/image_588.jpg,images/image_283.jpg,0.07380044460296631
509,246,images/image_557.jpg,images/image_32.jpg,0.0738103985786438
196,445,images/image_275.jpg,images/image_5.jpg,0.07381349802017212
131,319,images/image_216.jpg,images/image_386.jpg,0.07383596897125244
442,562,images/image_497.jpg,images/image_65.jpg,0.07383662462234497
200,284,images/image_279.jpg,images/image_354.jpg,0.07384377717971802
277,575,images/image_348.jpg,images/image_77.jpg,0.07385605573654175
310,437,images/image_378.jpg,images/image_492.jpg,0.07386231422424316
268,339,images/image_34.jpg,images/image_403.jpg,0.07387286424636841
14,424,images/image_110.jpg,images/image_480.jpg,0.07388222217559814
312,467,images/image_38.jpg,images/image_519.jpg,0.07389473915100098
258,541,images/image_330.jpg,images/image_586.jpg,0.07392317056655884
496,527,images/image_545.jpg,images/image_573.jpg,0.07393968105316162
271,6,images/image_342.jpg,images/image_103.jpg,0.07394307851791382
162,530,images/image_244.jpg,images/image_576.jpg,0.07394731044769287
543,401,images/image_588.jpg,images/image_46.jpg,0.07395243644714355
395,69,images/image_454.jpg,images/image_160.jpg,0.0739704966545105
282,304,images/image_352.jpg,images/image_372.jpg,0.07399404048919678
317,302,images/image_384.jpg,images/image_370.jpg,0.07399797439575195
176,547,images/image_257.jpg,images/image_591.jpg,0.07401168346405029
579,91,images/image_80.jpg,images/image_180.jpg,0.07401531934738159
85,510,images/image_175.jpg,images/image_558.jpg,0.07403832674026489
85,449,images/image_175.jpg,images/image_502.jpg,0.07405650615692139
570,446,images/image_72.jpg,images/image_50.jpg,0.07406425476074219
313,590,images/image_380.jpg,images/image_90.jpg,0.07407087087631226
478,235,images/image_529.jpg,images/image_31.jpg,0.07407599687576294
427,97,images/image_483.jpg,images/image_186.jpg,0.07408583164215088
424,289,images/image_480.jpg,images/image_359.jpg,0.07408720254898071
420,580,images/image_477.jpg,images/image_81.jpg,0.07409578561782837
420,454,images/image_477.jpg,images/image_507.jpg,0.0741087794303894
471,570,images/image_522.jpg,images/image_72.jpg,0.07412606477737427
131,76,images/image_216.jpg,images/image_167.jpg,0.07413923740386963
376,34,images/image_437.jpg,images/image_129.jpg,0.07413977384567261
376,137,images/image_437.jpg,images/image_221.jpg,0.07414740324020386
404,462,images/image_462.jpg,images/image_514.jpg,0.07414853572845459
71,138,images/image_162.jpg,images/image_222.jpg,0.07415169477462769
21,187,images/image_117.jpg,images/image_267.jpg,0.07417327165603638
458,506,images/image_510.jpg,images/image_554.jpg,0.0741734504699707
395,57,images/image_454.jpg,images/image_15.jpg,0.07418155670166016
413,491,images/image_470.jpg,images/image_540.jpg,0.07418817281723022
18,146,images/image_114.jpg,images/image_23.jpg,0.07420992851257324
12,210,images/image_109.jpg,images/image_288.jpg,0.07422840595245361
21,563,images/image_117.jpg,images/image_66.jpg,0.07423824071884155
335,319,images/image_40.jpg,images/image_386.jpg,0.07424259185791016
258,545,images/image_330.jpg,images/image_59.jpg,0.07424306869506836
410,149,images/image_468.jpg,images/image_232.jpg,0.07425367832183838
599,95,images/image_99.jpg,images/image_184.jpg,0.07426977157592773
153,568,images/image_236.jpg,images/image_70.jpg,0.07428848743438721
484,153,images/image_534.jpg,images/image_236.jpg,0.07428848743438721
107,367,images/image_195.jpg,images/image_429.jpg,0.07428956031799316
174,238,images/image_255.jpg,images/image_312.jpg,0.07432079315185547
474,205,images/image_525.jpg,images/image_283.jpg,0.07433164119720459
312,597,images/image_38.jpg,images/image_97.jpg,0.07433187961578369
92,294,images/image_181.jpg,images/image_363.jpg,0.07434576749801636
452,474,images/image_505.jpg,images/image_525.jpg,0.07435876131057739
386,422,images/image_446.jpg,images/image_479.jpg,0.07436317205429077
250,418,images/image_323.jpg,images/image_475.jpg,0.07436919212341309
544,597,images/image_589.jpg,images/image_97.jpg,0.07438308000564575
174,366,images/image_255.jpg,images/image_428.jpg,0.07441091537475586
579,243,images/image_80.jpg,images/image_317.jpg,0.07441329956054688
429,192,images/image_485.jpg,images/image_271.jpg,0.07441657781600952
313,9,images/image_380.jpg,images/image_106.jpg,0.07442426681518555
404,534,images/image_462.jpg,images/image_58.jpg,0.07445394992828369
576,183,images/image_78.jpg,images/image_263.jpg,0.0744553804397583
208,276,images/image_286.jpg,images/image_347.jpg,0.07448285818099976
104,420,images/image_192.jpg,images/image_477.jpg,0.07450228929519653
174,268,images/image_255.jpg,images/image_34.jpg,0.07450258731842041
335,5,images/image_40.jpg,images/image_102.jpg,0.07451969385147095
598,5,images/image_98.jpg,images/image_102.jpg,0.07451993227005005
87,292,images/image_177.jpg,images/image_361.jpg,0.0745229721069336
467,544,images/image_519.jpg,images/image_589.jpg,0.07452696561813354
112,380,images/image_2.jpg,images/image_440.jpg,0.07454454898834229
128,483,images/image_213.jpg,images/image_533.jpg,0.0745512843132019
237,10,images/image_311.jpg,images/image_107.jpg,0.07455718517303467
348,530,images/image_411.jpg,images/image_576.jpg,0.0745893120765686
313,2,images/image_380.jpg,images/image_10.jpg,0.07459849119186401
174,357,images/image_255.jpg,images/image_42.jpg,0.07460260391235352
78,564,images/image_169.jpg,images/image_67.jpg,0.07461011409759521
550,71,images/image_594.jpg,images/image_162.jpg,0.07461744546890259
433,372,images/image_489.jpg,images/image_433.jpg,0.07463771104812622
543,408,images/image_588.jpg,images/image_466.jpg,0.07463932037353516
128,238,images/image_213.jpg,images/image_312.jpg,0.07471156120300293
599,10,images/image_99.jpg,images/image_107.jpg,0.07471364736557007
382,495,images/image_442.jpg,images/image_544.jpg,0.07471543550491333
182,210,images/image_262.jpg,images/image_288.jpg,0.0747261643409729
147,402,images/image_230.jpg,images/image_460.jpg,0.07472848892211914
563,345,images/image_66.jpg,images/image_409.jpg,0.07474029064178467
477,83,images/image_528.jpg,images/image_173.jpg,0.07475560903549194
326,283,images/image_392.jpg,images/image_353.jpg,0.07476174831390381
107,174,images/image_195.jpg,images/image_255.jpg,0.07476180791854858
271,76,images/image_342.jpg,images/image_167.jpg,0.07476860284805298
128,366,images/image_213.jpg,images/image_428.jpg,0.07480841875076294
490,491,images/image_54.jpg,images/image_540.jpg,0.07480889558792114
85,420,images/image_175.jpg,images/image_477.jpg,0.07480919361114502
460,562,images/image_512.jpg,images/image_65.jpg,0.07481014728546143
21,476,images/image_117.jpg,images/image_527.jpg,0.07481026649475098
128,268,images/image_213.jpg,images/image_34.jpg,0.07482224702835083
532,91,images/image_578.jpg,images/image_180.jpg,0.07482743263244629
457,121,images/image_51.jpg,images/image_207.jpg,0.07484525442123413
288,92,images/image_358.jpg,images/image_181.jpg,0.07485336065292358
286,495,images/image_356.jpg,images/image_544.jpg,0.07491326332092285
105,404,images/image_193.jpg,images/image_462.jpg,0.07493680715560913
326,431,images/image_392.jpg,images/image_487.jpg,0.0749390721321106
239,586,images/image_313.jpg,images/image_87.jpg,0.07494181394577026
439,6,images/image_494.jpg,images/image_103.jpg,0.07494461536407471
106,559,images/image_194.jpg,images/image_62.jpg,0.07495206594467163
257,504,images/image_33.jpg,images/image_552.jpg,0.07496392726898193
376,478,images/image_437.jpg,images/image_529.jpg,0.07497096061706543
21,388,images/image_117.jpg,images/image_448.jpg,0.07497763633728027
323,474,images/image_39.jpg,images/image_525.jpg,0.07497835159301758
313,180,images/image_380.jpg,images/image_260.jpg,0.0749862790107727
452,243,images/image_505.jpg,images/image_317.jpg,0.07503247261047363
128,357,images/image_213.jpg,images/image_42.jpg,0.07504123449325562
52,564,images/image_145.jpg,images/image_67.jpg,0.07504558563232422
567,279,images/image_7.jpg,images/image_35.jpg,0.07505279779434204
81,76,images/image_171.jpg,images/image_167.jpg,0.07506376504898071
212,544,images/image_29.jpg,images/image_589.jpg,0.07506418228149414
21,149,images/image_117.jpg,images/image_232.jpg,0.07508844137191772
106,436,images/image_194.jpg,images/image_491.jpg,0.07509899139404297
107,128,images/image_195.jpg,images/image_213.jpg,0.07516676187515259
400,456,images/image_459.jpg,images/image_509.jpg,0.07517802715301514
310,474,images/image_378.jpg,images/image_525.jpg,0.07518088817596436
402,494,images/image_460.jpg,images/image_543.jpg,0.07519888877868652
410,302,images/image_468.jpg,images/image_370.jpg,0.0752076506614685
474,579,images/image_525.jpg,images/image_80.jpg,0.0752153992652893
525,258,images/image_571.jpg,images/image_330.jpg,0.07521563768386841
538,19,images/image_583.jpg,images/image_115.jpg,0.07522141933441162
8,564,images/image_105.jpg,images/image_67.jpg,0.07526904344558716
410,192,images/image_468.jpg,images/image_271.jpg,0.07527095079421997
468,7,images/image_52.jpg,images/image_104.jpg,0.07528501749038696
211,91,images/image_289.jpg,images/image_180.jpg,0.07528746128082275
335,349,images/image_40.jpg,images/image_412.jpg,0.07530951499938965
483,544,images/image_533.jpg,images/image_589.jpg,0.07531064748764038
323,437,images/image_39.jpg,images/image_492.jpg,0.07531207799911499
297,312,images/image_366.jpg,images/image_38.jpg,0.0753173828125
458,570,images/image_510.jpg,images/image_72.jpg,0.07533013820648193
502,328,images/image_550.jpg,images/image_394.jpg,0.07533836364746094
562,207,images/image_65.jpg,images/image_285.jpg,0.07533955574035645
320,595,images/image_387.jpg,images/image_95.jpg,0.07535934448242188
378,192,images/image_439.jpg,images/image_271.jpg,0.07536125183105469
386,589,images/image_446.jpg,images/image_9.jpg,0.07536125183105469
506,546,images/image_554.jpg,images/image_590.jpg,0.0753633975982666
326,6,images/image_392.jpg,images/image_103.jpg,0.0753663182258606
323,243,images/image_39.jpg,images/image_317.jpg,0.07537662982940674
509,158,images/image_557.jpg,images/image_240.jpg,0.07538175582885742
112,97,images/image_2.jpg,images/image_186.jpg,0.07538235187530518
439,283,images/image_494.jpg,images/image_353.jpg,0.07540541887283325
296,71,images/image_365.jpg,images/image_162.jpg,0.07541114091873169
155,341,images/image_238.jpg,images/image_405.jpg,0.07541924715042114
82,395,images/image_172.jpg,images/image_454.jpg,0.07543277740478516
376,308,images/image_437.jpg,images/image_376.jpg,0.07544207572937012
546,354,images/image_590.jpg,images/image_417.jpg,0.07544922828674316
66,495,images/image_158.jpg,images/image_544.jpg,0.07546436786651611
14,436,images/image_110.jpg,images/image_491.jpg,0.07546448707580566
373,382,images/image_434.jpg,images/image_442.jpg,0.07547402381896973
445,538,images/image_5.jpg,images/image_583.jpg,0.07547438144683838
326,23,images/image_392.jpg,images/image_119.jpg,0.07547444105148315
596,91,images/image_96.jpg,images/image_180.jpg,0.07547521591186523
376,350,images/image_437.jpg,images/image_413.jpg,0.07555395364761353
474,338,images/image_525.jpg,images/image_402.jpg,0.07556718587875366
196,316,images/image_275.jpg,images/image_383.jpg,0.07557278871536255
577,47,images/image_79.jpg,images/image_140.jpg,0.07561618089675903
502,558,images/image_550.jpg,images/image_61.jpg,0.07561802864074707
346,392,images/image_41.jpg,images/image_451.jpg,0.07561969757080078
196,281,images/image_275.jpg,images/image_351.jpg,0.07562518119812012
82,268,images/image_172.jpg,images/image_34.jpg,0.07562816143035889
286,373,images/image_356.jpg,images/image_434.jpg,0.07564699649810791
406,535,images/image_464.jpg,images/image_580.jpg,0.07566952705383301
42,19,images/image_136.jpg,images/image_115.jpg,0.07567828893661499
329,283,images/image_395.jpg,images/image_353.jpg,0.07569092512130737
310,243,images/image_378.jpg,images/image_317.jpg,0.07569420337677002
236,16,images/image_310.jpg,images/image_112.jpg,0.07569766044616699
455,148,images/image_508.jpg,images/image_231.jpg,0.07570910453796387
468,502,images/image_52.jpg,images/image_550.jpg,0.07571041584014893
414,491,images/image_471.jpg,images/image_540.jpg,0.07571619749069214
543,186,images/image_588.jpg,images/image_266.jpg,0.07572627067565918
558,203,images/image_61.jpg,images/image_281.jpg,0.07572996616363525
82,469,images/image_172.jpg,images/image_520.jpg,0.07577520608901978
232,261,images/image_307.jpg,images/image_333.jpg,0.07577550411224365
21,302,images/image_117.jpg,images/image_370.jpg,0.07580971717834473
93,16,images/image_182.jpg,images/image_112.jpg,0.07581740617752075
481,562,images/image_531.jpg,images/image_65.jpg,0.07582902908325195
518,386,images/image_565.jpg,images/image_446.jpg,0.0758436918258667
329,431,images/image_395.jpg,images/image_487.jpg,0.07584768533706665
310,413,images/image_378.jpg,images/image_470.jpg,0.07585632801055908
382,462,images/image_442.jpg,images/image_514.jpg,0.07586264610290527
346,478,images/image_41.jpg,images/image_529.jpg,0.07586908340454102
320,441,images/image_387.jpg,images/image_496.jpg,0.07587701082229614
142,0,images/image_226.jpg,images/image_0.jpg,0.0759272575378418
271,319,images/image_342.jpg,images/image_386.jpg,0.07595038414001465
506,370,images/image_554.jpg,images/image_431.jpg,0.0759577751159668
410,185,images/image_468.jpg,images/image_265.jpg,0.07595926523208618
269,283,images/image_340.jpg,images/image_353.jpg,0.07596337795257568
598,319,images/image_98.jpg,images/image_386.jpg,0.07597178220748901
8,444,images/image_105.jpg,images/image_499.jpg,0.07597553730010986
524,141,images/image_570.jpg,images/image_225.jpg,0.07599347829818726
238,544,images/image_312.jpg,images/image_589.jpg,0.0760003924369812
286,462,images/image_356.jpg,images/image_514.jpg,0.07604402303695679
312,317,images/image_38.jpg,images/image_384.jpg,0.07604986429214478
431,439,images/image_487.jpg,images/image_494.jpg,0.07605445384979248
455,127,images/image_508.jpg,images/image_212.jpg,0.07609313726425171
366,544,images/image_428.jpg,images/image_589.jpg,0.07609492540359497
452,91,images/image_505.jpg,images/image_180.jpg,0.07609641551971436
517,559,images/image_564.jpg,images/image_62.jpg,0.07610064744949341
530,561,images/image_576.jpg,images/image_64.jpg,0.07610297203063965
162,400,images/image_244.jpg,images/image_459.jpg,0.07611119747161865
431,269,images/image_487.jpg,images/image_340.jpg,0.07611411809921265
55,254,images/image_148.jpg,images/image_327.jpg,0.0761270523071289
116,406,images/image_202.jpg,images/image_464.jpg,0.07612895965576172
410,563,images/image_468.jpg,images/image_66.jpg,0.07614696025848389
268,544,images/image_34.jpg,images/image_589.jpg,0.07614701986312866
168,254,images/image_25.jpg,images/image_327.jpg,0.07615190744400024
176,451,images/image_257.jpg,images/image_504.jpg,0.0761573314666748
267,7,images/image_339.jpg,images/image_104.jpg,0.07616877555847168
317,539,images/image_384.jpg,images/image_584.jpg,0.07617008686065674
382,534,images/image_442.jpg,images/image_58.jpg,0.07617229223251343
439,67,images/image_494.jpg,images/image_159.jpg,0.07621604204177856
66,373,images/image_158.jpg,images/image_434.jpg,0.07622313499450684
519,588,images/image_566.jpg,images/image_89.jpg,0.07622641324996948
100,521,images/image_189.jpg,images/image_568.jpg,0.07622849941253662
552,187,images/image_596.jpg,images/image_267.jpg,0.07623982429504395
8,592,images/image_105.jpg,images/image_92.jpg,0.07624518871307373
254,367,images/image_327.jpg,images/image_429.jpg,0.07624906301498413
471,167,images/image_522.jpg,images/image_249.jpg,0.07625627517700195
314,320,images/image_381.jpg,images/image_387.jpg,0.07625937461853027
598,76,images/image_98.jpg,images/image_167.jpg,0.07626485824584961
558,470,images/image_61.jpg,images/image_521.jpg,0.07627326250076294
385,496,images/image_445.jpg,images/image_545.jpg,0.07627636194229126
458,32,images/image_510.jpg,images/image_127.jpg,0.07628536224365234
378,563,images/image_439.jpg,images/image_66.jpg,0.07629621028900146
82,357,images/image_172.jpg,images/image_42.jpg,0.07629752159118652
118,139,images/image_204.jpg,images/image_223.jpg,0.07631498575210571
329,6,images/image_395.jpg,images/image_103.jpg,0.07632368803024292
268,367,images/image_34.jpg,images/image_429.jpg,0.07633012533187866
343,165,images/image_407.jpg,images/image_247.jpg,0.07634109258651733
357,544,images/image_42.jpg,images/image_589.jpg,0.07634466886520386
286,534,images/image_356.jpg,images/image_58.jpg,0.07636696100234985
53,5,images/image_146.jpg,images/image_102.jpg,0.07639652490615845
329,23,images/image_395.jpg,images/image_119.jpg,0.07640421390533447
556,344,images/image_6.jpg,images/image_408.jpg,0.07640469074249268
562,67,images/image_65.jpg,images/image_159.jpg,0.0764126181602478
215,284,images/image_292.jpg,images/image_354.jpg,0.07642382383346558
323,452,images/image_39.jpg,images/image_505.jpg,0.07642495632171631
107,544,images/image_195.jpg,images/image_589.jpg,0.07648319005966187
410,414,images/image_468.jpg,images/image_471.jpg,0.07652747631072998
81,319,images/image_171.jpg,images/image_386.jpg,0.07655012607574463
424,492,images/image_480.jpg,images/image_541.jpg,0.07656961679458618
305,586,images/image_373.jpg,images/image_87.jpg,0.07657438516616821
439,23,images/image_494.jpg,images/image_119.jpg,0.07657700777053833
271,372,images/image_342.jpg,images/image_433.jpg,0.07658636569976807
66,462,images/image_158.jpg,images/image_514.jpg,0.07659143209457397
317,149,images/image_384.jpg,images/image_232.jpg,0.07660853862762451
531,71,images/image_577.jpg,images/image_162.jpg,0.07662433385848999
437,243,images/image_492.jpg,images/image_317.jpg,0.07664740085601807
524,95,images/image_570.jpg,images/image_184.jpg,0.07664942741394043
437,474,images/image_492.jpg,images/image_525.jpg,0.07665205001831055
42,281,images/image_136.jpg,images/image_351.jpg,0.07665252685546875
267,502,images/image_339.jpg,images/image_550.jpg,0.07665622234344482
105,382,images/image_193.jpg,images/image_442.jpg,0.07666122913360596
450,477,images/image_503.jpg,images/image_528.jpg,0.07667297124862671
132,375,images/image_217.jpg,images/image_436.jpg,0.07668530941009521
418,520,images/image_475.jpg,images/image_567.jpg,0.07671892642974854
310,490,images/image_378.jpg,images/image_54.jpg,0.0767202377319336
517,530,images/image_564.jpg,images/image_576.jpg,0.076724112033844
392,235,images/image_451.jpg,images/image_31.jpg,0.07672876119613647
456,246,images/image_509.jpg,images/image_32.jpg,0.07673144340515137
320,153,images/image_387.jpg,images/image_236.jpg,0.0767374038696289
496,92,images/image_545.jpg,images/image_181.jpg,0.07673811912536621
351,386,images/image_414.jpg,images/image_446.jpg,0.07673853635787964
577,502,images/image_79.jpg,images/image_550.jpg,0.0767601728439331
499,567,images/image_548.jpg,images/image_7.jpg,0.07681053876876831
376,416,images/image_437.jpg,images/image_473.jpg,0.07681405544281006
410,189,images/image_468.jpg,images/image_269.jpg,0.07683181762695312
81,5,images/image_171.jpg,images/image_102.jpg,0.07683414220809937
105,286,images/image_193.jpg,images/image_356.jpg,0.07684487104415894
125,7,images/image_210.jpg,images/image_104.jpg,0.07687562704086304
112,357,images/image_2.jpg,images/image_42.jpg,0.07688212394714355
107,112,images/image_195.jpg,images/image_2.jpg,0.07688450813293457
476,552,images/image_527.jpg,images/image_596.jpg,0.07688456773757935
118,124,images/image_204.jpg,images/image_21.jpg,0.07688671350479126
257,31,images/image_33.jpg,images/image_126.jpg,0.07689034938812256
533,121,images/image_579.jpg,images/image_207.jpg,0.07689845561981201
285,7,images/image_355.jpg,images/image_104.jpg,0.07690322399139404
348,400,images/image_411.jpg,images/image_459.jpg,0.07692277431488037
66,534,images/image_158.jpg,images/image_58.jpg,0.07693856954574585
552,149,images/image_596.jpg,images/image_232.jpg,0.07694971561431885
262,512,images/image_334.jpg,images/image_56.jpg,0.07696503400802612
316,538,images/image_383.jpg,images/image_583.jpg,0.07696950435638428
410,151,images/image_468.jpg,images/image_234.jpg,0.07697504758834839
550,43,images/image_594.jpg,images/image_137.jpg,0.07697737216949463
320,322,images/image_387.jpg,images/image_389.jpg,0.07699859142303467
388,552,images/image_448.jpg,images/image_596.jpg,0.07702600955963135
433,283,images/image_489.jpg,images/image_353.jpg,0.0770648717880249
579,458,images/image_80.jpg,images/image_510.jpg,0.07707065343856812
357,367,images/image_42.jpg,images/image_429.jpg,0.07710373401641846
252,576,images/image_325.jpg,images/image_78.jpg,0.0771247148513794
271,5,images/image_342.jpg,images/image_102.jpg,0.07712745666503906
320,430,images/image_387.jpg,images/image_486.jpg,0.07715040445327759
445,5,images/image_5.jpg,images/image_102.jpg,0.07717794179916382
577,189,images/image_79.jpg,images/image_269.jpg,0.07717853784561157
301,543,images/image_37.jpg,images/image_588.jpg,0.07718503475189209
445,76,images/image_5.jpg,images/image_167.jpg,0.07719302177429199
174,297,images/image_255.jpg,images/image_366.jpg,0.07719379663467407
461,440,images/image_513.jpg,images/image_495.jpg,0.07719755172729492
257,280,images/image_33.jpg,images/image_350.jpg,0.07720571756362915
508,263,images/image_556.jpg,images/image_335.jpg,0.07720649242401123
543,203,images/image_588.jpg,images/image_281.jpg,0.0772237777709961
21,185,images/image_117.jpg,images/image_265.jpg,0.077228844165802
433,431,images/image_489.jpg,images/image_487.jpg,0.07723033428192139
378,187,images/image_439.jpg,images/image_267.jpg,0.07725244760513306
305,316,images/image_373.jpg,images/image_383.jpg,0.07726097106933594
414,317,images/image_471.jpg,images/image_384.jpg,0.07726877927780151
178,250,images/image_259.jpg,images/image_323.jpg,0.07726907730102539
416,165,images/image_473.jpg,images/image_247.jpg,0.07728046178817749
125,502,images/image_210.jpg,images/image_550.jpg,0.07730305194854736
563,276,images/image_66.jpg,images/image_347.jpg,0.07730668783187866
582,166,images/image_83.jpg,images/image_248.jpg,0.0773131251335144
281,538,images/image_351.jpg,images/image_583.jpg,0.07732224464416504
543,127,images/image_588.jpg,images/image_212.jpg,0.07732272148132324
254,251,images/image_327.jpg,images/image_324.jpg,0.07735437154769897
42,445,images/image_136.jpg,images/image_5.jpg,0.07735532522201538
66,105,images/image_158.jpg,images/image_193.jpg,0.07736748456954956
323,413,images/image_39.jpg,images/image_470.jpg,0.07736778259277344
285,502,images/image_355.jpg,images/image_550.jpg,0.07737016677856445
593,279,images/image_93.jpg,images/image_35.jpg,0.0773729681968689
21,26,images/image_117.jpg,images/image_121.jpg,0.07738542556762695
284,0,images/image_354.jpg,images/image_0.jpg,0.07739925384521484
147,390,images/image_230.jpg,images/image_45.jpg,0.0774199366569519
346,350,images/image_41.jpg,images/image_413.jpg,0.07744824886322021
232,506,images/image_307.jpg,images/image_554.jpg,0.07746124267578125
21,414,images/image_117.jpg,images/image_471.jpg,0.07746922969818115
570,370,images/image_72.jpg,images/image_431.jpg,0.07748067378997803
437,260,images/image_492.jpg,images/image_332.jpg,0.07748985290527344
467,107,images/image_519.jpg,images/image_195.jpg,0.0774948000907898
100,106,images/image_189.jpg,images/image_194.jpg,0.0774984359741211
132,16,images/image_217.jpg,images/image_112.jpg,0.07752394676208496
281,5,images/image_351.jpg,images/image_102.jpg,0.07753205299377441
546,570,images/image_590.jpg,images/image_72.jpg,0.07754343748092651
236,375,images/image_310.jpg,images/image_436.jpg,0.07755261659622192
552,302,images/image_596.jpg,images/image_370.jpg,0.07758146524429321
281,76,images/image_351.jpg,images/image_167.jpg,0.07758492231369019
509,129,images/image_557.jpg,images/image_214.jpg,0.07758718729019165
416,347,images/image_473.jpg,images/image_410.jpg,0.0775955319404602
142,69,images/image_226.jpg,images/image_160.jpg,0.07759791612625122
499,58,images/image_548.jpg,images/image_150.jpg,0.07762223482131958
106,530,images/image_194.jpg,images/image_576.jpg,0.07762706279754639
400,561,images/image_459.jpg,images/image_64.jpg,0.0776444673538208
296,10,images/image_365.jpg,images/image_107.jpg,0.0776476263999939
365,344,images/image_427.jpg,images/image_408.jpg,0.07764893770217896
232,354,images/image_307.jpg,images/image_417.jpg,0.07765543460845947
579,37,images/image_80.jpg,images/image_131.jpg,0.07765913009643555
433,6,images/image_489.jpg,images/image_103.jpg,0.07766145467758179
428,159,images/image_484.jpg,images/image_241.jpg,0.07767069339752197
144,146,images/image_228.jpg,images/image_23.jpg,0.07767349481582642
543,502,images/image_588.jpg,images/image_550.jpg,0.07771134376525879
563,175,images/image_66.jpg,images/image_256.jpg,0.07771182060241699
499,362,images/image_548.jpg,images/image_424.jpg,0.07771259546279907
245,599,images/image_319.jpg,images/image_99.jpg,0.07771462202072144
508,77,images/image_556.jpg,images/image_168.jpg,0.07772547006607056
509,223,images/image_557.jpg,images/image_3.jpg,0.07773429155349731
405,71,images/image_463.jpg,images/image_162.jpg,0.07773929834365845
461,573,images/image_513.jpg,images/image_75.jpg,0.07774335145950317
441,592,images/image_496.jpg,images/image_92.jpg,0.0777471661567688
542,67,images/image_587.jpg,images/image_159.jpg,0.07775014638900757
513,556,images/image_560.jpg,images/image_6.jpg,0.07775372266769409
576,158,images/image_78.jpg,images/image_240.jpg,0.07775461673736572
424,401,images/image_480.jpg,images/image_46.jpg,0.07776421308517456
433,23,images/image_489.jpg,images/image_119.jpg,0.07776594161987305
576,129,images/image_78.jpg,images/image_214.jpg,0.07777702808380127
132,485,images/image_217.jpg,images/image_535.jpg,0.0777851939201355
416,349,images/image_473.jpg,images/image_412.jpg,0.0777938961982727
100,249,images/image_189.jpg,images/image_322.jpg,0.07779932022094727
181,19,images/image_261.jpg,images/image_115.jpg,0.07779949903488159
414,440,images/image_471.jpg,images/image_495.jpg,0.07783526182174683
340,582,images/image_404.jpg,images/image_83.jpg,0.07787084579467773
142,57,images/image_226.jpg,images/image_15.jpg,0.07787936925888062
356,496,images/image_419.jpg,images/image_545.jpg,0.07789033651351929
209,418,images/image_287.jpg,images/image_475.jpg,0.07790511846542358
208,97,images/image_286.jpg,images/image_186.jpg,0.0779109001159668
552,26,images/image_596.jpg,images/image_121.jpg,0.07791393995285034
53,319,images/image_146.jpg,images/image_386.jpg,0.07791680097579956
524,10,images/image_570.jpg,images/image_107.jpg,0.07792282104492188
378,476,images/image_439.jpg,images/image_527.jpg,0.0779237151145935
461,371,images/image_513.jpg,images/image_432.jpg,0.07794559001922607
461,577,images/image_513.jpg,images/image_79.jpg,0.07794559001922607
320,475,images/image_387.jpg,images/image_526.jpg,0.07800054550170898
88,130,images/image_178.jpg,images/image_215.jpg,0.0780029296875
316,53,images/image_383.jpg,images/image_146.jpg,0.07801002264022827
82,366,images/image_172.jpg,images/image_428.jpg,0.07801038026809692
162,246,images/image_244.jpg,images/image_32.jpg,0.07801175117492676
250,415,images/image_323.jpg,images/image_472.jpg,0.07801836729049683
21,49,images/image_117.jpg,images/image_142.jpg,0.07802802324295044
378,388,images/image_439.jpg,images/image_448.jpg,0.07803159952163696
52,221,images/image_145.jpg,images/image_298.jpg,0.07805901765823364
576,11,images/image_78.jpg,images/image_108.jpg,0.07807403802871704
132,549,images/image_217.jpg,images/image_593.jpg,0.0780792236328125
128,297,images/image_213.jpg,images/image_366.jpg,0.07808172702789307
305,281,images/image_373.jpg,images/image_351.jpg,0.07808685302734375
463,312,images/image_515.jpg,images/image_38.jpg,0.0780896544456482
14,47,images/image_110.jpg,images/image_140.jpg,0.07809418439865112
287,344,images/image_357.jpg,images/image_408.jpg,0.07810056209564209
191,410,images/image_270.jpg,images/image_468.jpg,0.07811176776885986
532,543,images/image_578.jpg,images/image_588.jpg,0.07812070846557617
177,19,images/image_258.jpg,images/image_115.jpg,0.078125
367,395,images/image_429.jpg,images/image_454.jpg,0.07812821865081787
597,107,images/image_97.jpg,images/image_195.jpg,0.07814627885818481
118,521,images/image_204.jpg,images/image_568.jpg,0.07818621397018433
357,467,images/image_42.jpg,images/image_519.jpg,0.07821780443191528
305,235,images/image_373.jpg,images/image_31.jpg,0.07821804285049438
323,490,images/image_39.jpg,images/image_54.jpg,0.07823258638381958
558,186,images/image_61.jpg,images/image_266.jpg,0.07823508977890015
301,328,images/image_37.jpg,images/image_394.jpg,0.07826310396194458
378,149,images/image_439.jpg,images/image_232.jpg,0.07826322317123413
556,571,images/image_6.jpg,images/image_73.jpg,0.07828044891357422
556,298,images/image_6.jpg,images/image_367.jpg,0.078280508518219
256,316,images/image_329.jpg,images/image_383.jpg,0.07828319072723389
508,542,images/image_556.jpg,images/image_587.jpg,0.0782850980758667
164,250,images/image_246.jpg,images/image_323.jpg,0.07832014560699463
456,223,images/image_509.jpg,images/image_3.jpg,0.07832175493240356
78,221,images/image_169.jpg,images/image_298.jpg,0.07833391427993774
483,312,images/image_533.jpg,images/image_38.jpg,0.07833868265151978
509,273,images/image_557.jpg,images/image_344.jpg,0.07835859060287476
416,79,images/image_473.jpg,images/image_17.jpg,0.07841372489929199
82,142,images/image_172.jpg,images/image_226.jpg,0.07841455936431885
532,71,images/image_578.jpg,images/image_162.jpg,0.07842499017715454
455,532,images/image_508.jpg,images/image_578.jpg,0.0784296989440918
93,428,images/image_182.jpg,images/image_484.jpg,0.07844072580337524
367,469,images/image_429.jpg,images/image_520.jpg,0.07845020294189453
264,83,images/image_336.jpg,images/image_173.jpg,0.07848095893859863
532,328,images/image_578.jpg,images/image_394.jpg,0.07850182056427002
436,561,images/image_491.jpg,images/image_64.jpg,0.07851874828338623
346,308,images/image_41.jpg,images/image_376.jpg,0.07854372262954712
348,246,images/image_411.jpg,images/image_32.jpg,0.07854735851287842
552,49,images/image_596.jpg,images/image_142.jpg,0.07854890823364258
445,319,images/image_5.jpg,images/image_386.jpg,0.07855135202407837
551,166,images/image_595.jpg,images/image_248.jpg,0.07862824201583862
435,521,images/image_490.jpg,images/image_568.jpg,0.07863038778305054
249,47,images/image_322.jpg,images/image_140.jpg,0.07869136333465576
366,367,images/image_428.jpg,images/image_429.jpg,0.07873094081878662
236,485,images/image_310.jpg,images/image_535.jpg,0.07873672246932983
236,428,images/image_310.jpg,images/image_484.jpg,0.07878756523132324
181,281,images/image_261.jpg,images/image_351.jpg,0.07882624864578247
256,586,images/image_329.jpg,images/image_87.jpg,0.07883107662200928
357,597,images/image_42.jpg,images/image_97.jpg,0.07884442806243896
517,400,images/image_564.jpg,images/image_459.jpg,0.07885056734085083
94,176,images/image_183.jpg,images/image_257.jpg,0.078868567943573
496,295,images/image_545.jpg,images/image_364.jpg,0.07888150215148926
509,400,images/image_557.jpg,images/image_459.jpg,0.07890462875366211
473,496,images/image_524.jpg,images/image_545.jpg,0.07890832424163818
297,544,images/image_366.jpg,images/image_589.jpg,0.07892096042633057
365,513,images/image_427.jpg,images/image_560.jpg,0.07895362377166748
305,445,images/image_373.jpg,images/image_5.jpg,0.07900416851043701
583,195,images/image_84.jpg,images/image_274.jpg,0.07901245355606079
531,576,images/image_577.jpg,images/image_78.jpg,0.07901883125305176
378,302,images/image_439.jpg,images/image_370.jpg,0.07902610301971436
460,263,images/image_512.jpg,images/image_335.jpg,0.07902836799621582
8,221,images/image_105.jpg,images/image_298.jpg,0.07905542850494385
521,186,images/image_568.jpg,images/image_266.jpg,0.07905811071395874
28,123,images/image_123.jpg,images/image_209.jpg,0.07906901836395264
563,108,images/image_66.jpg,images/image_196.jpg,0.07907068729400635
563,359,images/image_66.jpg,images/image_421.jpg,0.07907313108444214
284,69,images/image_354.jpg,images/image_160.jpg,0.07907664775848389
361,28,images/image_423.jpg,images/image_123.jpg,0.07907932996749878
142,251,images/image_226.jpg,images/image_324.jpg,0.0790906548500061
576,246,images/image_78.jpg,images/image_32.jpg,0.07909929752349854
441,509,images/image_496.jpg,images/image_557.jpg,0.07910847663879395
499,593,images/image_548.jpg,images/image_93.jpg,0.0791134238243103
236,549,images/image_310.jpg,images/image_593.jpg,0.07911550998687744
519,564,images/image_566.jpg,images/image_67.jpg,0.07913064956665039
284,57,images/image_354.jpg,images/image_15.jpg,0.07913661003112793
551,340,images/image_595.jpg,images/image_404.jpg,0.07916206121444702
599,3,images/image_99.jpg,images/image_100.jpg,0.0791621208190918
177,281,images/image_258.jpg,images/image_351.jpg,0.07916396856307983
521,148,images/image_568.jpg,images/image_231.jpg,0.07916802167892456
211,543,images/image_289.jpg,images/image_588.jpg,0.0792129635810852
376,567,images/image_437.jpg,images/image_7.jpg,0.07922971248626709
460,77,images/image_512.jpg,images/image_168.jpg,0.07923328876495361
176,303,images/image_257.jpg,images/image_371.jpg,0.07924038171768188
596,543,images/image_96.jpg,images/image_588.jpg,0.0792551040649414
296,576,images/image_365.jpg,images/image_78.jpg,0.07926076650619507
254,37,images/image_327.jpg,images/image_131.jpg,0.07928752899169922
150,420,images/image_233.jpg,images/image_477.jpg,0.07929205894470215
314,509,images/image_381.jpg,images/image_557.jpg,0.07930576801300049
365,571,images/image_427.jpg,images/image_73.jpg,0.0793071985244751
365,298,images/image_427.jpg,images/image_367.jpg,0.07930725812911987
468,374,images/image_52.jpg,images/image_435.jpg,0.07932233810424805
563,241,images/image_66.jpg,images/image_315.jpg,0.0793454647064209
481,263,images/image_531.jpg,images/image_335.jpg,0.07934892177581787
552,185,images/image_596.jpg,images/image_265.jpg,0.07935088872909546
88,206,images/image_178.jpg,images/image_284.jpg,0.07935982942581177
106,400,images/image_194.jpg,images/image_459.jpg,0.0793766975402832
239,19,images/image_313.jpg,images/image_115.jpg,0.07938086986541748
592,364,images/image_92.jpg,images/image_426.jpg,0.07938182353973389
256,281,images/image_329.jpg,images/image_351.jpg,0.07939422130584717
287,513,images/image_357.jpg,images/image_560.jpg,0.0794113278388977
552,414,images/image_596.jpg,images/image_471.jpg,0.07941246032714844
423,81,images/image_48.jpg,images/image_171.jpg,0.0794212818145752
509,201,images/image_557.jpg,images/image_28.jpg,0.07942628860473633
592,595,images/image_92.jpg,images/image_95.jpg,0.07943761348724365
599,83,images/image_99.jpg,images/image_173.jpg,0.0794404149055481
271,412,images/image_342.jpg,images/image_47.jpg,0.07944250106811523
399,474,images/image_458.jpg,images/image_525.jpg,0.07945150136947632
150,510,images/image_233.jpg,images/image_558.jpg,0.07946282625198364
102,364,images/image_190.jpg,images/image_426.jpg,0.07949715852737427
181,445,images/image_261.jpg,images/image_5.jpg,0.0794985294342041
252,10,images/image_325.jpg,images/image_107.jpg,0.07950836420059204
481,77,images/image_531.jpg,images/image_168.jpg,0.0795103907585144
299,325,images/image_368.jpg,images/image_391.jpg,0.07952010631561279
162,223,images/image_244.jpg,images/image_3.jpg,0.07953393459320068
249,233,images/image_322.jpg,images/image_308.jpg,0.07953763008117676
211,139,images/image_289.jpg,images/image_223.jpg,0.07955551147460938
8,550,images/image_105.jpg,images/image_594.jpg,0.07958787679672241
579,217,images/image_80.jpg,images/image_294.jpg,0.07962226867675781
142,215,images/image_226.jpg,images/image_292.jpg,0.07962661981582642
178,520,images/image_259.jpg,images/image_567.jpg,0.07962977886199951
88,472,images/image_178.jpg,images/image_523.jpg,0.07966196537017822
509,425,images/image_557.jpg,images/image_481.jpg,0.07966524362564087
527,28,images/image_573.jpg,images/image_123.jpg,0.07966989278793335
239,445,images/image_313.jpg,images/image_5.jpg,0.07968151569366455
232,570,images/image_307.jpg,images/image_72.jpg,0.07968497276306152
450,599,images/image_503.jpg,images/image_99.jpg,0.0797111988067627
509,595,images/image_557.jpg,images/image_95.jpg,0.0797203779220581
476,491,images/image_527.jpg,images/image_540.jpg,0.07973259687423706
422,337,images/image_479.jpg,images/image_401.jpg,0.07974457740783691
413,474,images/image_470.jpg,images/image_525.jpg,0.0797494649887085
413,243,images/image_470.jpg,images/image_317.jpg,0.07975131273269653
556,295,images/image_6.jpg,images/image_364.jpg,0.07975304126739502
287,298,images/image_357.jpg,images/image_367.jpg,0.07976639270782471
287,571,images/image_357.jpg,images/image_73.jpg,0.07976639270782471
553,400,images/image_597.jpg,images/image_459.jpg,0.07977175712585449
450,33,images/image_503.jpg,images/image_128.jpg,0.07979363203048706
150,449,images/image_233.jpg,images/image_502.jpg,0.07979732751846313
314,592,images/image_381.jpg,images/image_92.jpg,0.07979768514633179
405,166,images/image_463.jpg,images/image_248.jpg,0.07982021570205688
118,405,images/image_204.jpg,images/image_463.jpg,0.07982105016708374
177,445,images/image_258.jpg,images/image_5.jpg,0.07983118295669556
320,438,images/image_387.jpg,images/image_493.jpg,0.07983517646789551
558,127,images/image_61.jpg,images/image_212.jpg,0.07984030246734619
553,246,images/image_597.jpg,images/image_32.jpg,0.0798453688621521
82,212,images/image_172.jpg,images/image_29.jpg,0.07984888553619385
305,19,images/image_373.jpg,images/image_115.jpg,0.0798652172088623
499,409,images/image_548.jpg,images/image_467.jpg,0.0798991322517395
294,356,images/image_363.jpg,images/image_419.jpg,0.0799020528793335
509,138,images/image_557.jpg,images/image_222.jpg,0.07991635799407959
519,550,images/image_566.jpg,images/image_594.jpg,0.07991886138916016
551,71,images/image_595.jpg,images/image_162.jpg,0.07993662357330322
12,420,images/image_109.jpg,images/image_477.jpg,0.07996171712875366
576,425,images/image_78.jpg,images/image_481.jpg,0.07997888326644897
441,370,images/image_496.jpg,images/image_431.jpg,0.07998788356781006
78,592,images/image_169.jpg,images/image_92.jpg,0.07999086380004883
471,71,images/image_522.jpg,images/image_162.jpg,0.07999134063720703
288,356,images/image_358.jpg,images/image_419.jpg,0.07999324798583984
208,107,images/image_286.jpg,images/image_195.jpg,0.08000367879867554
376,362,images/image_437.jpg,images/image_424.jpg,0.08002376556396484
208,357,images/image_286.jpg,images/image_42.jpg,0.08004570007324219
301,558,images/image_37.jpg,images/image_61.jpg,0.0800466537475586
271,331,images/image_342.jpg,images/image_397.jpg,0.08004999160766602
343,347,images/image_407.jpg,images/image_410.jpg,0.08006584644317627
215,469,images/image_292.jpg,images/image_520.jpg,0.08008301258087158
106,435,images/image_194.jpg,images/image_490.jpg,0.08010035753250122
305,346,images/image_373.jpg,images/image_41.jpg,0.0801006555557251
348,223,images/image_411.jpg,images/image_3.jpg,0.08010435104370117
118,582,images/image_204.jpg,images/image_83.jpg,0.08010786771774292
12,510,images/image_109.jpg,images/image_558.jpg,0.0801323652267456
376,58,images/image_437.jpg,images/image_150.jpg,0.08015704154968262
422,317,images/image_479.jpg,images/image_384.jpg,0.08016085624694824
552,151,images/image_596.jpg,images/image_234.jpg,0.08019012212753296
343,29,images/image_407.jpg,images/image_124.jpg,0.08019781112670898
552,189,images/image_596.jpg,images/image_269.jpg,0.08021396398544312
211,328,images/image_289.jpg,images/image_394.jpg,0.08022910356521606
267,374,images/image_339.jpg,images/image_435.jpg,0.0802311897277832
215,395,images/image_292.jpg,images/image_454.jpg,0.08023834228515625
513,159,images/image_560.jpg,images/image_241.jpg,0.08024734258651733
335,423,images/image_40.jpg,images/image_48.jpg,0.08024817705154419
582,71,images/image_83.jpg,images/image_162.jpg,0.08025217056274414
399,243,images/image_458.jpg,images/image_317.jpg,0.08025473356246948
256,445,images/image_329.jpg,images/image_5.jpg,0.08028435707092285
521,127,images/image_568.jpg,images/image_212.jpg,0.0802869200706482
365,295,images/image_427.jpg,images/image_364.jpg,0.08031642436981201
292,390,images/image_361.jpg,images/image_45.jpg,0.0803254246711731
143,155,images/image_227.jpg,images/image_238.jpg,0.08032971620559692
264,450,images/image_336.jpg,images/image_503.jpg,0.08034282922744751
68,199,images/image_16.jpg,images/image_278.jpg,0.08034825325012207
335,165,images/image_40.jpg,images/image_247.jpg,0.08036118745803833
575,246,images/image_77.jpg,images/image_32.jpg,0.08036530017852783
592,153,images/image_92.jpg,images/image_236.jpg,0.08041083812713623
596,328,images/image_96.jpg,images/image_394.jpg,0.08042168617248535
82,238,images/image_172.jpg,images/image_312.jpg,0.08045190572738647
12,449,images/image_109.jpg,images/image_502.jpg,0.08045268058776855
445,53,images/image_5.jpg,images/image_146.jpg,0.080466628074646
245,524,images/image_319.jpg,images/image_570.jpg,0.08047521114349365
378,185,images/image_439.jpg,images/image_265.jpg,0.08047986030578613
82,284,images/image_172.jpg,images/image_354.jpg,0.0804818868637085
415,520,images/image_472.jpg,images/image_567.jpg,0.08050566911697388
132,274,images/image_217.jpg,images/image_345.jpg,0.0805121660232544
135,410,images/image_22.jpg,images/image_468.jpg,0.08053755760192871
212,367,images/image_29.jpg,images/image_429.jpg,0.08054625988006592
277,521,images/image_348.jpg,images/image_568.jpg,0.08055222034454346
182,420,images/image_262.jpg,images/image_477.jpg,0.08056050539016724
399,437,images/image_458.jpg,images/image_492.jpg,0.08056867122650146
123,294,images/image_209.jpg,images/image_363.jpg,0.08058983087539673
532,558,images/image_578.jpg,images/image_61.jpg,0.08063757419586182
517,246,images/image_564.jpg,images/image_32.jpg,0.08064091205596924
256,235,images/image_329.jpg,images/image_31.jpg,0.08064979314804077
463,107,images/image_515.jpg,images/image_195.jpg,0.08067107200622559
8,35,images/image_105.jpg,images/image_13.jpg,0.08069276809692383
494,7,images/image_543.jpg,images/image_104.jpg,0.08070778846740723
343,79,images/image_407.jpg,images/image_17.jpg,0.08070892095565796
439,460,images/image_494.jpg,images/image_512.jpg,0.08070904016494751
378,414,images/image_439.jpg,images/image_471.jpg,0.0807192325592041
496,298,images/image_545.jpg,images/image_367.jpg,0.08074849843978882
496,571,images/image_545.jpg,images/image_73.jpg,0.08074849843978882
262,539,images/image_334.jpg,images/image_584.jpg,0.08076894283294678
155,521,images/image_238.jpg,images/image_568.jpg,0.0807763934135437
301,139,images/image_37.jpg,images/image_223.jpg,0.08079224824905396
182,510,images/image_262.jpg,images/image_558.jpg,0.08079779148101807
513,13,images/image_560.jpg,images/image_11.jpg,0.08079856634140015
571,159,images/image_73.jpg,images/image_241.jpg,0.08080637454986572
132,428,images/image_217.jpg,images/image_484.jpg,0.08081042766571045
586,53,images/image_87.jpg,images/image_146.jpg,0.08081203699111938
575,223,images/image_77.jpg,images/image_3.jpg,0.0808175802230835
270,352,images/image_341.jpg,images/image_415.jpg,0.08081996440887451
589,337,images/image_9.jpg,images/image_401.jpg,0.08082246780395508
164,520,images/image_246.jpg,images/image_567.jpg,0.08087038993835449
558,148,images/image_61.jpg,images/image_231.jpg,0.08090013265609741
297,590,images/image_366.jpg,images/image_90.jpg,0.08092713356018066
100,561,images/image_189.jpg,images/image_64.jpg,0.08093702793121338
178,209,images/image_259.jpg,images/image_287.jpg,0.08094096183776855
125,374,images/image_210.jpg,images/image_435.jpg,0.08096390962600708
285,374,images/image_355.jpg,images/image_435.jpg,0.080982506275177
533,353,images/image_579.jpg,images/image_416.jpg,0.08102965354919434
294,361,images/image_363.jpg,images/image_423.jpg,0.08103305101394653
437,217,images/image_492.jpg,images/image_294.jpg,0.08105659484863281
366,112,images/image_428.jpg,images/image_2.jpg,0.0810651183128357
256,5,images/image_329.jpg,images/image_102.jpg,0.08108007907867432
294,527,images/image_363.jpg,images/image_573.jpg,0.08108007907867432
288,123,images/image_358.jpg,images/image_209.jpg,0.081088125705719
182,449,images/image_262.jpg,images/image_502.jpg,0.08109372854232788
494,502,images/image_543.jpg,images/image_550.jpg,0.08112627267837524
367,142,images/image_429.jpg,images/image_226.jpg,0.08113032579421997
519,35,images/image_566.jpg,images/image_13.jpg,0.08115893602371216
563,97,images/image_66.jpg,images/image_186.jpg,0.08115953207015991
571,13,images/image_73.jpg,images/image_11.jpg,0.08116775751113892
576,273,images/image_78.jpg,images/image_344.jpg,0.08117198944091797
238,367,images/image_312.jpg,images/image_429.jpg,0.08117634057998657
256,19,images/image_329.jpg,images/image_115.jpg,0.08119922876358032
18,88,images/image_114.jpg,images/image_178.jpg,0.08125114440917969
416,29,images/image_473.jpg,images/image_124.jpg,0.08126461505889893
518,337,images/image_565.jpg,images/image_401.jpg,0.08128434419631958
297,107,images/image_366.jpg,images/image_195.jpg,0.08128440380096436
551,118,images/image_595.jpg,images/image_204.jpg,0.08130109310150146
357,160,images/image_42.jpg,images/image_242.jpg,0.08132624626159668
218,234,images/image_295.jpg,images/image_309.jpg,0.08133995532989502
378,189,images/image_439.jpg,images/image_269.jpg,0.08134323358535767
532,10,images/image_578.jpg,images/image_107.jpg,0.08135807514190674
188,218,images/image_268.jpg,images/image_295.jpg,0.08136606216430664
239,316,images/image_313.jpg,images/image_383.jpg,0.08136945962905884
592,167,images/image_92.jpg,images/image_249.jpg,0.08136957883834839
257,349,images/image_33.jpg,images/image_412.jpg,0.08137190341949463
288,527,images/image_358.jpg,images/image_573.jpg,0.0813755989074707
106,277,images/image_194.jpg,images/image_348.jpg,0.0813981294631958
435,14,images/image_490.jpg,images/image_110.jpg,0.08140486478805542
444,519,images/image_499.jpg,images/image_566.jpg,0.08141189813613892
209,415,images/image_287.jpg,images/image_472.jpg,0.08142328262329102
357,463,images/image_42.jpg,images/image_515.jpg,0.08142447471618652
378,151,images/image_439.jpg,images/image_234.jpg,0.0814279317855835
417,10,images/image_474.jpg,images/image_107.jpg,0.08144867420196533
518,317,images/image_565.jpg,images/image_384.jpg,0.08148354291915894
282,352,images/image_352.jpg,images/image_415.jpg,0.08148813247680664
262,151,images/image_334.jpg,images/image_234.jpg,0.08150434494018555
530,553,images/image_576.jpg,images/image_597.jpg,0.0815201997756958
52,309,images/image_145.jpg,images/image_377.jpg,0.08153152465820312
236,274,images/image_310.jpg,images/image_345.jpg,0.0815386176109314
288,361,images/image_358.jpg,images/image_423.jpg,0.08154177665710449
542,442,images/image_587.jpg,images/image_497.jpg,0.08154982328414917
496,513,images/image_545.jpg,images/image_560.jpg,0.08155244588851929
164,209,images/image_246.jpg,images/image_287.jpg,0.08156108856201172
52,370,images/image_145.jpg,images/image_431.jpg,0.0815618634223938
239,281,images/image_313.jpg,images/image_351.jpg,0.08158504962921143
68,321,images/image_16.jpg,images/image_388.jpg,0.08158683776855469
376,593,images/image_437.jpg,images/image_93.jpg,0.08158838748931885
131,316,images/image_216.jpg,images/image_383.jpg,0.08160519599914551
424,526,images/image_480.jpg,images/image_572.jpg,0.08160853385925293
595,370,images/image_95.jpg,images/image_431.jpg,0.08163905143737793
439,207,images/image_494.jpg,images/image_285.jpg,0.08164364099502563
589,317,images/image_9.jpg,images/image_384.jpg,0.0816773772239685
212,112,images/image_29.jpg,images/image_2.jpg,0.08173251152038574
314,568,images/image_381.jpg,images/image_70.jpg,0.0817718505859375
314,484,images/image_381.jpg,images/image_534.jpg,0.0817718505859375
262,396,images/image_334.jpg,images/image_455.jpg,0.08179295063018799
155,275,images/image_238.jpg,images/image_346.jpg,0.08179616928100586
262,587,images/image_334.jpg,images/image_88.jpg,0.08180004358291626
476,440,images/image_527.jpg,images/image_495.jpg,0.0818331241607666
385,28,images/image_445.jpg,images/image_123.jpg,0.08184921741485596
521,532,images/image_568.jpg,images/image_578.jpg,0.08185070753097534
460,300,images/image_512.jpg,images/image_369.jpg,0.08185648918151855
132,448,images/image_217.jpg,images/image_501.jpg,0.08186626434326172
314,370,images/image_381.jpg,images/image_431.jpg,0.08188867568969727
264,43,images/image_336.jpg,images/image_137.jpg,0.08191031217575073
519,592,images/image_566.jpg,images/image_92.jpg,0.08191269636154175
208,479,images/image_286.jpg,images/image_53.jpg,0.08191776275634766
238,112,images/image_312.jpg,images/image_2.jpg,0.08196073770523071
483,107,images/image_533.jpg,images/image_195.jpg,0.08197629451751709
524,3,images/image_570.jpg,images/image_100.jpg,0.08198612928390503
357,297,images/image_42.jpg,images/image_366.jpg,0.08199352025985718
395,251,images/image_454.jpg,images/image_324.jpg,0.08202254772186279
211,509,images/image_289.jpg,images/image_557.jpg,0.08202826976776123
249,461,images/image_322.jpg,images/image_513.jpg,0.08204174041748047
52,497,images/image_145.jpg,images/image_546.jpg,0.08209824562072754
218,83,images/image_295.jpg,images/image_173.jpg,0.082103431224823
211,558,images/image_289.jpg,images/image_61.jpg,0.08211290836334229
553,405,images/image_597.jpg,images/image_463.jpg,0.08212578296661377
558,596,images/image_61.jpg,images/image_96.jpg,0.08213502168655396
64,111,images/image_156.jpg,images/image_199.jpg,0.08214092254638672
407,213,images/image_465.jpg,images/image_290.jpg,0.08214259147644043
143,402,images/image_227.jpg,images/image_460.jpg,0.08214384317398071
249,436,images/image_322.jpg,images/image_491.jpg,0.08216291666030884
560,389,images/image_63.jpg,images/image_449.jpg,0.0821681022644043
592,7,images/image_92.jpg,images/image_104.jpg,0.08219653367996216
351,337,images/image_414.jpg,images/image_401.jpg,0.08224481344223022
517,223,images/image_564.jpg,images/image_3.jpg,0.08227300643920898
559,575,images/image_62.jpg,images/image_77.jpg,0.08227378129959106
376,409,images/image_437.jpg,images/image_467.jpg,0.08227419853210449
268,112,images/image_34.jpg,images/image_2.jpg,0.08228075504302979
476,317,images/image_527.jpg,images/image_384.jpg,0.08232927322387695
351,317,images/image_414.jpg,images/image_384.jpg,0.08234918117523193
553,559,images/image_597.jpg,images/image_62.jpg,0.08235335350036621
208,219,images/image_286.jpg,images/image_296.jpg,0.08237814903259277
378,26,images/image_439.jpg,images/image_121.jpg,0.08238780498504639
496,344,images/image_545.jpg,images/image_408.jpg,0.08239907026290894
490,260,images/image_54.jpg,images/image_332.jpg,0.08242261409759521
52,458,images/image_145.jpg,images/image_510.jpg,0.08242648839950562
392,586,images/image_451.jpg,images/image_87.jpg,0.08243131637573242
211,124,images/image_289.jpg,images/image_21.jpg,0.08243197202682495
399,413,images/image_458.jpg,images/image_470.jpg,0.08246445655822754
410,26,images/image_468.jpg,images/image_121.jpg,0.08246779441833496
509,530,images/image_557.jpg,images/image_576.jpg,0.08247298002243042
256,319,images/image_329.jpg,images/image_386.jpg,0.08251255750656128
256,346,images/image_329.jpg,images/image_41.jpg,0.08256137371063232
490,103,images/image_54.jpg,images/image_191.jpg,0.08256542682647705
598,316,images/image_98.jpg,images/image_383.jpg,0.08260941505432129
594,138,images/image_94.jpg,images/image_222.jpg,0.08261501789093018
582,266,images/image_83.jpg,images/image_338.jpg,0.08264565467834473
596,139,images/image_96.jpg,images/image_223.jpg,0.08266937732696533
155,575,images/image_238.jpg,images/image_77.jpg,0.08270269632339478
553,139,images/image_597.jpg,images/image_223.jpg,0.08272331953048706
439,481,images/image_494.jpg,images/image_531.jpg,0.08275163173675537
357,483,images/image_42.jpg,images/image_533.jpg,0.08275985717773438
484,71,images/image_534.jpg,images/image_162.jpg,0.08278423547744751
568,71,images/image_70.jpg,images/image_162.jpg,0.08278423547744751
236,448,images/image_310.jpg,images/image_501.jpg,0.08282393217086792
553,223,images/image_597.jpg,images/image_3.jpg,0.08285152912139893
533,21,images/image_579.jpg,images/image_117.jpg,0.08286070823669434
208,45,images/image_286.jpg,images/image_139.jpg,0.08287644386291504
68,290,images/image_16.jpg,images/image_36.jpg,0.08290094137191772
478,41,images/image_529.jpg,images/image_135.jpg,0.08292901515960693
490,243,images/image_54.jpg,images/image_317.jpg,0.08293265104293823
145,186,images/image_229.jpg,images/image_266.jpg,0.08293753862380981
20,436,images/image_116.jpg,images/image_491.jpg,0.08294045925140381
590,597,images/image_90.jpg,images/image_97.jpg,0.082943856716156
490,474,images/image_54.jpg,images/image_525.jpg,0.08295536041259766
469,0,images/image_520.jpg,images/image_0.jpg,0.08297473192214966
476,371,images/image_527.jpg,images/image_432.jpg,0.08297604322433472
476,577,images/image_527.jpg,images/image_79.jpg,0.08297604322433472
399,217,images/image_458.jpg,images/image_294.jpg,0.08300513029098511
378,49,images/image_439.jpg,images/image_142.jpg,0.08301699161529541
410,49,images/image_468.jpg,images/image_142.jpg,0.08302927017211914
576,223,images/image_78.jpg,images/image_3.jpg,0.08304250240325928
479,112,images/image_53.jpg,images/image_2.jpg,0.08305740356445312
594,201,images/image_94.jpg,images/image_28.jpg,0.08308088779449463
471,402,images/image_522.jpg,images/image_460.jpg,0.0830991268157959
99,111,images/image_188.jpg,images/image_199.jpg,0.083102285861969
275,246,images/image_346.jpg,images/image_32.jpg,0.08311253786087036
211,405,images/image_289.jpg,images/image_463.jpg,0.08312034606933594
533,429,images/image_579.jpg,images/image_485.jpg,0.08313918113708496
262,414,images/image_334.jpg,images/image_471.jpg,0.083141028881073
284,367,images/image_354.jpg,images/image_429.jpg,0.08314967155456543
524,83,images/image_570.jpg,images/image_173.jpg,0.0831497311592102
490,560,images/image_54.jpg,images/image_63.jpg,0.08318877220153809
582,377,images/image_83.jpg,images/image_438.jpg,0.08320504426956177
424,205,images/image_480.jpg,images/image_283.jpg,0.08321905136108398
262,260,images/image_334.jpg,images/image_332.jpg,0.08326441049575806
551,553,images/image_595.jpg,images/image_597.jpg,0.08330321311950684
198,218,images/image_277.jpg,images/image_295.jpg,0.08332091569900513
469,251,images/image_520.jpg,images/image_324.jpg,0.08332359790802002
450,524,images/image_503.jpg,images/image_570.jpg,0.08334434032440186
262,185,images/image_334.jpg,images/image_265.jpg,0.08338189125061035
411,208,images/image_469.jpg,images/image_286.jpg,0.08339601755142212
275,223,images/image_346.jpg,images/image_3.jpg,0.08340424299240112
325,333,images/image_391.jpg,images/image_399.jpg,0.08341836929321289
560,573,images/image_63.jpg,images/image_75.jpg,0.08344393968582153
533,552,images/image_579.jpg,images/image_596.jpg,0.0834454894065857
436,455,images/image_491.jpg,images/image_508.jpg,0.08346110582351685
262,189,images/image_334.jpg,images/image_269.jpg,0.08348333835601807
576,35,images/image_78.jpg,images/image_13.jpg,0.08350425958633423
568,595,images/image_70.jpg,images/image_95.jpg,0.08351153135299683
595,484,images/image_95.jpg,images/image_534.jpg,0.08351171016693115
597,9,images/image_97.jpg,images/image_106.jpg,0.08352440595626831
221,519,images/image_298.jpg,images/image_566.jpg,0.08352446556091309
576,400,images/image_78.jpg,images/image_459.jpg,0.0835639238357544
215,254,images/image_292.jpg,images/image_327.jpg,0.08357346057891846
399,490,images/image_458.jpg,images/image_54.jpg,0.0835772156715393
435,561,images/image_490.jpg,images/image_64.jpg,0.08364737033843994
52,550,images/image_145.jpg,images/image_594.jpg,0.08364886045455933
211,582,images/image_289.jpg,images/image_83.jpg,0.08365780115127563
597,384,images/image_97.jpg,images/image_444.jpg,0.0837661623954773
356,28,images/image_419.jpg,images/image_123.jpg,0.08377259969711304
301,124,images/image_37.jpg,images/image_21.jpg,0.08381527662277222
236,152,images/image_310.jpg,images/image_235.jpg,0.08381956815719604
301,509,images/image_37.jpg,images/image_557.jpg,0.0838310718536377
355,112,images/image_418.jpg,images/image_2.jpg,0.08389067649841309
541,138,images/image_586.jpg,images/image_222.jpg,0.08389639854431152
25,14,images/image_120.jpg,images/image_110.jpg,0.0839076042175293
553,582,images/image_597.jpg,images/image_83.jpg,0.08391773700714111
579,251,images/image_80.jpg,images/image_324.jpg,0.08394086360931396
366,467,images/image_428.jpg,images/image_519.jpg,0.08396774530410767
467,590,images/image_519.jpg,images/image_90.jpg,0.08397060632705688
545,138,images/image_59.jpg,images/image_222.jpg,0.08397960662841797
406,572,images/image_464.jpg,images/image_74.jpg,0.08400368690490723
592,502,images/image_92.jpg,images/image_550.jpg,0.08401411771774292
395,37,images/image_454.jpg,images/image_131.jpg,0.08403444290161133
375,466,images/image_436.jpg,images/image_518.jpg,0.08404695987701416
218,450,images/image_295.jpg,images/image_503.jpg,0.08407145738601685
304,325,images/image_372.jpg,images/image_391.jpg,0.08407443761825562
551,266,images/image_595.jpg,images/image_338.jpg,0.08408910036087036
481,300,images/image_531.jpg,images/image_369.jpg,0.08409738540649414
597,2,images/image_97.jpg,images/image_10.jpg,0.08412027359008789
552,9,images/image_596.jpg,images/image_106.jpg,0.08412468433380127
552,2,images/image_596.jpg,images/image_10.jpg,0.08415049314498901
357,386,images/image_42.jpg,images/image_446.jpg,0.08417141437530518
575,118,images/image_77.jpg,images/image_204.jpg,0.08418822288513184
541,201,images/image_586.jpg,images/image_28.jpg,0.08419811725616455
441,484,images/image_496.jpg,images/image_534.jpg,0.08419883251190186
441,568,images/image_496.jpg,images/image_70.jpg,0.08419883251190186
473,28,images/image_524.jpg,images/image_123.jpg,0.08420324325561523
335,347,images/image_40.jpg,images/image_410.jpg,0.08423465490341187
552,180,images/image_596.jpg,images/image_260.jpg,0.0842357873916626
597,180,images/image_97.jpg,images/image_260.jpg,0.0842369794845581
464,564,images/image_516.jpg,images/image_67.jpg,0.08426982164382935
561,118,images/image_64.jpg,images/image_204.jpg,0.08427852392196655
482,112,images/image_532.jpg,images/image_2.jpg,0.08428406715393066
501,583,images/image_55.jpg,images/image_84.jpg,0.08432626724243164
366,208,images/image_428.jpg,images/image_286.jpg,0.08433002233505249
545,201,images/image_59.jpg,images/image_28.jpg,0.0843401551246643
264,71,images/image_336.jpg,images/image_162.jpg,0.08434396982192993
305,5,images/image_373.jpg,images/image_102.jpg,0.08435177803039551
598,281,images/image_98.jpg,images/image_351.jpg,0.08437764644622803
25,275,images/image_120.jpg,images/image_346.jpg,0.08439004421234131
529,409,images/image_575.jpg,images/image_467.jpg,0.0844426155090332
262,302,images/image_334.jpg,images/image_370.jpg,0.08445978164672852
552,590,images/image_596.jpg,images/image_90.jpg,0.08447623252868652
301,405,images/image_37.jpg,images/image_463.jpg,0.08447706699371338
268,467,images/image_34.jpg,images/image_519.jpg,0.08447957038879395
417,258,images/image_474.jpg,images/image_330.jpg,0.08449172973632812
597,24,images/image_97.jpg,images/image_12.jpg,0.08450949192047119
445,131,images/image_5.jpg,images/image_216.jpg,0.08451193571090698
291,271,images/image_360.jpg,images/image_342.jpg,0.084514319896698
46,436,images/image_14.jpg,images/image_491.jpg,0.08452308177947998
590,21,images/image_90.jpg,images/image_117.jpg,0.08452904224395752
489,389,images/image_539.jpg,images/image_449.jpg,0.08452928066253662
411,112,images/image_469.jpg,images/image_2.jpg,0.08453881740570068
467,9,images/image_519.jpg,images/image_106.jpg,0.08454108238220215
335,29,images/image_40.jpg,images/image_124.jpg,0.08454471826553345
169,406,images/image_250.jpg,images/image_464.jpg,0.08455896377563477
399,389,images/image_458.jpg,images/image_449.jpg,0.0845797061920166
102,199,images/image_190.jpg,images/image_278.jpg,0.084583580493927
88,144,images/image_178.jpg,images/image_228.jpg,0.08458918333053589
366,597,images/image_428.jpg,images/image_97.jpg,0.0845949649810791
20,100,images/image_116.jpg,images/image_189.jpg,0.08461213111877441
551,377,images/image_595.jpg,images/image_438.jpg,0.0846177339553833
406,435,images/image_464.jpg,images/image_490.jpg,0.0846739411354065
560,577,images/image_63.jpg,images/image_79.jpg,0.08468085527420044
560,371,images/image_63.jpg,images/image_432.jpg,0.08468085527420044
596,124,images/image_96.jpg,images/image_21.jpg,0.08468091487884521
469,69,images/image_520.jpg,images/image_160.jpg,0.0846935510635376
483,590,images/image_533.jpg,images/image_90.jpg,0.08470439910888672
559,509,images/image_62.jpg,images/image_557.jpg,0.08472460508346558
275,559,images/image_346.jpg,images/image_62.jpg,0.08473676443099976
467,384,images/image_519.jpg,images/image_444.jpg,0.08474206924438477
106,118,images/image_194.jpg,images/image_204.jpg,0.08474963903427124
555,208,images/image_599.jpg,images/image_286.jpg,0.08476990461349487
211,551,images/image_289.jpg,images/image_595.jpg,0.08477902412414551
508,409,images/image_556.jpg,images/image_467.jpg,0.0847819447517395
277,561,images/image_348.jpg,images/image_64.jpg,0.08478552103042603
507,391,images/image_555.jpg,images/image_450.jpg,0.08480525016784668
264,322,images/image_336.jpg,images/image_389.jpg,0.08482444286346436
322,477,images/image_389.jpg,images/image_528.jpg,0.08482611179351807
535,16,images/image_580.jpg,images/image_112.jpg,0.08483761548995972
597,457,images/image_97.jpg,images/image_51.jpg,0.0848534107208252
447,454,images/image_500.jpg,images/image_507.jpg,0.08485513925552368
550,576,images/image_594.jpg,images/image_78.jpg,0.08489644527435303
560,413,images/image_63.jpg,images/image_470.jpg,0.08489841222763062
533,345,images/image_579.jpg,images/image_409.jpg,0.08489871025085449
494,374,images/image_543.jpg,images/image_435.jpg,0.08490550518035889
93,375,images/image_182.jpg,images/image_436.jpg,0.08492845296859741
579,471,images/image_80.jpg,images/image_522.jpg,0.08492958545684814
447,580,images/image_500.jpg,images/image_81.jpg,0.0849495530128479
341,402,images/image_405.jpg,images/image_460.jpg,0.08495980501174927
145,127,images/image_229.jpg,images/image_212.jpg,0.08496177196502686
335,79,images/image_40.jpg,images/image_17.jpg,0.08497649431228638
301,582,images/image_37.jpg,images/image_83.jpg,0.08498471975326538
454,548,images/image_507.jpg,images/image_592.jpg,0.08498489856719971
212,208,images/image_29.jpg,images/image_286.jpg,0.08500313758850098
15,341,images/image_111.jpg,images/image_405.jpg,0.08500516414642334
530,575,images/image_576.jpg,images/image_77.jpg,0.0850135087966919
169,275,images/image_250.jpg,images/image_346.jpg,0.08501547574996948
111,459,images/image_199.jpg,images/image_511.jpg,0.08502370119094849
145,148,images/image_229.jpg,images/image_231.jpg,0.08503913879394531
355,208,images/image_418.jpg,images/image_286.jpg,0.08504217863082886
560,437,images/image_63.jpg,images/image_492.jpg,0.08504664897918701
469,57,images/image_520.jpg,images/image_15.jpg,0.0850573182106018
548,580,images/image_592.jpg,images/image_81.jpg,0.08506804704666138
42,316,images/image_136.jpg,images/image_383.jpg,0.08508533239364624
542,567,images/image_587.jpg,images/image_7.jpg,0.08508795499801636
30,514,images/image_125.jpg,images/image_561.jpg,0.08509767055511475
536,27,images/image_581.jpg,images/image_122.jpg,0.08509939908981323
394,391,images/image_453.jpg,images/image_450.jpg,0.08510041236877441
467,2,images/image_519.jpg,images/image_10.jpg,0.08513033390045166
254,358,images/image_327.jpg,images/image_420.jpg,0.0851365327835083
525,138,images/image_571.jpg,images/image_222.jpg,0.08513784408569336
78,550,images/image_169.jpg,images/image_594.jpg,0.0851392149925232
106,155,images/image_194.jpg,images/image_238.jpg,0.08513951301574707
268,597,images/image_34.jpg,images/image_97.jpg,0.08517670631408691
358,469,images/image_420.jpg,images/image_520.jpg,0.08518695831298828
555,21,images/image_599.jpg,images/image_117.jpg,0.0852014422416687
583,171,images/image_84.jpg,images/image_252.jpg,0.08522200584411621
455,100,images/image_508.jpg,images/image_189.jpg,0.08524739742279053
467,180,images/image_519.jpg,images/image_260.jpg,0.08525043725967407
238,208,images/image_312.jpg,images/image_286.jpg,0.08525329828262329
224,564,images/image_30.jpg,images/image_67.jpg,0.08526217937469482
483,9,images/image_533.jpg,images/image_106.jpg,0.08528226613998413
234,264,images/image_309.jpg,images/image_336.jpg,0.08530557155609131
563,514,images/image_66.jpg,images/image_561.jpg,0.08530843257904053
393,454,images/image_452.jpg,images/image_507.jpg,0.08530992269515991
592,374,images/image_92.jpg,images/image_435.jpg,0.08533293008804321
507,306,images/image_555.jpg,images/image_374.jpg,0.08534741401672363
583,179,images/image_84.jpg,images/image_26.jpg,0.08536839485168457
445,598,images/image_5.jpg,images/image_98.jpg,0.08537757396697998
245,83,images/image_319.jpg,images/image_173.jpg,0.08538150787353516
393,580,images/image_452.jpg,images/image_81.jpg,0.08539760112762451
525,201,images/image_571.jpg,images/image_28.jpg,0.08540564775466919
188,264,images/image_268.jpg,images/image_336.jpg,0.08540809154510498
490,38,images/image_54.jpg,images/image_132.jpg,0.0854114294052124
482,208,images/image_532.jpg,images/image_286.jpg,0.08541792631149292
542,409,images/image_587.jpg,images/image_467.jpg,0.08541929721832275
553,258,images/image_597.jpg,images/image_330.jpg,0.08542019128799438
221,464,images/image_298.jpg,images/image_516.jpg,0.08545070886611938
275,572,images/image_346.jpg,images/image_74.jpg,0.08545917272567749
466,485,images/image_518.jpg,images/image_535.jpg,0.0854756236076355
467,24,images/image_519.jpg,images/image_12.jpg,0.08548229932785034
264,430,images/image_336.jpg,images/image_486.jpg,0.08548521995544434
155,561,images/image_238.jpg,images/image_64.jpg,0.08550047874450684
410,2,images/image_468.jpg,images/image_10.jpg,0.08550155162811279
410,9,images/image_468.jpg,images/image_106.jpg,0.08550691604614258
268,208,images/image_34.jpg,images/image_286.jpg,0.08550775051116943
212,467,images/image_29.jpg,images/image_519.jpg,0.08551490306854248
563,297,images/image_66.jpg,images/image_366.jpg,0.08551853895187378
218,322,images/image_295.jpg,images/image_389.jpg,0.08552449941635132
593,442,images/image_93.jpg,images/image_497.jpg,0.08553498983383179
410,180,images/image_468.jpg,images/image_260.jpg,0.08555382490158081
346,53,images/image_41.jpg,images/image_146.jpg,0.08556342124938965
489,490,images/image_539.jpg,images/image_54.jpg,0.08559322357177734
348,584,images/image_411.jpg,images/image_85.jpg,0.0855940580368042
508,593,images/image_556.jpg,images/image_93.jpg,0.08559525012969971
116,16,images/image_202.jpg,images/image_112.jpg,0.08561509847640991
561,186,images/image_64.jpg,images/image_266.jpg,0.0856163501739502
85,447,images/image_175.jpg,images/image_500.jpg,0.0856173038482666
508,58,images/image_556.jpg,images/image_150.jpg,0.08561748266220093
146,313,images/image_23.jpg,images/image_380.jpg,0.08564507961273193
561,148,images/image_64.jpg,images/image_231.jpg,0.08564841747283936
262,149,images/image_334.jpg,images/image_232.jpg,0.08565276861190796
430,477,images/image_486.jpg,images/image_528.jpg,0.08568030595779419
496,549,images/image_545.jpg,images/image_593.jpg,0.08572304248809814
221,224,images/image_298.jpg,images/image_30.jpg,0.08572477102279663
257,165,images/image_33.jpg,images/image_247.jpg,0.08573257923126221
583,242,images/image_84.jpg,images/image_316.jpg,0.08574724197387695
85,548,images/image_175.jpg,images/image_592.jpg,0.08574867248535156
394,306,images/image_453.jpg,images/image_374.jpg,0.08575946092605591
161,262,images/image_243.jpg,images/image_334.jpg,0.0857744812965393
238,467,images/image_312.jpg,images/image_519.jpg,0.0858149528503418
467,457,images/image_519.jpg,images/image_51.jpg,0.08583015203475952
305,319,images/image_373.jpg,images/image_386.jpg,0.08583515882492065
305,76,images/image_373.jpg,images/image_167.jpg,0.08587229251861572
483,2,images/image_533.jpg,images/image_10.jpg,0.08588367700576782
553,599,images/image_597.jpg,images/image_99.jpg,0.08589184284210205
469,37,images/image_520.jpg,images/image_131.jpg,0.08589476346969604
284,251,images/image_354.jpg,images/image_324.jpg,0.0859021544456482
104,447,images/image_192.jpg,images/image_500.jpg,0.0859113335609436
555,112,images/image_599.jpg,images/image_2.jpg,0.08591693639755249
410,590,images/image_468.jpg,images/image_90.jpg,0.08592545986175537
360,391,images/image_422.jpg,images/image_450.jpg,0.08592754602432251
264,475,images/image_336.jpg,images/image_526.jpg,0.08592844009399414
424,338,images/image_480.jpg,images/image_402.jpg,0.08594745397567749
155,436,images/image_238.jpg,images/image_491.jpg,0.08594918251037598
475,477,images/image_526.jpg,images/image_528.jpg,0.08595526218414307
348,480,images/image_411.jpg,images/image_530.jpg,0.08596664667129517
375,496,images/image_436.jpg,images/image_545.jpg,0.08597224950790405
483,180,images/image_533.jpg,images/image_260.jpg,0.08598434925079346
483,384,images/image_533.jpg,images/image_444.jpg,0.08601796627044678
593,67,images/image_93.jpg,images/image_159.jpg,0.08602660894393921
104,548,images/image_192.jpg,images/image_592.jpg,0.08604907989501953
553,524,images/image_597.jpg,images/image_570.jpg,0.08605313301086426
407,65,images/image_465.jpg,images/image_157.jpg,0.08605563640594482
407,507,images/image_465.jpg,images/image_555.jpg,0.08605575561523438
586,131,images/image_87.jpg,images/image_216.jpg,0.08607226610183716
228,567,images/image_303.jpg,images/image_7.jpg,0.08607321977615356
228,409,images/image_303.jpg,images/image_467.jpg,0.08607465028762817
85,393,images/image_175.jpg,images/image_452.jpg,0.08607500791549683
579,446,images/image_80.jpg,images/image_50.jpg,0.08607602119445801
441,458,images/image_496.jpg,images/image_510.jpg,0.08610361814498901
542,362,images/image_587.jpg,images/image_424.jpg,0.08611398935317993
466,549,images/image_518.jpg,images/image_593.jpg,0.08612865209579468
212,597,images/image_29.jpg,images/image_97.jpg,0.08615416288375854
485,496,images/image_535.jpg,images/image_545.jpg,0.08616280555725098
301,551,images/image_37.jpg,images/image_595.jpg,0.08619189262390137
507,332,images/image_555.jpg,images/image_398.jpg,0.08620262145996094
320,509,images/image_387.jpg,images/image_557.jpg,0.08620840311050415
477,43,images/image_528.jpg,images/image_137.jpg,0.08621352910995483
46,100,images/image_14.jpg,images/image_189.jpg,0.08622366189956665
552,555,images/image_596.jpg,images/image_599.jpg,0.0862320065498352
450,95,images/image_503.jpg,images/image_184.jpg,0.08623331785202026
552,297,images/image_596.jpg,images/image_366.jpg,0.08624917268753052
369,348,images/image_430.jpg,images/image_411.jpg,0.08627009391784668
390,521,images/image_45.jpg,images/image_568.jpg,0.08627921342849731
78,35,images/image_169.jpg,images/image_13.jpg,0.08627980947494507
93,485,images/image_182.jpg,images/image_535.jpg,0.08629661798477173
596,405,images/image_96.jpg,images/image_463.jpg,0.0863105058670044
218,430,images/image_295.jpg,images/image_486.jpg,0.08632469177246094
190,320,images/image_27.jpg,images/image_387.jpg,0.08632570505142212
106,186,images/image_194.jpg,images/image_266.jpg,0.0863351821899414
546,35,images/image_590.jpg,images/image_13.jpg,0.08634847402572632
546,550,images/image_590.jpg,images/image_594.jpg,0.0863524079322815
104,393,images/image_192.jpg,images/image_452.jpg,0.08637386560440063
571,28,images/image_73.jpg,images/image_123.jpg,0.08640050888061523
450,141,images/image_503.jpg,images/image_225.jpg,0.08640360832214355
102,321,images/image_190.jpg,images/image_388.jpg,0.086422860622406
238,597,images/image_312.jpg,images/image_97.jpg,0.08643054962158203
490,163,images/image_54.jpg,images/image_245.jpg,0.08643746376037598
407,173,images/image_465.jpg,images/image_254.jpg,0.08644640445709229
394,407,images/image_453.jpg,images/image_465.jpg,0.08645075559616089
355,337,images/image_418.jpg,images/image_401.jpg,0.08646130561828613
598,19,images/image_98.jpg,images/image_115.jpg,0.08646470308303833
586,598,images/image_87.jpg,images/image_98.jpg,0.08652001619338989
394,332,images/image_453.jpg,images/image_398.jpg,0.08652734756469727
508,567,images/image_556.jpg,images/image_7.jpg,0.08654683828353882
560,440,images/image_63.jpg,images/image_495.jpg,0.08655673265457153
360,306,images/image_422.jpg,images/image_374.jpg,0.08657848834991455
218,475,images/image_295.jpg,images/image_526.jpg,0.08664578199386597
254,573,images/image_327.jpg,images/image_75.jpg,0.08665066957473755
529,362,images/image_575.jpg,images/image_424.jpg,0.08665657043457031
248,81,images/image_321.jpg,images/image_171.jpg,0.08665794134140015
155,100,images/image_238.jpg,images/image_189.jpg,0.08666163682937622
567,442,images/image_7.jpg,images/image_497.jpg,0.08666872978210449
262,476,images/image_334.jpg,images/image_527.jpg,0.08668160438537598
262,398,images/image_334.jpg,images/image_457.jpg,0.08669376373291016
553,592,images/image_597.jpg,images/image_92.jpg,0.08671265840530396
254,577,images/image_327.jpg,images/image_79.jpg,0.08672207593917847
254,371,images/image_327.jpg,images/image_432.jpg,0.08672207593917847
378,9,images/image_439.jpg,images/image_106.jpg,0.08672541379928589
264,438,images/image_336.jpg,images/image_493.jpg,0.08673596382141113
378,2,images/image_439.jpg,images/image_10.jpg,0.08673745393753052
553,370,images/image_597.jpg,images/image_431.jpg,0.08675122261047363
169,14,images/image_250.jpg,images/image_110.jpg,0.0867542028427124
561,127,images/image_64.jpg,images/image_212.jpg,0.08675515651702881
582,596,images/image_83.jpg,images/image_96.jpg,0.08676618337631226
355,386,images/image_418.jpg,images/image_446.jpg,0.08678066730499268
575,400,images/image_77.jpg,images/image_459.jpg,0.08682125806808472
275,118,images/image_346.jpg,images/image_204.jpg,0.0868268609046936
549,93,images/image_593.jpg,images/image_182.jpg,0.08683115243911743
214,402,images/image_291.jpg,images/image_460.jpg,0.0868537425994873
218,43,images/image_295.jpg,images/image_137.jpg,0.08686864376068115
597,192,images/image_97.jpg,images/image_271.jpg,0.08686947822570801
483,24,images/image_533.jpg,images/image_12.jpg,0.08688485622406006
46,124,images/image_14.jpg,images/image_21.jpg,0.08690309524536133
277,20,images/image_348.jpg,images/image_116.jpg,0.0869031548500061
579,370,images/image_80.jpg,images/image_431.jpg,0.08690446615219116
590,160,images/image_90.jpg,images/image_242.jpg,0.08690530061721802
245,33,images/image_319.jpg,images/image_128.jpg,0.08691012859344482
232,564,images/image_307.jpg,images/image_67.jpg,0.08693104982376099
552,50,images/image_596.jpg,images/image_143.jpg,0.08693420886993408
555,410,images/image_599.jpg,images/image_468.jpg,0.08695352077484131
228,362,images/image_303.jpg,images/image_424.jpg,0.08696001768112183
438,477,images/image_493.jpg,images/image_528.jpg,0.08697652816772461
419,470,images/image_476.jpg,images/image_521.jpg,0.08701092004776001
245,450,images/image_319.jpg,images/image_503.jpg,0.08701574802398682
567,67,images/image_7.jpg,images/image_159.jpg,0.08703702688217163
552,45,images/image_596.jpg,images/image_139.jpg,0.08705484867095947
366,160,images/image_428.jpg,images/image_242.jpg,0.08708781003952026
542,58,images/image_587.jpg,images/image_150.jpg,0.08709716796875
590,378,images/image_90.jpg,images/image_439.jpg,0.0871056318283081
516,391,images/image_563.jpg,images/image_450.jpg,0.08710730075836182
291,1,images/image_360.jpg,images/image_1.jpg,0.08711427450180054
25,575,images/image_120.jpg,images/image_77.jpg,0.08714735507965088
366,463,images/image_428.jpg,images/image_515.jpg,0.08716100454330444
536,244,images/image_581.jpg,images/image_318.jpg,0.08719903230667114
145,532,images/image_229.jpg,images/image_578.jpg,0.08721554279327393
579,379,images/image_80.jpg,images/image_44.jpg,0.08721989393234253
513,28,images/image_560.jpg,images/image_123.jpg,0.08722490072250366
483,457,images/image_533.jpg,images/image_51.jpg,0.08723616600036621
155,277,images/image_238.jpg,images/image_348.jpg,0.08725333213806152
211,216,images/image_289.jpg,images/image_293.jpg,0.08726483583450317
360,407,images/image_422.jpg,images/image_465.jpg,0.08727574348449707
489,413,images/image_539.jpg,images/image_470.jpg,0.08733713626861572
549,229,images/image_593.jpg,images/image_304.jpg,0.08733874559402466
181,316,images/image_261.jpg,images/image_383.jpg,0.08735793828964233
406,25,images/image_464.jpg,images/image_120.jpg,0.08736515045166016
198,264,images/image_277.jpg,images/image_336.jpg,0.08737212419509888
438,218,images/image_493.jpg,images/image_295.jpg,0.08738899230957031
482,337,images/image_532.jpg,images/image_401.jpg,0.08739280700683594
428,535,images/image_484.jpg,images/image_580.jpg,0.08739376068115234
262,187,images/image_334.jpg,images/image_267.jpg,0.08740752935409546
275,390,images/image_346.jpg,images/image_45.jpg,0.08741044998168945
450,3,images/image_503.jpg,images/image_100.jpg,0.08743226528167725
116,275,images/image_202.jpg,images/image_346.jpg,0.08748435974121094
257,29,images/image_33.jpg,images/image_124.jpg,0.08748537302017212
559,576,images/image_62.jpg,images/image_78.jpg,0.0875396728515625
249,474,images/image_322.jpg,images/image_525.jpg,0.08756530284881592
435,20,images/image_490.jpg,images/image_116.jpg,0.08756625652313232
358,395,images/image_420.jpg,images/image_454.jpg,0.08757138252258301
456,584,images/image_509.jpg,images/image_85.jpg,0.08757686614990234
490,217,images/image_54.jpg,images/image_294.jpg,0.08758372068405151
102,290,images/image_190.jpg,images/image_36.jpg,0.08759236335754395
489,437,images/image_539.jpg,images/image_492.jpg,0.0875961184501648
268,160,images/image_34.jpg,images/image_242.jpg,0.08759921789169312
390,575,images/image_45.jpg,images/image_77.jpg,0.08761048316955566
268,463,images/image_34.jpg,images/image_515.jpg,0.08761835098266602
275,530,images/image_346.jpg,images/image_576.jpg,0.08762681484222412
529,593,images/image_575.jpg,images/image_93.jpg,0.08762878179550171
537,470,images/image_582.jpg,images/image_521.jpg,0.0876721739768982
248,335,images/image_321.jpg,images/image_40.jpg,0.08768779039382935
530,576,images/image_576.jpg,images/image_78.jpg,0.08769065141677856
177,316,images/image_258.jpg,images/image_383.jpg,0.08771085739135742
277,455,images/image_348.jpg,images/image_508.jpg,0.08771783113479614
521,596,images/image_568.jpg,images/image_96.jpg,0.08771800994873047
320,43,images/image_387.jpg,images/image_137.jpg,0.0877196192741394
482,386,images/image_532.jpg,images/image_446.jpg,0.08772087097167969
419,408,images/image_476.jpg,images/image_466.jpg,0.08775287866592407
597,563,images/image_97.jpg,images/image_66.jpg,0.08776050806045532
435,455,images/image_490.jpg,images/image_508.jpg,0.08777076005935669
516,306,images/image_563.jpg,images/image_374.jpg,0.08777463436126709
579,129,images/image_80.jpg,images/image_214.jpg,0.08777552843093872
467,192,images/image_519.jpg,images/image_271.jpg,0.08778256177902222
595,458,images/image_95.jpg,images/image_510.jpg,0.08783745765686035
169,575,images/image_250.jpg,images/image_77.jpg,0.08787161111831665
419,203,images/image_476.jpg,images/image_281.jpg,0.0878821611404419
456,480,images/image_509.jpg,images/image_530.jpg,0.08788347244262695
296,322,images/image_365.jpg,images/image_389.jpg,0.08788377046585083
145,521,images/image_229.jpg,images/image_568.jpg,0.08788645267486572
527,549,images/image_573.jpg,images/image_593.jpg,0.08791321516036987
533,410,images/image_579.jpg,images/image_468.jpg,0.08792746067047119
572,14,images/image_74.jpg,images/image_110.jpg,0.08792769908905029
479,21,images/image_53.jpg,images/image_117.jpg,0.08793169260025024
529,567,images/image_575.jpg,images/image_7.jpg,0.08793258666992188
366,297,images/image_428.jpg,images/image_366.jpg,0.08794981241226196
314,458,images/image_381.jpg,images/image_510.jpg,0.0879744291305542
551,596,images/image_595.jpg,images/image_96.jpg,0.08798372745513916
249,435,images/image_322.jpg,images/image_490.jpg,0.08800065517425537
533,378,images/image_579.jpg,images/image_439.jpg,0.08800148963928223
228,58,images/image_303.jpg,images/image_150.jpg,0.08801144361495972
554,81,images/image_598.jpg,images/image_171.jpg,0.08801412582397461
469,121,images/image_520.jpg,images/image_207.jpg,0.08803653717041016
221,505,images/image_298.jpg,images/image_553.jpg,0.08804762363433838
496,274,images/image_545.jpg,images/image_345.jpg,0.08805269002914429
116,428,images/image_202.jpg,images/image_484.jpg,0.08805495500564575
551,11,images/image_595.jpg,images/image_108.jpg,0.08805733919143677
463,590,images/image_515.jpg,images/image_90.jpg,0.08807003498077393
575,186,images/image_77.jpg,images/image_266.jpg,0.0880778431892395
579,425,images/image_80.jpg,images/image_481.jpg,0.08808469772338867
546,564,images/image_590.jpg,images/image_67.jpg,0.08811599016189575
369,456,images/image_430.jpg,images/image_509.jpg,0.08813613653182983
521,484,images/image_568.jpg,images/image_534.jpg,0.08814764022827148
521,568,images/image_568.jpg,images/image_70.jpg,0.08814764022827148
468,203,images/image_52.jpg,images/image_281.jpg,0.08815830945968628
301,521,images/image_37.jpg,images/image_568.jpg,0.08816337585449219
232,550,images/image_307.jpg,images/image_594.jpg,0.08817112445831299
558,118,images/image_61.jpg,images/image_204.jpg,0.08817464113235474
284,37,images/image_354.jpg,images/image_131.jpg,0.08818060159683228
232,35,images/image_307.jpg,images/image_13.jpg,0.08819025754928589
411,21,images/image_469.jpg,images/image_117.jpg,0.08819681406021118
361,549,images/image_423.jpg,images/image_593.jpg,0.08820080757141113
532,561,images/image_578.jpg,images/image_64.jpg,0.08823645114898682
74,348,images/image_165.jpg,images/image_411.jpg,0.08827316761016846
275,535,images/image_346.jpg,images/image_580.jpg,0.08827608823776245
214,543,images/image_291.jpg,images/image_588.jpg,0.08831959962844849
572,575,images/image_74.jpg,images/image_77.jpg,0.08835083246231079
94,190,images/image_183.jpg,images/image_27.jpg,0.08835631608963013
596,509,images/image_96.jpg,images/image_557.jpg,0.0883721113204956
575,148,images/image_77.jpg,images/image_231.jpg,0.08837532997131348
214,558,images/image_291.jpg,images/image_61.jpg,0.08838188648223877
296,430,images/image_365.jpg,images/image_486.jpg,0.08842867612838745
542,593,images/image_587.jpg,images/image_93.jpg,0.0884326696395874
322,11,images/image_389.jpg,images/image_108.jpg,0.08844083547592163
516,407,images/image_563.jpg,images/image_465.jpg,0.08847916126251221
268,297,images/image_34.jpg,images/image_366.jpg,0.08850055932998657
537,203,images/image_582.jpg,images/image_281.jpg,0.08851480484008789
537,408,images/image_582.jpg,images/image_466.jpg,0.0885312557220459
560,491,images/image_63.jpg,images/image_540.jpg,0.08854472637176514
466,274,images/image_518.jpg,images/image_345.jpg,0.0885460376739502
301,216,images/image_37.jpg,images/image_293.jpg,0.0885503888130188
516,332,images/image_563.jpg,images/image_398.jpg,0.08855670690536499
277,46,images/image_348.jpg,images/image_14.jpg,0.0885934829711914
366,483,images/image_428.jpg,images/image_533.jpg,0.08860510587692261
212,160,images/image_29.jpg,images/image_242.jpg,0.08861005306243896
211,246,images/image_289.jpg,images/image_32.jpg,0.08862572908401489
212,463,images/image_29.jpg,images/image_515.jpg,0.08865070343017578
463,9,images/image_515.jpg,images/image_106.jpg,0.08866029977798462
467,563,images/image_519.jpg,images/image_66.jpg,0.08866363763809204
505,564,images/image_553.jpg,images/image_67.jpg,0.08869683742523193
398,511,images/image_457.jpg,images/image_559.jpg,0.08869761228561401
214,91,images/image_291.jpg,images/image_180.jpg,0.08871668577194214
188,477,images/image_268.jpg,images/image_528.jpg,0.08873146772384644
532,450,images/image_578.jpg,images/image_503.jpg,0.08873498439788818
8,370,images/image_105.jpg,images/image_431.jpg,0.08873671293258667
234,477,images/image_309.jpg,images/image_528.jpg,0.08877730369567871
567,131,images/image_7.jpg,images/image_216.jpg,0.08878779411315918
15,390,images/image_111.jpg,images/image_45.jpg,0.08881169557571411
249,25,images/image_322.jpg,images/image_120.jpg,0.08887052536010742
214,328,images/image_291.jpg,images/image_394.jpg,0.08893120288848877
301,246,images/image_37.jpg,images/image_32.jpg,0.08893179893493652
238,160,images/image_312.jpg,images/image_242.jpg,0.08893859386444092
193,254,images/image_272.jpg,images/image_327.jpg,0.0889667272567749
479,552,images/image_53.jpg,images/image_596.jpg,0.08897405862808228
296,475,images/image_365.jpg,images/image_526.jpg,0.08897417783737183
430,11,images/image_486.jpg,images/image_108.jpg,0.08898353576660156
238,463,images/image_312.jpg,images/image_515.jpg,0.0890011191368103
335,554,images/image_40.jpg,images/image_598.jpg,0.08904534578323364
357,337,images/image_42.jpg,images/image_401.jpg,0.08906513452529907
268,483,images/image_34.jpg,images/image_533.jpg,0.08908027410507202
532,106,images/image_578.jpg,images/image_194.jpg,0.08908241987228394
477,71,images/image_528.jpg,images/image_162.jpg,0.08908939361572266
412,4,images/image_47.jpg,images/image_101.jpg,0.08909869194030762
555,378,images/image_599.jpg,images/image_439.jpg,0.08911901712417603
463,384,images/image_515.jpg,images/image_444.jpg,0.08913373947143555
546,592,images/image_590.jpg,images/image_92.jpg,0.08914560079574585
435,46,images/image_490.jpg,images/image_14.jpg,0.0891466736793518
228,593,images/image_303.jpg,images/image_93.jpg,0.08919131755828857
66,126,images/image_158.jpg,images/image_211.jpg,0.08919680118560791
380,504,images/image_440.jpg,images/image_552.jpg,0.0892183780670166
529,58,images/image_575.jpg,images/image_150.jpg,0.08925068378448486
483,192,images/image_533.jpg,images/image_271.jpg,0.08925467729568481
463,2,images/image_515.jpg,images/image_10.jpg,0.08927136659622192
126,286,images/image_211.jpg,images/image_356.jpg,0.08927476406097412
598,235,images/image_98.jpg,images/image_31.jpg,0.08928698301315308
468,470,images/image_52.jpg,images/image_521.jpg,0.089291512966156
161,0,images/image_243.jpg,images/image_0.jpg,0.08929479122161865
155,435,images/image_238.jpg,images/image_490.jpg,0.08930546045303345
221,232,images/image_298.jpg,images/image_307.jpg,0.08931291103363037
536,254,images/image_581.jpg,images/image_327.jpg,0.08933568000793457
301,258,images/image_37.jpg,images/image_330.jpg,0.08936500549316406
463,180,images/image_515.jpg,images/image_260.jpg,0.08937948942184448
257,79,images/image_33.jpg,images/image_17.jpg,0.08939051628112793
584,134,images/image_85.jpg,images/image_219.jpg,0.08940666913986206
275,400,images/image_346.jpg,images/image_459.jpg,0.0894094705581665
424,452,images/image_480.jpg,images/image_505.jpg,0.08942919969558716
575,127,images/image_77.jpg,images/image_212.jpg,0.08946394920349121
193,469,images/image_272.jpg,images/image_520.jpg,0.08950674533843994
592,35,images/image_92.jpg,images/image_13.jpg,0.08954161405563354
116,14,images/image_202.jpg,images/image_110.jpg,0.0895463228225708
485,229,images/image_535.jpg,images/image_304.jpg,0.08955246210098267
475,11,images/image_526.jpg,images/image_108.jpg,0.08955305814743042
596,216,images/image_96.jpg,images/image_293.jpg,0.08956015110015869
161,57,images/image_243.jpg,images/image_15.jpg,0.08963602781295776
427,254,images/image_483.jpg,images/image_327.jpg,0.0896715521812439
275,466,images/image_346.jpg,images/image_518.jpg,0.08969110250473022
549,123,images/image_593.jpg,images/image_209.jpg,0.08969581127166748
532,364,images/image_578.jpg,images/image_426.jpg,0.08970022201538086
448,466,images/image_501.jpg,images/image_518.jpg,0.08971267938613892
536,379,images/image_581.jpg,images/image_44.jpg,0.0897146463394165
8,309,images/image_105.jpg,images/image_377.jpg,0.08972620964050293
527,274,images/image_573.jpg,images/image_345.jpg,0.08972805738449097
480,134,images/image_530.jpg,images/image_219.jpg,0.08976423740386963
145,575,images/image_229.jpg,images/image_77.jpg,0.08980292081832886
211,223,images/image_289.jpg,images/image_3.jpg,0.08981478214263916
238,297,images/image_312.jpg,images/image_366.jpg,0.08983337879180908
267,203,images/image_339.jpg,images/image_281.jpg,0.08986401557922363
455,124,images/image_508.jpg,images/image_21.jpg,0.08988523483276367
479,410,images/image_53.jpg,images/image_468.jpg,0.0899096131324768
550,592,images/image_594.jpg,images/image_92.jpg,0.08991998434066772
140,527,images/image_224.jpg,images/image_573.jpg,0.08993995189666748
463,24,images/image_515.jpg,images/image_12.jpg,0.0899626612663269
549,28,images/image_593.jpg,images/image_123.jpg,0.08997118473052979
406,436,images/image_464.jpg,images/image_491.jpg,0.0900048017501831
369,134,images/image_430.jpg,images/image_219.jpg,0.09000569581985474
361,274,images/image_423.jpg,images/image_345.jpg,0.09001415967941284
566,137,images/image_69.jpg,images/image_221.jpg,0.09005957841873169
375,28,images/image_436.jpg,images/image_123.jpg,0.0900721549987793
448,496,images/image_501.jpg,images/image_545.jpg,0.09011977910995483
125,203,images/image_210.jpg,images/image_281.jpg,0.09013652801513672
483,212,images/image_533.jpg,images/image_29.jpg,0.09014880657196045
301,223,images/image_37.jpg,images/image_3.jpg,0.09015333652496338
530,118,images/image_576.jpg,images/image_204.jpg,0.09016591310501099
74,456,images/image_165.jpg,images/image_509.jpg,0.09016615152359009
257,347,images/image_33.jpg,images/image_410.jpg,0.09018176794052124
468,408,images/image_52.jpg,images/image_466.jpg,0.09021103382110596
264,576,images/image_336.jpg,images/image_78.jpg,0.09028381109237671
526,323,images/image_572.jpg,images/image_39.jpg,0.0903056263923645
424,410,images/image_480.jpg,images/image_468.jpg,0.0903283953666687
221,546,images/image_298.jpg,images/image_590.jpg,0.09033030271530151
257,1,images/image_33.jpg,images/image_1.jpg,0.09033524990081787
485,28,images/image_535.jpg,images/image_123.jpg,0.09034579992294312
116,575,images/image_202.jpg,images/image_77.jpg,0.0903540849685669
536,389,images/image_581.jpg,images/image_449.jpg,0.09036314487457275
200,107,images/image_279.jpg,images/image_195.jpg,0.09039127826690674
280,566,images/image_350.jpg,images/image_69.jpg,0.09039187431335449
140,123,images/image_224.jpg,images/image_209.jpg,0.0904044508934021
291,41,images/image_360.jpg,images/image_135.jpg,0.09040451049804688
366,386,images/image_428.jpg,images/image_446.jpg,0.09041506052017212
358,142,images/image_420.jpg,images/image_226.jpg,0.09041851758956909
390,106,images/image_45.jpg,images/image_194.jpg,0.09042876958847046
80,464,images/image_170.jpg,images/image_516.jpg,0.09043323993682861
596,246,images/image_96.jpg,images/image_32.jpg,0.09047013521194458
469,429,images/image_520.jpg,images/image_485.jpg,0.09047609567642212
556,406,images/image_6.jpg,images/image_464.jpg,0.09052425622940063
296,438,images/image_365.jpg,images/image_493.jpg,0.09052908420562744
582,11,images/image_83.jpg,images/image_108.jpg,0.09054392576217651
427,469,images/image_483.jpg,images/image_520.jpg,0.09054630994796753
485,527,images/image_535.jpg,images/image_573.jpg,0.09055191278457642
145,275,images/image_229.jpg,images/image_346.jpg,0.09055691957473755
356,549,images/image_419.jpg,images/image_593.jpg,0.09056597948074341
448,93,images/image_501.jpg,images/image_182.jpg,0.09056651592254639
390,561,images/image_45.jpg,images/image_64.jpg,0.09062433242797852
101,341,images/image_19.jpg,images/image_405.jpg,0.09064668416976929
54,107,images/image_147.jpg,images/image_195.jpg,0.09065556526184082
140,361,images/image_224.jpg,images/image_423.jpg,0.09065687656402588
419,502,images/image_476.jpg,images/image_550.jpg,0.0906725525856018
512,0,images/image_56.jpg,images/image_0.jpg,0.0906934142112732
145,421,images/image_229.jpg,images/image_478.jpg,0.09070932865142822
579,183,images/image_80.jpg,images/image_263.jpg,0.09071135520935059
285,203,images/image_355.jpg,images/image_281.jpg,0.090767502784729
126,382,images/image_211.jpg,images/image_442.jpg,0.09077471494674683
198,477,images/image_277.jpg,images/image_528.jpg,0.09079265594482422
478,271,images/image_529.jpg,images/image_342.jpg,0.0908052921295166
161,511,images/image_243.jpg,images/image_559.jpg,0.09080743789672852
466,152,images/image_518.jpg,images/image_235.jpg,0.09081852436065674
535,14,images/image_580.jpg,images/image_110.jpg,0.0908198356628418
361,485,images/image_423.jpg,images/image_535.jpg,0.09082841873168945
168,244,images/image_25.jpg,images/image_318.jpg,0.09091496467590332
480,517,images/image_530.jpg,images/image_564.jpg,0.09091740846633911
496,152,images/image_545.jpg,images/image_235.jpg,0.0909191370010376
267,470,images/image_339.jpg,images/image_521.jpg,0.09101122617721558
517,584,images/image_564.jpg,images/image_85.jpg,0.09101343154907227
531,551,images/image_577.jpg,images/image_595.jpg,0.09102451801300049
532,83,images/image_578.jpg,images/image_173.jpg,0.09104084968566895
68,575,images/image_16.jpg,images/image_77.jpg,0.09104150533676147
87,145,images/image_177.jpg,images/image_229.jpg,0.0910758376121521
395,61,images/image_454.jpg,images/image_153.jpg,0.09108752012252808
369,517,images/image_430.jpg,images/image_564.jpg,0.09112995862960815
575,532,images/image_77.jpg,images/image_578.jpg,0.0911334753036499
531,405,images/image_577.jpg,images/image_463.jpg,0.09114086627960205
535,575,images/image_580.jpg,images/image_77.jpg,0.09121251106262207
55,244,images/image_148.jpg,images/image_318.jpg,0.09122765064239502
125,470,images/image_210.jpg,images/image_521.jpg,0.09126657247543335
597,552,images/image_97.jpg,images/image_596.jpg,0.09127223491668701
56,398,images/image_149.jpg,images/image_457.jpg,0.09127730131149292
597,21,images/image_97.jpg,images/image_117.jpg,0.09128028154373169
512,57,images/image_56.jpg,images/image_15.jpg,0.09128344058990479
590,175,images/image_90.jpg,images/image_256.jpg,0.09128379821777344
322,531,images/image_389.jpg,images/image_577.jpg,0.09130871295928955
346,131,images/image_41.jpg,images/image_216.jpg,0.09131413698196411
395,163,images/image_454.jpg,images/image_245.jpg,0.09132939577102661
469,353,images/image_520.jpg,images/image_416.jpg,0.09135079383850098
521,124,images/image_568.jpg,images/image_21.jpg,0.0913548469543457
193,395,images/image_272.jpg,images/image_454.jpg,0.09137821197509766
78,309,images/image_169.jpg,images/image_377.jpg,0.09138494729995728
346,598,images/image_41.jpg,images/image_98.jpg,0.0914163589477539
161,69,images/image_243.jpg,images/image_160.jpg,0.09142577648162842
231,299,images/image_306.jpg,images/image_368.jpg,0.09145671129226685
590,276,images/image_90.jpg,images/image_347.jpg,0.09149867296218872
559,118,images/image_62.jpg,images/image_204.jpg,0.0915069580078125
496,500,images/image_545.jpg,images/image_549.jpg,0.09156274795532227
190,264,images/image_27.jpg,images/image_336.jpg,0.09156417846679688
438,11,images/image_493.jpg,images/image_108.jpg,0.09158188104629517
596,223,images/image_96.jpg,images/image_3.jpg,0.09158879518508911
395,536,images/image_454.jpg,images/image_581.jpg,0.09161555767059326
478,1,images/image_529.jpg,images/image_1.jpg,0.09163343906402588
533,107,images/image_579.jpg,images/image_195.jpg,0.09163922071456909
419,170,images/image_476.jpg,images/image_251.jpg,0.09165370464324951
145,561,images/image_229.jpg,images/image_64.jpg,0.09167176485061646
247,398,images/image_320.jpg,images/image_457.jpg,0.09173589944839478
381,132,images/image_441.jpg,images/image_217.jpg,0.09176307916641235
343,423,images/image_407.jpg,images/image_48.jpg,0.09180241823196411
169,249,images/image_250.jpg,images/image_322.jpg,0.09182190895080566
190,477,images/image_27.jpg,images/image_528.jpg,0.09182476997375488
140,385,images/image_224.jpg,images/image_445.jpg,0.09187042713165283
521,211,images/image_568.jpg,images/image_289.jpg,0.09190285205841064
468,170,images/image_52.jpg,images/image_251.jpg,0.09191107749938965
430,531,images/image_486.jpg,images/image_577.jpg,0.09191858768463135
285,470,images/image_355.jpg,images/image_521.jpg,0.09192013740539551
537,502,images/image_582.jpg,images/image_550.jpg,0.09194457530975342
530,43,images/image_576.jpg,images/image_137.jpg,0.09196221828460693
267,408,images/image_339.jpg,images/image_466.jpg,0.09197735786437988
479,378,images/image_53.jpg,images/image_439.jpg,0.09199100732803345
145,106,images/image_229.jpg,images/image_194.jpg,0.09199124574661255
78,497,images/image_169.jpg,images/image_546.jpg,0.09199631214141846
140,356,images/image_224.jpg,images/image_419.jpg,0.09202134609222412
559,43,images/image_62.jpg,images/image_137.jpg,0.09202516078948975
596,258,images/image_96.jpg,images/image_330.jpg,0.09203320741653442
395,427,images/image_454.jpg,images/image_483.jpg,0.09203797578811646
74,134,images/image_165.jpg,images/image_219.jpg,0.09206277132034302
87,424,images/image_177.jpg,images/image_480.jpg,0.0920712947845459
541,532,images/image_586.jpg,images/image_578.jpg,0.092071533203125
594,532,images/image_94.jpg,images/image_578.jpg,0.09211492538452148
395,243,images/image_454.jpg,images/image_317.jpg,0.09214144945144653
190,218,images/image_27.jpg,images/image_295.jpg,0.0921526551246643
126,404,images/image_211.jpg,images/image_462.jpg,0.09217745065689087
592,32,images/image_92.jpg,images/image_127.jpg,0.092190682888031
593,131,images/image_93.jpg,images/image_216.jpg,0.09219539165496826
111,218,images/image_199.jpg,images/image_295.jpg,0.09219694137573242
521,216,images/image_568.jpg,images/image_293.jpg,0.09220045804977417
579,158,images/image_80.jpg,images/image_240.jpg,0.09221595525741577
395,573,images/image_454.jpg,images/image_75.jpg,0.09224206209182739
594,148,images/image_94.jpg,images/image_231.jpg,0.09224212169647217
125,408,images/image_210.jpg,images/image_466.jpg,0.09225720167160034
567,598,images/image_7.jpg,images/image_98.jpg,0.09227025508880615
145,259,images/image_229.jpg,images/image_331.jpg,0.09227854013442993
236,229,images/image_310.jpg,images/image_304.jpg,0.09229123592376709
448,229,images/image_501.jpg,images/image_304.jpg,0.09229272603988647
541,148,images/image_586.jpg,images/image_231.jpg,0.09230530261993408
527,152,images/image_573.jpg,images/image_235.jpg,0.09231549501419067
395,371,images/image_454.jpg,images/image_432.jpg,0.09233546257019043
395,577,images/image_454.jpg,images/image_79.jpg,0.09233546257019043
485,123,images/image_535.jpg,images/image_209.jpg,0.09234076738357544
356,274,images/image_419.jpg,images/image_345.jpg,0.09237617254257202
424,378,images/image_480.jpg,images/image_439.jpg,0.09237849712371826
140,92,images/image_224.jpg,images/image_181.jpg,0.0923873782157898
553,201,images/image_597.jpg,images/image_28.jpg,0.09240806102752686
475,531,images/image_526.jpg,images/image_577.jpg,0.09246796369552612
592,184,images/image_92.jpg,images/image_264.jpg,0.09247517585754395
117,564,images/image_203.jpg,images/image_67.jpg,0.09247863292694092
572,16,images/image_74.jpg,images/image_112.jpg,0.09249860048294067
561,484,images/image_64.jpg,images/image_534.jpg,0.09253031015396118
561,568,images/image_64.jpg,images/image_70.jpg,0.09253048896789551
590,359,images/image_90.jpg,images/image_421.jpg,0.0925416350364685
116,155,images/image_202.jpg,images/image_238.jpg,0.09255462884902954
30,175,images/image_125.jpg,images/image_256.jpg,0.09256041049957275
210,548,images/image_288.jpg,images/image_592.jpg,0.09256166219711304
154,527,images/image_237.jpg,images/image_573.jpg,0.09259390830993652
325,352,images/image_391.jpg,images/image_415.jpg,0.09260600805282593
527,375,images/image_573.jpg,images/image_436.jpg,0.09261137247085571
361,152,images/image_423.jpg,images/image_235.jpg,0.09262794256210327
214,424,images/image_291.jpg,images/image_480.jpg,0.09262800216674805
275,186,images/image_346.jpg,images/image_266.jpg,0.09263992309570312
537,170,images/image_582.jpg,images/image_251.jpg,0.09265846014022827
566,31,images/image_69.jpg,images/image_126.jpg,0.0927349328994751
448,527,images/image_501.jpg,images/image_573.jpg,0.09275156259536743
259,424,images/image_331.jpg,images/image_480.jpg,0.09277009963989258
210,447,images/image_288.jpg,images/image_500.jpg,0.09277528524398804
566,350,images/image_69.jpg,images/image_413.jpg,0.09285759925842285
456,258,images/image_509.jpg,images/image_330.jpg,0.09286785125732422
237,551,images/image_311.jpg,images/image_595.jpg,0.09288543462753296
361,375,images/image_423.jpg,images/image_436.jpg,0.09288561344146729
285,408,images/image_355.jpg,images/image_466.jpg,0.09290045499801636
512,69,images/image_56.jpg,images/image_160.jpg,0.09291821718215942
357,533,images/image_42.jpg,images/image_579.jpg,0.09292459487915039
590,241,images/image_90.jpg,images/image_315.jpg,0.09293025732040405
553,33,images/image_597.jpg,images/image_128.jpg,0.09293490648269653
78,370,images/image_169.jpg,images/image_431.jpg,0.09295743703842163
419,7,images/image_476.jpg,images/image_104.jpg,0.09297186136245728
275,148,images/image_346.jpg,images/image_231.jpg,0.09297233819961548
424,199,images/image_480.jpg,images/image_278.jpg,0.092978835105896
572,249,images/image_74.jpg,images/image_322.jpg,0.09298145771026611
590,108,images/image_90.jpg,images/image_196.jpg,0.09299671649932861
592,226,images/image_92.jpg,images/image_301.jpg,0.0930071473121643
154,123,images/image_237.jpg,images/image_209.jpg,0.09304022789001465
200,268,images/image_279.jpg,images/image_34.jpg,0.09304147958755493
284,358,images/image_354.jpg,images/image_420.jpg,0.09304201602935791
361,448,images/image_423.jpg,images/image_501.jpg,0.09305417537689209
594,127,images/image_94.jpg,images/image_212.jpg,0.0930587649345398
200,357,images/image_279.jpg,images/image_42.jpg,0.09305942058563232
466,575,images/image_518.jpg,images/image_77.jpg,0.0930597186088562
237,405,images/image_311.jpg,images/image_463.jpg,0.09306502342224121
210,393,images/image_288.jpg,images/image_452.jpg,0.09308362007141113
63,494,images/image_155.jpg,images/image_543.jpg,0.09309297800064087
541,127,images/image_586.jpg,images/image_212.jpg,0.0931236743927002
579,592,images/image_80.jpg,images/image_92.jpg,0.09312379360198975
380,31,images/image_440.jpg,images/image_126.jpg,0.09314393997192383
478,566,images/image_529.jpg,images/image_69.jpg,0.09316825866699219
268,386,images/image_34.jpg,images/image_446.jpg,0.09317314624786377
74,517,images/image_165.jpg,images/image_564.jpg,0.09317713975906372
570,536,images/image_72.jpg,images/image_581.jpg,0.09319591522216797
424,21,images/image_480.jpg,images/image_117.jpg,0.0932011604309082
169,16,images/image_250.jpg,images/image_112.jpg,0.09321630001068115
335,137,images/image_40.jpg,images/image_221.jpg,0.09325772523880005
356,485,images/image_419.jpg,images/image_535.jpg,0.09328114986419678
553,458,images/image_597.jpg,images/image_510.jpg,0.09331285953521729
54,268,images/image_147.jpg,images/image_34.jpg,0.09334838390350342
423,566,images/image_48.jpg,images/image_69.jpg,0.0933486819267273
575,596,images/image_77.jpg,images/image_96.jpg,0.09335148334503174
154,361,images/image_237.jpg,images/image_423.jpg,0.09336650371551514
568,118,images/image_70.jpg,images/image_204.jpg,0.09337282180786133
68,275,images/image_16.jpg,images/image_346.jpg,0.09337323904037476
566,308,images/image_69.jpg,images/image_376.jpg,0.09338164329528809
357,49,images/image_42.jpg,images/image_142.jpg,0.09338545799255371
54,357,images/image_147.jpg,images/image_42.jpg,0.09338825941085815
334,132,images/image_4.jpg,images/image_217.jpg,0.09341645240783691
455,216,images/image_508.jpg,images/image_293.jpg,0.09341859817504883
566,34,images/image_69.jpg,images/image_129.jpg,0.09342646598815918
206,589,images/image_284.jpg,images/image_9.jpg,0.0934482216835022
473,132,images/image_524.jpg,images/image_217.jpg,0.09345006942749023
473,16,images/image_524.jpg,images/image_112.jpg,0.09346389770507812
531,582,images/image_577.jpg,images/image_83.jpg,0.09346777200698853
561,124,images/image_64.jpg,images/image_21.jpg,0.09347259998321533
570,163,images/image_72.jpg,images/image_245.jpg,0.09348154067993164
18,589,images/image_114.jpg,images/image_9.jpg,0.09349989891052246
584,162,images/image_85.jpg,images/image_244.jpg,0.09351706504821777
596,157,images/image_96.jpg,images/image_24.jpg,0.09353375434875488
598,58,images/image_98.jpg,images/image_150.jpg,0.09355378150939941
561,596,images/image_64.jpg,images/image_96.jpg,0.09356766939163208
396,511,images/image_455.jpg,images/image_559.jpg,0.09357136487960815
164,176,images/image_246.jpg,images/image_257.jpg,0.09358912706375122
267,170,images/image_339.jpg,images/image_251.jpg,0.09359985589981079
280,4,images/image_350.jpg,images/image_101.jpg,0.09360158443450928
599,258,images/image_99.jpg,images/image_330.jpg,0.09361279010772705
480,162,images/image_530.jpg,images/image_244.jpg,0.09362304210662842
521,25,images/image_568.jpg,images/image_120.jpg,0.09363901615142822
424,552,images/image_480.jpg,images/image_596.jpg,0.09364694356918335
526,310,images/image_572.jpg,images/image_378.jpg,0.09371185302734375
561,216,images/image_64.jpg,images/image_293.jpg,0.09373575448989868
531,139,images/image_577.jpg,images/image_223.jpg,0.09373772144317627
358,467,images/image_420.jpg,images/image_519.jpg,0.09375530481338501
424,47,images/image_480.jpg,images/image_140.jpg,0.09379684925079346
561,301,images/image_64.jpg,images/image_37.jpg,0.09379827976226807
575,301,images/image_77.jpg,images/image_37.jpg,0.09379857778549194
545,532,images/image_59.jpg,images/image_578.jpg,0.09382396936416626
598,362,images/image_98.jpg,images/image_424.jpg,0.09383773803710938
327,527,images/image_393.jpg,images/image_573.jpg,0.09384554624557495
232,592,images/image_307.jpg,images/image_92.jpg,0.093852698802948
190,451,images/image_27.jpg,images/image_504.jpg,0.09386211633682251
369,162,images/image_430.jpg,images/image_244.jpg,0.09386223554611206
477,10,images/image_528.jpg,images/image_107.jpg,0.09386998414993286
455,116,images/image_508.jpg,images/image_202.jpg,0.09388238191604614
146,150,images/image_23.jpg,images/image_233.jpg,0.09391987323760986
320,71,images/image_387.jpg,images/image_162.jpg,0.09394127130508423
564,569,images/image_67.jpg,images/image_71.jpg,0.0939631462097168
277,390,images/image_348.jpg,images/image_45.jpg,0.09396886825561523
154,385,images/image_237.jpg,images/image_445.jpg,0.09397447109222412
125,170,images/image_210.jpg,images/image_251.jpg,0.09397971630096436
545,148,images/image_59.jpg,images/image_231.jpg,0.09399539232254028
206,351,images/image_284.jpg,images/image_414.jpg,0.094027578830719
494,203,images/image_543.jpg,images/image_281.jpg,0.09402793645858765
507,460,images/image_555.jpg,images/image_512.jpg,0.09404653310775757
78,458,images/image_169.jpg,images/image_510.jpg,0.09405380487442017
275,127,images/image_346.jpg,images/image_212.jpg,0.09408736228942871
596,138,images/image_96.jpg,images/image_222.jpg,0.09408915042877197
111,477,images/image_199.jpg,images/image_528.jpg,0.09409540891647339
18,351,images/image_114.jpg,images/image_414.jpg,0.09409981966018677
493,508,images/image_542.jpg,images/image_556.jpg,0.09412658214569092
596,106,images/image_96.jpg,images/image_194.jpg,0.09412682056427002
206,422,images/image_284.jpg,images/image_479.jpg,0.09420490264892578
598,409,images/image_98.jpg,images/image_467.jpg,0.094235360622406
327,123,images/image_393.jpg,images/image_209.jpg,0.0942385196685791
169,521,images/image_250.jpg,images/image_568.jpg,0.09424775838851929
560,492,images/image_63.jpg,images/image_541.jpg,0.09425950050354004
56,161,images/image_149.jpg,images/image_243.jpg,0.09427040815353394
18,422,images/image_114.jpg,images/image_479.jpg,0.09428542852401733
280,380,images/image_350.jpg,images/image_440.jpg,0.09431123733520508
155,25,images/image_238.jpg,images/image_120.jpg,0.09432059526443481
469,243,images/image_520.jpg,images/image_317.jpg,0.09432321786880493
390,436,images/image_45.jpg,images/image_491.jpg,0.09432625770568848
60,155,images/image_152.jpg,images/image_238.jpg,0.09433287382125854
164,591,images/image_246.jpg,images/image_91.jpg,0.09434080123901367
537,7,images/image_582.jpg,images/image_104.jpg,0.09435319900512695
438,531,images/image_493.jpg,images/image_577.jpg,0.09436917304992676
117,221,images/image_203.jpg,images/image_298.jpg,0.09437310695648193
390,100,images/image_45.jpg,images/image_189.jpg,0.09438854455947876
394,460,images/image_453.jpg,images/image_512.jpg,0.09440958499908447
421,424,images/image_478.jpg,images/image_480.jpg,0.09441214799880981
448,28,images/image_501.jpg,images/image_123.jpg,0.09442859888076782
176,415,images/image_257.jpg,images/image_472.jpg,0.09446316957473755
568,106,images/image_70.jpg,images/image_194.jpg,0.0944862961769104
206,518,images/image_284.jpg,images/image_565.jpg,0.09451401233673096
285,170,images/image_355.jpg,images/image_251.jpg,0.09455305337905884
30,241,images/image_125.jpg,images/image_315.jpg,0.09455990791320801
154,356,images/image_237.jpg,images/image_419.jpg,0.09456110000610352
327,361,images/image_393.jpg,images/image_423.jpg,0.09456878900527954
15,143,images/image_111.jpg,images/image_227.jpg,0.09456890821456909
15,155,images/image_111.jpg,images/image_238.jpg,0.09457886219024658
18,518,images/image_114.jpg,images/image_565.jpg,0.09458094835281372
154,92,images/image_237.jpg,images/image_181.jpg,0.09458333253860474
193,142,images/image_272.jpg,images/image_226.jpg,0.09458869695663452
146,182,images/image_23.jpg,images/image_262.jpg,0.09459847211837769
30,359,images/image_125.jpg,images/image_421.jpg,0.09460324048995972
477,576,images/image_528.jpg,images/image_78.jpg,0.09460467100143433
448,123,images/image_501.jpg,images/image_209.jpg,0.09461420774459839
542,283,images/image_587.jpg,images/image_353.jpg,0.09462988376617432
161,247,images/image_243.jpg,images/image_320.jpg,0.09463924169540405
155,169,images/image_238.jpg,images/image_250.jpg,0.09469950199127197
469,345,images/image_520.jpg,images/image_409.jpg,0.09471923112869263
521,116,images/image_568.jpg,images/image_202.jpg,0.09472435712814331
358,597,images/image_420.jpg,images/image_97.jpg,0.09476584196090698
521,572,images/image_568.jpg,images/image_74.jpg,0.09481310844421387
545,127,images/image_59.jpg,images/image_212.jpg,0.09482812881469727
594,186,images/image_94.jpg,images/image_266.jpg,0.09483915567398071
455,157,images/image_508.jpg,images/image_24.jpg,0.09484249353408813
421,543,images/image_478.jpg,images/image_588.jpg,0.09487032890319824
530,153,images/image_576.jpg,images/image_236.jpg,0.09492313861846924
143,186,images/image_227.jpg,images/image_266.jpg,0.09492892026901245
356,152,images/image_419.jpg,images/image_235.jpg,0.09494280815124512
504,566,images/image_552.jpg,images/image_69.jpg,0.09495413303375244
102,575,images/image_190.jpg,images/image_77.jpg,0.09497928619384766
231,333,images/image_306.jpg,images/image_399.jpg,0.09498739242553711
541,186,images/image_586.jpg,images/image_266.jpg,0.0949966311454773
357,26,images/image_42.jpg,images/image_121.jpg,0.09500992298126221
421,558,images/image_478.jpg,images/image_61.jpg,0.09504294395446777
259,543,images/image_331.jpg,images/image_588.jpg,0.09504848718643188
469,217,images/image_520.jpg,images/image_294.jpg,0.0950513482093811
327,385,images/image_393.jpg,images/image_445.jpg,0.09509629011154175
421,91,images/image_478.jpg,images/image_180.jpg,0.09514367580413818
381,549,images/image_441.jpg,images/image_593.jpg,0.09515237808227539
494,470,images/image_543.jpg,images/image_521.jpg,0.09515935182571411
259,558,images/image_331.jpg,images/image_61.jpg,0.09518623352050781
500,16,images/image_549.jpg,images/image_112.jpg,0.09522926807403564
320,576,images/image_387.jpg,images/image_78.jpg,0.09524238109588623
155,572,images/image_238.jpg,images/image_74.jpg,0.09525644779205322
200,366,images/image_279.jpg,images/image_428.jpg,0.0952610969543457
542,23,images/image_587.jpg,images/image_119.jpg,0.09526526927947998
190,296,images/image_27.jpg,images/image_365.jpg,0.09533649682998657
427,142,images/image_483.jpg,images/image_226.jpg,0.09535467624664307
237,582,images/image_311.jpg,images/image_83.jpg,0.09536802768707275
428,572,images/image_484.jpg,images/image_74.jpg,0.0953683853149414
511,587,images/image_559.jpg,images/image_88.jpg,0.09538108110427856
519,370,images/image_566.jpg,images/image_431.jpg,0.09538877010345459
259,91,images/image_331.jpg,images/image_180.jpg,0.09539377689361572
356,375,images/image_419.jpg,images/image_436.jpg,0.09540724754333496
415,591,images/image_472.jpg,images/image_91.jpg,0.09540879726409912
560,289,images/image_63.jpg,images/image_359.jpg,0.0954093337059021
356,448,images/image_419.jpg,images/image_501.jpg,0.0954163670539856
519,309,images/image_566.jpg,images/image_377.jpg,0.09542161226272583
572,229,images/image_74.jpg,images/image_304.jpg,0.0954439640045166
550,370,images/image_594.jpg,images/image_431.jpg,0.09545397758483887
231,304,images/image_306.jpg,images/image_372.jpg,0.095458984375
88,313,images/image_178.jpg,images/image_380.jpg,0.09546506404876709
443,271,images/image_498.jpg,images/image_342.jpg,0.09547466039657593
247,348,images/image_320.jpg,images/image_411.jpg,0.0954846739768982
567,53,images/image_7.jpg,images/image_146.jpg,0.0954861044883728
169,106,images/image_250.jpg,images/image_194.jpg,0.0955016016960144
366,337,images/image_428.jpg,images/image_401.jpg,0.09555155038833618
87,543,images/image_177.jpg,images/image_588.jpg,0.09555691480636597
435,16,images/image_490.jpg,images/image_112.jpg,0.09556543827056885
559,153,images/image_62.jpg,images/image_236.jpg,0.09557515382766724
155,535,images/image_238.jpg,images/image_580.jpg,0.09558552503585815
88,150,images/image_178.jpg,images/image_233.jpg,0.09563928842544556
542,6,images/image_587.jpg,images/image_103.jpg,0.09565514326095581
12,146,images/image_109.jpg,images/image_23.jpg,0.09565645456314087
54,366,images/image_147.jpg,images/image_428.jpg,0.09567385911941528
237,139,images/image_311.jpg,images/image_223.jpg,0.09567606449127197
87,558,images/image_177.jpg,images/image_61.jpg,0.09571349620819092
327,92,images/image_393.jpg,images/image_181.jpg,0.0957341194152832
421,328,images/image_478.jpg,images/image_394.jpg,0.09576725959777832
30,317,images/image_125.jpg,images/image_384.jpg,0.09578472375869751
521,535,images/image_568.jpg,images/image_580.jpg,0.09580576419830322
396,0,images/image_455.jpg,images/image_0.jpg,0.09581732749938965
593,598,images/image_93.jpg,images/image_98.jpg,0.09584534168243408
525,532,images/image_571.jpg,images/image_578.jpg,0.09586834907531738
327,356,images/image_393.jpg,images/image_419.jpg,0.09589040279388428
424,321,images/image_480.jpg,images/image_388.jpg,0.09590929746627808
111,264,images/image_199.jpg,images/image_336.jpg,0.09591346979141235
87,91,images/image_177.jpg,images/image_180.jpg,0.09593033790588379
259,328,images/image_331.jpg,images/image_394.jpg,0.09594535827636719
236,381,images/image_310.jpg,images/image_441.jpg,0.09594649076461792
74,162,images/image_165.jpg,images/image_244.jpg,0.09594762325286865
221,569,images/image_298.jpg,images/image_71.jpg,0.09595131874084473
204,564,images/image_282.jpg,images/image_67.jpg,0.09597659111022949
68,561,images/image_16.jpg,images/image_64.jpg,0.0959773063659668
335,34,images/image_40.jpg,images/image_129.jpg,0.09599131345748901
572,106,images/image_74.jpg,images/image_194.jpg,0.09600698947906494
214,145,images/image_291.jpg,images/image_229.jpg,0.09601444005966187
525,148,images/image_571.jpg,images/image_231.jpg,0.09604096412658691
169,428,images/image_250.jpg,images/image_484.jpg,0.09606027603149414
507,79,images/image_555.jpg,images/image_17.jpg,0.09607112407684326
535,375,images/image_580.jpg,images/image_436.jpg,0.09608548879623413
519,497,images/image_566.jpg,images/image_546.jpg,0.09610182046890259
493,265,images/image_542.jpg,images/image_337.jpg,0.09613847732543945
236,473,images/image_310.jpg,images/image_524.jpg,0.09615379571914673
494,408,images/image_543.jpg,images/image_466.jpg,0.09615761041641235
596,275,images/image_96.jpg,images/image_346.jpg,0.09619420766830444
15,145,images/image_111.jpg,images/image_229.jpg,0.0961952805519104
507,347,images/image_555.jpg,images/image_410.jpg,0.09620219469070435
455,535,images/image_508.jpg,images/image_580.jpg,0.09621959924697876
424,474,images/image_480.jpg,images/image_525.jpg,0.09622412919998169
68,157,images/image_16.jpg,images/image_24.jpg,0.09626150131225586
590,97,images/image_90.jpg,images/image_186.jpg,0.09627354145050049
533,317,images/image_579.jpg,images/image_384.jpg,0.09629982709884644
56,348,images/image_149.jpg,images/image_411.jpg,0.09630805253982544
169,229,images/image_250.jpg,images/image_304.jpg,0.09634798765182495
257,271,images/image_33.jpg,images/image_342.jpg,0.09634828567504883
469,474,images/image_520.jpg,images/image_525.jpg,0.09640157222747803
501,79,images/image_55.jpg,images/image_17.jpg,0.09642696380615234
507,207,images/image_555.jpg,images/image_285.jpg,0.09642869234085083
396,57,images/image_455.jpg,images/image_15.jpg,0.09644615650177002
66,90,images/image_158.jpg,images/image_18.jpg,0.09644657373428345
583,331,images/image_84.jpg,images/image_397.jpg,0.09644865989685059
168,27,images/image_25.jpg,images/image_122.jpg,0.09647989273071289
88,182,images/image_178.jpg,images/image_262.jpg,0.09649503231048584
74,398,images/image_165.jpg,images/image_457.jpg,0.09651017189025879
87,328,images/image_177.jpg,images/image_394.jpg,0.09651607275009155
596,400,images/image_96.jpg,images/image_459.jpg,0.0965384840965271
570,57,images/image_72.jpg,images/image_15.jpg,0.09653925895690918
531,509,images/image_577.jpg,images/image_557.jpg,0.09654635190963745
478,335,images/image_529.jpg,images/image_40.jpg,0.09655982255935669
190,11,images/image_27.jpg,images/image_108.jpg,0.09660375118255615
90,286,images/image_18.jpg,images/image_356.jpg,0.09660458564758301
36,591,images/image_130.jpg,images/image_91.jpg,0.09660482406616211
570,61,images/image_72.jpg,images/image_153.jpg,0.09661346673965454
545,186,images/image_59.jpg,images/image_266.jpg,0.09666365385055542
493,318,images/image_542.jpg,images/image_385.jpg,0.09666574001312256
280,343,images/image_350.jpg,images/image_407.jpg,0.0966760516166687
56,396,images/image_149.jpg,images/image_455.jpg,0.0966867208480835
516,460,images/image_563.jpg,images/image_512.jpg,0.09668886661529541
358,297,images/image_420.jpg,images/image_366.jpg,0.09669077396392822
284,243,images/image_354.jpg,images/image_317.jpg,0.09671831130981445
424,243,images/image_480.jpg,images/image_317.jpg,0.09672915935516357
143,127,images/image_227.jpg,images/image_212.jpg,0.09676343202590942
472,589,images/image_523.jpg,images/image_9.jpg,0.09679096937179565
55,27,images/image_148.jpg,images/image_122.jpg,0.09679281711578369
597,378,images/image_97.jpg,images/image_439.jpg,0.09681308269500732
80,224,images/image_170.jpg,images/image_30.jpg,0.09683775901794434
519,458,images/image_566.jpg,images/image_510.jpg,0.0968812108039856
525,127,images/image_571.jpg,images/image_212.jpg,0.0969088077545166
102,275,images/image_190.jpg,images/image_346.jpg,0.09692186117172241
568,141,images/image_70.jpg,images/image_225.jpg,0.09693682193756104
245,417,images/image_319.jpg,images/image_474.jpg,0.09695303440093994
466,521,images/image_518.jpg,images/image_568.jpg,0.09696716070175171
535,20,images/image_580.jpg,images/image_116.jpg,0.09699833393096924
68,106,images/image_16.jpg,images/image_194.jpg,0.09699958562850952
257,41,images/image_33.jpg,images/image_135.jpg,0.09700798988342285
542,431,images/image_587.jpg,images/image_487.jpg,0.09702920913696289
586,76,images/image_87.jpg,images/image_167.jpg,0.0970410704612732
63,125,images/image_155.jpg,images/image_210.jpg,0.09704804420471191
193,284,images/image_272.jpg,images/image_354.jpg,0.09705030918121338
36,176,images/image_130.jpg,images/image_257.jpg,0.09707152843475342
511,348,images/image_559.jpg,images/image_411.jpg,0.09709841012954712
553,138,images/image_597.jpg,images/image_222.jpg,0.09710276126861572
247,396,images/image_320.jpg,images/image_455.jpg,0.09711313247680664
553,417,images/image_597.jpg,images/image_474.jpg,0.09711408615112305
566,416,images/image_69.jpg,images/image_473.jpg,0.09711956977844238
537,163,images/image_582.jpg,images/image_245.jpg,0.09718573093414307
586,5,images/image_87.jpg,images/image_102.jpg,0.09720736742019653
597,386,images/image_97.jpg,images/image_446.jpg,0.09721720218658447
17,468,images/image_113.jpg,images/image_52.jpg,0.09722858667373657
200,212,images/image_279.jpg,images/image_29.jpg,0.09725320339202881
94,438,images/image_183.jpg,images/image_493.jpg,0.0972970724105835
94,475,images/image_183.jpg,images/image_526.jpg,0.09730130434036255
381,274,images/image_441.jpg,images/image_345.jpg,0.09730327129364014
500,28,images/image_549.jpg,images/image_123.jpg,0.09730637073516846
599,153,images/image_99.jpg,images/image_236.jpg,0.09731507301330566
494,578,images/image_543.jpg,images/image_8.jpg,0.09738707542419434
12,88,images/image_109.jpg,images/image_178.jpg,0.09738719463348389
351,472,images/image_414.jpg,images/image_523.jpg,0.09740030765533447
204,221,images/image_282.jpg,images/image_298.jpg,0.09743553400039673
510,548,images/image_558.jpg,images/image_592.jpg,0.09745138883590698
247,456,images/image_320.jpg,images/image_509.jpg,0.09745341539382935
381,485,images/image_441.jpg,images/image_535.jpg,0.0974535346031189
485,535,images/image_535.jpg,images/image_580.jpg,0.09747743606567383
135,97,images/image_22.jpg,images/image_186.jpg,0.09752511978149414
506,536,images/image_554.jpg,images/image_581.jpg,0.09752535820007324
200,238,images/image_279.jpg,images/image_312.jpg,0.0975269079208374
284,217,images/image_354.jpg,images/image_294.jpg,0.09753775596618652
535,249,images/image_580.jpg,images/image_322.jpg,0.0975414514541626
358,463,images/image_420.jpg,images/image_515.jpg,0.09754776954650879
537,374,images/image_582.jpg,images/image_435.jpg,0.09754794836044312
155,93,images/image_238.jpg,images/image_182.jpg,0.0975487232208252
63,285,images/image_155.jpg,images/image_355.jpg,0.0975496768951416
200,526,images/image_279.jpg,images/image_572.jpg,0.0975542664527893
422,472,images/image_479.jpg,images/image_523.jpg,0.09755563735961914
15,60,images/image_111.jpg,images/image_152.jpg,0.0975651741027832
551,153,images/image_595.jpg,images/image_236.jpg,0.0975726842880249
530,211,images/image_576.jpg,images/image_289.jpg,0.09757786989212036
130,589,images/image_215.jpg,images/image_9.jpg,0.09759247303009033
54,212,images/image_147.jpg,images/image_29.jpg,0.09760278463363647
447,510,images/image_500.jpg,images/image_558.jpg,0.09760701656341553
334,236,images/image_4.jpg,images/image_310.jpg,0.09765994548797607
561,211,images/image_64.jpg,images/image_289.jpg,0.09768158197402954
284,427,images/image_354.jpg,images/image_483.jpg,0.09768885374069214
284,61,images/image_354.jpg,images/image_153.jpg,0.09771299362182617
455,466,images/image_508.jpg,images/image_518.jpg,0.09771597385406494
506,163,images/image_554.jpg,images/image_245.jpg,0.09772205352783203
284,163,images/image_354.jpg,images/image_245.jpg,0.09774750471115112
560,260,images/image_63.jpg,images/image_332.jpg,0.097747802734375
358,483,images/image_420.jpg,images/image_533.jpg,0.09775149822235107
144,589,images/image_228.jpg,images/image_9.jpg,0.09777194261550903
136,514,images/image_220.jpg,images/image_561.jpg,0.09778082370758057
234,519,images/image_309.jpg,images/image_566.jpg,0.09778350591659546
17,125,images/image_113.jpg,images/image_210.jpg,0.0978020429611206
264,10,images/image_336.jpg,images/image_107.jpg,0.0978352427482605
143,148,images/image_227.jpg,images/image_231.jpg,0.09784430265426636
135,276,images/image_22.jpg,images/image_347.jpg,0.09786683320999146
546,370,images/image_590.jpg,images/image_431.jpg,0.09786927700042725
257,412,images/image_33.jpg,images/image_47.jpg,0.09787511825561523
472,518,images/image_523.jpg,images/image_565.jpg,0.09788495302200317
54,238,images/image_147.jpg,images/image_312.jpg,0.09789842367172241
428,435,images/image_484.jpg,images/image_490.jpg,0.09790527820587158
575,211,images/image_77.jpg,images/image_289.jpg,0.09793233871459961
501,347,images/image_55.jpg,images/image_410.jpg,0.09793341159820557
393,510,images/image_452.jpg,images/image_558.jpg,0.09794783592224121
517,258,images/image_564.jpg,images/image_330.jpg,0.09794974327087402
424,290,images/image_480.jpg,images/image_36.jpg,0.09796291589736938
530,301,images/image_576.jpg,images/image_37.jpg,0.0979655385017395
494,170,images/image_543.jpg,images/image_251.jpg,0.09797388315200806
94,430,images/image_183.jpg,images/image_486.jpg,0.09799200296401978
535,549,images/image_580.jpg,images/image_593.jpg,0.09800100326538086
597,410,images/image_97.jpg,images/image_468.jpg,0.09803527593612671
17,285,images/image_113.jpg,images/image_355.jpg,0.09804147481918335
358,160,images/image_420.jpg,images/image_242.jpg,0.09804356098175049
424,233,images/image_480.jpg,images/image_308.jpg,0.09805446863174438
74,161,images/image_165.jpg,images/image_243.jpg,0.09807515144348145
582,153,images/image_83.jpg,images/image_236.jpg,0.09807521104812622
396,69,images/image_455.jpg,images/image_160.jpg,0.09808450937271118
147,155,images/image_230.jpg,images/image_238.jpg,0.09809404611587524
455,25,images/image_508.jpg,images/image_120.jpg,0.09810066223144531
443,1,images/image_498.jpg,images/image_1.jpg,0.09813034534454346
90,382,images/image_18.jpg,images/image_442.jpg,0.09813535213470459
561,139,images/image_64.jpg,images/image_223.jpg,0.0981675386428833
48,271,images/image_141.jpg,images/image_342.jpg,0.09816974401473999
143,532,images/image_227.jpg,images/image_578.jpg,0.09817230701446533
17,267,images/image_113.jpg,images/image_339.jpg,0.09818178415298462
469,573,images/image_520.jpg,images/image_75.jpg,0.09818792343139648
130,351,images/image_215.jpg,images/image_414.jpg,0.09818875789642334
469,371,images/image_520.jpg,images/image_432.jpg,0.09819477796554565
469,577,images/image_520.jpg,images/image_79.jpg,0.09819477796554565
369,398,images/image_430.jpg,images/image_457.jpg,0.09819579124450684
381,572,images/image_441.jpg,images/image_74.jpg,0.0982133150100708
420,548,images/image_477.jpg,images/image_592.jpg,0.09824526309967041
568,211,images/image_70.jpg,images/image_289.jpg,0.09825646877288818
517,237,images/image_564.jpg,images/image_311.jpg,0.09828364849090576
56,456,images/image_149.jpg,images/image_509.jpg,0.09828543663024902
526,54,images/image_572.jpg,images/image_147.jpg,0.09829193353652954
232,234,images/image_307.jpg,images/image_309.jpg,0.09829741716384888
176,178,images/image_257.jpg,images/image_259.jpg,0.098300039768219
568,95,images/image_70.jpg,images/image_184.jpg,0.09833341836929321
94,322,images/image_183.jpg,images/image_389.jpg,0.09833896160125732
130,422,images/image_215.jpg,images/image_479.jpg,0.09834617376327515
504,4,images/image_552.jpg,images/image_101.jpg,0.09837508201599121
63,267,images/image_155.jpg,images/image_339.jpg,0.09840524196624756
535,106,images/image_580.jpg,images/image_194.jpg,0.09841543436050415
420,447,images/image_477.jpg,images/image_500.jpg,0.09842640161514282
449,548,images/image_502.jpg,images/image_592.jpg,0.0984349250793457
56,587,images/image_149.jpg,images/image_88.jpg,0.09844017028808594
155,466,images/image_238.jpg,images/image_518.jpg,0.09844076633453369
537,536,images/image_582.jpg,images/image_581.jpg,0.09845626354217529
144,351,images/image_228.jpg,images/image_414.jpg,0.09846717119216919
144,422,images/image_228.jpg,images/image_479.jpg,0.09851652383804321
575,93,images/image_77.jpg,images/image_182.jpg,0.09855270385742188
535,46,images/image_580.jpg,images/image_14.jpg,0.09855806827545166
572,375,images/image_74.jpg,images/image_436.jpg,0.09857767820358276
390,435,images/image_45.jpg,images/image_490.jpg,0.0985788106918335
561,25,images/image_64.jpg,images/image_120.jpg,0.09857910871505737
169,455,images/image_250.jpg,images/image_508.jpg,0.09858787059783936
259,402,images/image_331.jpg,images/image_460.jpg,0.09859436750411987
447,449,images/image_500.jpg,images/image_502.jpg,0.09860295057296753
586,319,images/image_87.jpg,images/image_386.jpg,0.09867221117019653
383,494,images/image_443.jpg,images/image_543.jpg,0.0986751914024353
130,518,images/image_215.jpg,images/image_565.jpg,0.09868437051773071
424,461,images/image_480.jpg,images/image_513.jpg,0.09868717193603516
516,79,images/image_563.jpg,images/image_17.jpg,0.09869706630706787
503,519,images/image_551.jpg,images/image_566.jpg,0.09872788190841675
421,402,images/image_478.jpg,images/image_460.jpg,0.09874475002288818
393,420,images/image_452.jpg,images/image_477.jpg,0.09875792264938354
525,186,images/image_571.jpg,images/image_266.jpg,0.0987710952758789
596,201,images/image_96.jpg,images/image_28.jpg,0.09878218173980713
516,347,images/image_563.jpg,images/image_410.jpg,0.09880989789962769
144,518,images/image_228.jpg,images/image_565.jpg,0.09885478019714355
247,587,images/image_320.jpg,images/image_88.jpg,0.09885644912719727
570,103,images/image_72.jpg,images/image_191.jpg,0.09887146949768066
597,337,images/image_97.jpg,images/image_401.jpg,0.09890496730804443
560,364,images/image_63.jpg,images/image_426.jpg,0.0989081859588623
493,442,images/image_542.jpg,images/image_497.jpg,0.09891259670257568
493,412,images/image_542.jpg,images/image_47.jpg,0.09891754388809204
519,342,images/image_566.jpg,images/image_406.jpg,0.09892511367797852
393,449,images/image_452.jpg,images/image_502.jpg,0.09894376993179321
334,572,images/image_4.jpg,images/image_74.jpg,0.09895485639572144
507,165,images/image_555.jpg,images/image_247.jpg,0.09900033473968506
63,468,images/image_155.jpg,images/image_52.jpg,0.09901493787765503
68,14,images/image_16.jpg,images/image_110.jpg,0.09901672601699829
456,511,images/image_509.jpg,images/image_559.jpg,0.0990481972694397
343,31,images/image_407.jpg,images/image_126.jpg,0.09905499219894409
466,20,images/image_518.jpg,images/image_116.jpg,0.09906530380249023
455,572,images/image_508.jpg,images/image_74.jpg,0.09907066822052002
381,169,images/image_441.jpg,images/image_250.jpg,0.0990828275680542
593,53,images/image_93.jpg,images/image_146.jpg,0.09909522533416748
381,375,images/image_441.jpg,images/image_436.jpg,0.09909766912460327
516,207,images/image_563.jpg,images/image_285.jpg,0.09914755821228027
428,25,images/image_484.jpg,images/image_120.jpg,0.09914767742156982
17,494,images/image_113.jpg,images/image_543.jpg,0.09915828704833984
568,301,images/image_70.jpg,images/image_37.jpg,0.09921485185623169
559,211,images/image_62.jpg,images/image_289.jpg,0.09921687841415405
582,521,images/image_83.jpg,images/image_568.jpg,0.09922748804092407
469,491,images/image_520.jpg,images/image_540.jpg,0.09923243522644043
561,169,images/image_64.jpg,images/image_250.jpg,0.09925371408462524
190,303,images/image_27.jpg,images/image_371.jpg,0.09929513931274414
441,8,images/image_496.jpg,images/image_105.jpg,0.09930211305618286
234,546,images/image_309.jpg,images/image_590.jpg,0.09931832551956177
381,25,images/image_441.jpg,images/image_120.jpg,0.09934288263320923
424,217,images/image_480.jpg,images/image_294.jpg,0.09934490919113159
366,533,images/image_428.jpg,images/image_579.jpg,0.09934943914413452
537,103,images/image_582.jpg,images/image_191.jpg,0.09934961795806885
572,20,images/image_74.jpg,images/image_116.jpg,0.09935665130615234
596,530,images/image_96.jpg,images/image_576.jpg,0.09935814142227173
247,134,images/image_320.jpg,images/image_219.jpg,0.09936070442199707
585,199,images/image_86.jpg,images/image_278.jpg,0.09941130876541138
72,591,images/image_163.jpg,images/image_91.jpg,0.0994178056716919
190,531,images/image_27.jpg,images/image_577.jpg,0.0994488000869751
343,137,images/image_407.jpg,images/image_221.jpg,0.09947997331619263
288,410,images/image_358.jpg,images/image_468.jpg,0.09950727224349976
178,591,images/image_259.jpg,images/image_91.jpg,0.09951955080032349
559,301,images/image_62.jpg,images/image_37.jpg,0.09952390193939209
90,404,images/image_18.jpg,images/image_462.jpg,0.09955567121505737
593,225,images/image_93.jpg,images/image_300.jpg,0.0995568037033081
198,519,images/image_277.jpg,images/image_566.jpg,0.0995950698852539
398,480,images/image_457.jpg,images/image_530.jpg,0.09960848093032837
248,343,images/image_321.jpg,images/image_407.jpg,0.0996360182762146
567,225,images/image_7.jpg,images/image_300.jpg,0.09968483448028564
456,166,images/image_509.jpg,images/image_248.jpg,0.09972405433654785
485,116,images/image_535.jpg,images/image_202.jpg,0.09973222017288208
561,572,images/image_64.jpg,images/image_74.jpg,0.0997474193572998
466,106,images/image_518.jpg,images/image_194.jpg,0.09975790977478027
101,390,images/image_19.jpg,images/image_45.jpg,0.09977424144744873
161,369,images/image_243.jpg,images/image_430.jpg,0.09978795051574707
334,169,images/image_4.jpg,images/image_250.jpg,0.09981203079223633
597,193,images/image_97.jpg,images/image_272.jpg,0.09983539581298828
485,572,images/image_535.jpg,images/image_74.jpg,0.09987401962280273
570,69,images/image_72.jpg,images/image_160.jpg,0.09989625215530396
507,283,images/image_555.jpg,images/image_353.jpg,0.09989750385284424
366,49,images/image_428.jpg,images/image_142.jpg,0.09993714094161987
456,340,images/image_509.jpg,images/image_404.jpg,0.09996551275253296
334,25,images/image_4.jpg,images/image_120.jpg,0.09998321533203125
30,502,images/image_125.jpg,images/image_550.jpg,0.10001856088638306
72,176,images/image_163.jpg,images/image_257.jpg,0.10002291202545166
87,402,images/image_177.jpg,images/image_460.jpg,0.1000625491142273
358,533,images/image_420.jpg,images/image_579.jpg,0.10007709264755249
498,591,images/image_547.jpg,images/image_91.jpg,0.10010862350463867
296,509,images/image_365.jpg,images/image_557.jpg,0.10012269020080566
381,152,images/image_441.jpg,images/image_235.jpg,0.1001274585723877
334,549,images/image_4.jpg,images/image_593.jpg,0.10013264417648315
358,386,images/image_420.jpg,images/image_446.jpg,0.10016888380050659
56,134,images/image_149.jpg,images/image_219.jpg,0.10018956661224365
594,157,images/image_94.jpg,images/image_24.jpg,0.1002267599105835
549,116,images/image_593.jpg,images/image_202.jpg,0.10027825832366943
481,213,images/image_531.jpg,images/image_290.jpg,0.10028076171875
595,8,images/image_95.jpg,images/image_105.jpg,0.10028856992721558
398,0,images/image_457.jpg,images/image_0.jpg,0.10029888153076172
549,572,images/image_593.jpg,images/image_74.jpg,0.100303053855896
135,108,images/image_22.jpg,images/image_196.jpg,0.10031652450561523
381,448,images/image_441.jpg,images/image_501.jpg,0.10033339262008667
206,313,images/image_284.jpg,images/image_380.jpg,0.10035872459411621
455,93,images/image_508.jpg,images/image_182.jpg,0.10038858652114868
176,418,images/image_257.jpg,images/image_475.jpg,0.1004069447517395
102,561,images/image_190.jpg,images/image_64.jpg,0.1004171371459961
561,582,images/image_64.jpg,images/image_83.jpg,0.1004180908203125
257,265,images/image_33.jpg,images/image_337.jpg,0.10045015811920166
501,213,images/image_55.jpg,images/image_290.jpg,0.10046803951263428
466,46,images/image_518.jpg,images/image_14.jpg,0.10051798820495605
542,372,images/image_587.jpg,images/image_433.jpg,0.10052096843719482
315,468,images/image_382.jpg,images/image_52.jpg,0.10052156448364258
252,551,images/image_325.jpg,images/image_595.jpg,0.10053747892379761
599,201,images/image_99.jpg,images/image_28.jpg,0.10055363178253174
507,431,images/image_555.jpg,images/image_487.jpg,0.10055941343307495
590,514,images/image_90.jpg,images/image_561.jpg,0.10061478614807129
535,274,images/image_580.jpg,images/image_345.jpg,0.1006585955619812
511,512,images/image_559.jpg,images/image_56.jpg,0.10068470239639282
590,243,images/image_90.jpg,images/image_317.jpg,0.1007004976272583
101,143,images/image_19.jpg,images/image_227.jpg,0.1007150411605835
252,405,images/image_325.jpg,images/image_463.jpg,0.100716233253479
501,29,images/image_55.jpg,images/image_124.jpg,0.10071682929992676
579,273,images/image_80.jpg,images/image_344.jpg,0.10078799724578857
529,228,images/image_575.jpg,images/image_303.jpg,0.10080301761627197
176,498,images/image_257.jpg,images/image_547.jpg,0.10080504417419434
575,585,images/image_77.jpg,images/image_86.jpg,0.10084766149520874
559,596,images/image_62.jpg,images/image_96.jpg,0.10084885358810425
493,311,images/image_542.jpg,images/image_379.jpg,0.10085821151733398
549,92,images/image_593.jpg,images/image_181.jpg,0.10087555646896362
579,40,images/image_80.jpg,images/image_134.jpg,0.10089701414108276
48,1,images/image_141.jpg,images/image_1.jpg,0.10090899467468262
570,0,images/image_72.jpg,images/image_0.jpg,0.1009138822555542
329,508,images/image_395.jpg,images/image_556.jpg,0.10097169876098633
247,517,images/image_320.jpg,images/image_564.jpg,0.10097837448120117
188,519,images/image_268.jpg,images/image_566.jpg,0.10098505020141602
485,169,images/image_535.jpg,images/image_250.jpg,0.10098528861999512
341,46,images/image_405.jpg,images/image_14.jpg,0.10100668668746948
511,134,images/image_559.jpg,images/image_219.jpg,0.10100740194320679
572,46,images/image_74.jpg,images/image_14.jpg,0.10100919008255005
341,20,images/image_405.jpg,images/image_116.jpg,0.10100966691970825
455,138,images/image_508.jpg,images/image_222.jpg,0.10101473331451416
343,554,images/image_407.jpg,images/image_598.jpg,0.10102546215057373
506,61,images/image_554.jpg,images/image_153.jpg,0.10104697942733765
198,232,images/image_277.jpg,images/image_307.jpg,0.10110586881637573
506,57,images/image_554.jpg,images/image_15.jpg,0.10114097595214844
343,504,images/image_407.jpg,images/image_552.jpg,0.10114812850952148
215,286,images/image_292.jpg,images/image_356.jpg,0.10116755962371826
596,484,images/image_96.jpg,images/image_534.jpg,0.10116994380950928
568,596,images/image_70.jpg,images/image_96.jpg,0.10117000341415405
398,57,images/image_457.jpg,images/image_15.jpg,0.10121345520019531
22,514,images/image_118.jpg,images/image_561.jpg,0.10121691226959229
296,551,images/image_365.jpg,images/image_595.jpg,0.10125726461410522
315,125,images/image_382.jpg,images/image_210.jpg,0.10129207372665405
74,396,images/image_165.jpg,images/image_455.jpg,0.10129344463348389
341,186,images/image_405.jpg,images/image_266.jpg,0.10130280256271362
102,106,images/image_190.jpg,images/image_194.jpg,0.10134261846542358
428,473,images/image_484.jpg,images/image_524.jpg,0.1013607382774353
555,337,images/image_599.jpg,images/image_401.jpg,0.10137772560119629
561,116,images/image_64.jpg,images/image_202.jpg,0.10138916969299316
161,480,images/image_243.jpg,images/image_530.jpg,0.10141134262084961
418,591,images/image_475.jpg,images/image_91.jpg,0.1014145016670227
549,169,images/image_593.jpg,images/image_250.jpg,0.10141891241073608
578,125,images/image_8.jpg,images/image_210.jpg,0.1014208197593689
292,155,images/image_361.jpg,images/image_238.jpg,0.10143637657165527
583,481,images/image_84.jpg,images/image_531.jpg,0.10150378942489624
366,26,images/image_428.jpg,images/image_121.jpg,0.1015160083770752
285,315,images/image_355.jpg,images/image_382.jpg,0.1015172004699707
456,201,images/image_509.jpg,images/image_28.jpg,0.10154134035110474
315,267,images/image_382.jpg,images/image_339.jpg,0.10157263278961182
314,246,images/image_381.jpg,images/image_32.jpg,0.10158169269561768
568,237,images/image_70.jpg,images/image_311.jpg,0.1015821099281311
314,524,images/image_381.jpg,images/image_570.jpg,0.10158634185791016
516,165,images/image_563.jpg,images/image_247.jpg,0.10162973403930664
585,364,images/image_86.jpg,images/image_426.jpg,0.10166072845458984
314,400,images/image_381.jpg,images/image_459.jpg,0.10166525840759277
599,314,images/image_99.jpg,images/image_381.jpg,0.10167819261550903
358,49,images/image_420.jpg,images/image_142.jpg,0.1016848087310791
583,372,images/image_84.jpg,images/image_433.jpg,0.10176247358322144
537,61,images/image_582.jpg,images/image_153.jpg,0.1017996072769165
551,521,images/image_595.jpg,images/image_568.jpg,0.10183346271514893
111,383,images/image_199.jpg,images/image_443.jpg,0.10183858871459961
56,517,images/image_149.jpg,images/image_564.jpg,0.10185706615447998
188,232,images/image_268.jpg,images/image_307.jpg,0.1019335389137268
18,313,images/image_114.jpg,images/image_380.jpg,0.10193747282028198
285,578,images/image_355.jpg,images/image_8.jpg,0.10194498300552368
555,386,images/image_599.jpg,images/image_446.jpg,0.10195112228393555
248,566,images/image_321.jpg,images/image_69.jpg,0.10197514295578003
545,157,images/image_59.jpg,images/image_24.jpg,0.10197609663009644
585,321,images/image_86.jpg,images/image_388.jpg,0.10197734832763672
436,16,images/image_491.jpg,images/image_112.jpg,0.10198187828063965
541,157,images/image_586.jpg,images/image_24.jpg,0.10201919078826904
448,535,images/image_501.jpg,images/image_580.jpg,0.1020323634147644
542,331,images/image_587.jpg,images/image_397.jpg,0.10207045078277588
87,390,images/image_177.jpg,images/image_45.jpg,0.10208427906036377
582,46,images/image_83.jpg,images/image_14.jpg,0.10209602117538452
358,337,images/image_420.jpg,images/image_401.jpg,0.10211652517318726
355,469,images/image_418.jpg,images/image_520.jpg,0.10212314128875732
66,215,images/image_158.jpg,images/image_292.jpg,0.10213083028793335
198,546,images/image_277.jpg,images/image_590.jpg,0.10215604305267334
102,14,images/image_190.jpg,images/image_110.jpg,0.10216134786605835
585,275,images/image_86.jpg,images/image_346.jpg,0.10216808319091797
568,575,images/image_70.jpg,images/image_77.jpg,0.10219573974609375
575,484,images/image_77.jpg,images/image_534.jpg,0.10219573974609375
136,468,images/image_220.jpg,images/image_52.jpg,0.10220557451248169
427,386,images/image_483.jpg,images/image_446.jpg,0.10224950313568115
390,421,images/image_45.jpg,images/image_478.jpg,0.10225272178649902
571,132,images/image_73.jpg,images/image_217.jpg,0.1022636890411377
535,561,images/image_580.jpg,images/image_64.jpg,0.10231459140777588
215,244,images/image_292.jpg,images/image_318.jpg,0.10231935977935791
252,517,images/image_325.jpg,images/image_564.jpg,0.10232996940612793
511,517,images/image_559.jpg,images/image_564.jpg,0.10233336687088013
334,274,images/image_4.jpg,images/image_345.jpg,0.10234308242797852
334,485,images/image_4.jpg,images/image_535.jpg,0.10247147083282471
130,313,images/image_215.jpg,images/image_380.jpg,0.10254454612731934
443,41,images/image_498.jpg,images/image_135.jpg,0.10255873203277588
30,374,images/image_125.jpg,images/image_435.jpg,0.10257887840270996
398,69,images/image_457.jpg,images/image_160.jpg,0.10260587930679321
516,283,images/image_563.jpg,images/image_353.jpg,0.10260975360870361
30,103,images/image_125.jpg,images/image_191.jpg,0.10261392593383789
383,125,images/image_443.jpg,images/image_210.jpg,0.10267764329910278
130,61,images/image_215.jpg,images/image_153.jpg,0.10268378257751465
252,162,images/image_325.jpg,images/image_244.jpg,0.10270196199417114
578,267,images/image_8.jpg,images/image_339.jpg,0.10281068086624146
385,549,images/image_445.jpg,images/image_593.jpg,0.10284078121185303
232,370,images/image_307.jpg,images/image_431.jpg,0.10285353660583496
220,591,images/image_297.jpg,images/image_91.jpg,0.1028897762298584
313,472,images/image_380.jpg,images/image_523.jpg,0.10289561748504639
101,60,images/image_19.jpg,images/image_152.jpg,0.10291856527328491
572,274,images/image_74.jpg,images/image_345.jpg,0.10293632745742798
191,97,images/image_270.jpg,images/image_186.jpg,0.10294449329376221
111,578,images/image_199.jpg,images/image_8.jpg,0.1029512882232666
188,546,images/image_268.jpg,images/image_590.jpg,0.1029631495475769
582,20,images/image_83.jpg,images/image_116.jpg,0.10297906398773193
427,467,images/image_483.jpg,images/image_519.jpg,0.10297989845275879
315,494,images/image_382.jpg,images/image_543.jpg,0.1029844880104065
191,276,images/image_270.jpg,images/image_347.jpg,0.10299098491668701
567,256,images/image_7.jpg,images/image_329.jpg,0.10299426317214966
252,509,images/image_325.jpg,images/image_557.jpg,0.10301470756530762
215,382,images/image_292.jpg,images/image_442.jpg,0.10303115844726562
438,451,images/image_493.jpg,images/image_504.jpg,0.10305088758468628
136,125,images/image_220.jpg,images/image_210.jpg,0.10306066274642944
441,52,images/image_496.jpg,images/image_145.jpg,0.10306626558303833
369,396,images/image_430.jpg,images/image_455.jpg,0.10307753086090088
82,276,images/image_172.jpg,images/image_347.jpg,0.10308921337127686
513,132,images/image_560.jpg,images/image_217.jpg,0.10310369729995728
451,475,images/image_504.jpg,images/image_526.jpg,0.10310381650924683
582,252,images/image_83.jpg,images/image_325.jpg,0.10310757160186768
390,186,images/image_45.jpg,images/image_266.jpg,0.10311508178710938
506,103,images/image_554.jpg,images/image_191.jpg,0.10314154624938965
535,152,images/image_580.jpg,images/image_235.jpg,0.1031607985496521
383,285,images/image_443.jpg,images/image_355.jpg,0.10316115617752075
428,500,images/image_484.jpg,images/image_549.jpg,0.10318642854690552
479,337,images/image_53.jpg,images/image_401.jpg,0.1032024621963501
277,406,images/image_348.jpg,images/image_464.jpg,0.10320335626602173
585,290,images/image_86.jpg,images/image_36.jpg,0.10321301221847534
551,561,images/image_595.jpg,images/image_64.jpg,0.10321605205535889
546,458,images/image_590.jpg,images/image_510.jpg,0.10323679447174072
74,587,images/image_165.jpg,images/image_88.jpg,0.10324299335479736
136,285,images/image_220.jpg,images/image_355.jpg,0.10326135158538818
516,431,images/image_563.jpg,images/image_487.jpg,0.10327363014221191
176,220,images/image_257.jpg,images/image_297.jpg,0.10327500104904175
575,124,images/image_77.jpg,images/image_21.jpg,0.10328572988510132
136,267,images/image_220.jpg,images/image_339.jpg,0.10329210758209229
320,551,images/image_387.jpg,images/image_595.jpg,0.1033068299293518
292,186,images/image_361.jpg,images/image_266.jpg,0.10330796241760254
599,138,images/image_99.jpg,images/image_222.jpg,0.10331517457962036
525,157,images/image_571.jpg,images/image_24.jpg,0.10332131385803223
135,312,images/image_22.jpg,images/image_38.jpg,0.10332638025283813
341,127,images/image_405.jpg,images/image_212.jpg,0.10335332155227661
595,524,images/image_95.jpg,images/image_570.jpg,0.10335636138916016
554,566,images/image_598.jpg,images/image_69.jpg,0.10335910320281982
595,599,images/image_95.jpg,images/image_99.jpg,0.1033698320388794
144,61,images/image_228.jpg,images/image_153.jpg,0.10340094566345215
468,578,images/image_52.jpg,images/image_8.jpg,0.10341310501098633
355,254,images/image_418.jpg,images/image_327.jpg,0.10346311330795288
499,256,images/image_548.jpg,images/image_329.jpg,0.10349249839782715
559,71,images/image_62.jpg,images/image_162.jpg,0.10349339246749878
257,4,images/image_33.jpg,images/image_101.jpg,0.10353636741638184
479,386,images/image_53.jpg,images/image_446.jpg,0.10358786582946777
595,246,images/image_95.jpg,images/image_32.jpg,0.1035912036895752
390,25,images/image_45.jpg,images/image_120.jpg,0.10360318422317505
30,7,images/image_125.jpg,images/image_104.jpg,0.10363411903381348
595,400,images/image_95.jpg,images/image_459.jpg,0.10364460945129395
568,11,images/image_70.jpg,images/image_108.jpg,0.10365653038024902
485,92,images/image_535.jpg,images/image_181.jpg,0.10366082191467285
247,162,images/image_320.jpg,images/image_244.jpg,0.1036645770072937
15,147,images/image_111.jpg,images/image_230.jpg,0.10368674993515015
430,451,images/image_486.jpg,images/image_504.jpg,0.10370886325836182
111,188,images/image_199.jpg,images/image_268.jpg,0.1037096381187439
466,561,images/image_518.jpg,images/image_64.jpg,0.10372728109359741
320,405,images/image_387.jpg,images/image_463.jpg,0.10378527641296387
566,41,images/image_69.jpg,images/image_135.jpg,0.10380476713180542
398,584,images/image_457.jpg,images/image_85.jpg,0.10380655527114868
433,508,images/image_489.jpg,images/image_556.jpg,0.10381817817687988
259,390,images/image_331.jpg,images/image_45.jpg,0.10383963584899902
582,106,images/image_83.jpg,images/image_194.jpg,0.10384076833724976
147,186,images/image_230.jpg,images/image_266.jpg,0.10385787487030029
526,203,images/image_572.jpg,images/image_281.jpg,0.10385805368423462
597,302,images/image_97.jpg,images/image_370.jpg,0.10388016700744629
575,216,images/image_77.jpg,images/image_293.jpg,0.10388505458831787
346,76,images/image_41.jpg,images/image_167.jpg,0.10388648509979248
582,296,images/image_83.jpg,images/image_365.jpg,0.10388988256454468
315,514,images/image_382.jpg,images/image_561.jpg,0.10389405488967896
177,159,images/image_258.jpg,images/image_241.jpg,0.10396385192871094
427,597,images/image_483.jpg,images/image_97.jpg,0.10398256778717041
390,116,images/image_45.jpg,images/image_202.jpg,0.10399121046066284
559,314,images/image_62.jpg,images/image_381.jpg,0.1040007472038269
383,267,images/image_443.jpg,images/image_339.jpg,0.10400897264480591
68,413,images/image_16.jpg,images/image_470.jpg,0.10401195287704468
102,157,images/image_190.jpg,images/image_24.jpg,0.10402166843414307
503,78,images/image_551.jpg,images/image_169.jpg,0.10405641794204712
56,512,images/image_149.jpg,images/image_56.jpg,0.10405892133712769
501,507,images/image_55.jpg,images/image_555.jpg,0.10406231880187988
501,65,images/image_55.jpg,images/image_157.jpg,0.10406231880187988
455,223,images/image_508.jpg,images/image_3.jpg,0.10410982370376587
595,52,images/image_95.jpg,images/image_145.jpg,0.10413157939910889
334,375,images/image_4.jpg,images/image_436.jpg,0.10413163900375366
499,305,images/image_548.jpg,images/image_373.jpg,0.10415840148925781
428,436,images/image_484.jpg,images/image_491.jpg,0.10417532920837402
322,451,images/image_389.jpg,images/image_504.jpg,0.10417777299880981
130,536,images/image_215.jpg,images/image_581.jpg,0.10422217845916748
472,61,images/image_523.jpg,images/image_153.jpg,0.10427391529083252
427,337,images/image_483.jpg,images/image_401.jpg,0.10427814722061157
493,67,images/image_542.jpg,images/image_159.jpg,0.10427922010421753
562,409,images/image_65.jpg,images/image_467.jpg,0.10430872440338135
181,159,images/image_261.jpg,images/image_241.jpg,0.1043131947517395
587,0,images/image_88.jpg,images/image_0.jpg,0.10431629419326782
501,165,images/image_55.jpg,images/image_247.jpg,0.10431766510009766
448,116,images/image_501.jpg,images/image_202.jpg,0.10432088375091553
22,468,images/image_118.jpg,images/image_52.jpg,0.10434383153915405
441,246,images/image_496.jpg,images/image_32.jpg,0.10435068607330322
549,25,images/image_593.jpg,images/image_120.jpg,0.10438954830169678
390,169,images/image_45.jpg,images/image_250.jpg,0.10440516471862793
341,148,images/image_405.jpg,images/image_231.jpg,0.10440987348556519
572,448,images/image_74.jpg,images/image_501.jpg,0.10441112518310547
341,455,images/image_405.jpg,images/image_508.jpg,0.10447758436203003
247,512,images/image_320.jpg,images/image_56.jpg,0.104481041431427
441,400,images/image_496.jpg,images/image_459.jpg,0.10450094938278198
56,162,images/image_149.jpg,images/image_244.jpg,0.10453802347183228
396,480,images/image_455.jpg,images/image_530.jpg,0.10456329584121704
111,234,images/image_199.jpg,images/image_309.jpg,0.10457438230514526
383,468,images/image_443.jpg,images/image_52.jpg,0.10465943813323975
355,563,images/image_418.jpg,images/image_66.jpg,0.1046600341796875
68,249,images/image_16.jpg,images/image_322.jpg,0.10472738742828369
385,274,images/image_445.jpg,images/image_345.jpg,0.10486006736755371
292,127,images/image_361.jpg,images/image_212.jpg,0.10486423969268799
136,494,images/image_220.jpg,images/image_543.jpg,0.10488361120223999
231,352,images/image_306.jpg,images/image_415.jpg,0.10488921403884888
441,524,images/image_496.jpg,images/image_570.jpg,0.10488933324813843
144,536,images/image_228.jpg,images/image_581.jpg,0.10491985082626343
529,583,images/image_575.jpg,images/image_84.jpg,0.10492002964019775
441,599,images/image_496.jpg,images/image_99.jpg,0.10495835542678833
587,57,images/image_88.jpg,images/image_15.jpg,0.1049608588218689
341,532,images/image_405.jpg,images/image_578.jpg,0.10497653484344482
215,404,images/image_292.jpg,images/image_462.jpg,0.10499453544616699
519,441,images/image_566.jpg,images/image_496.jpg,0.10500174760818481
282,410,images/image_352.jpg,images/image_468.jpg,0.10501277446746826
595,258,images/image_95.jpg,images/image_330.jpg,0.10501378774642944
144,313,images/image_228.jpg,images/image_380.jpg,0.10502344369888306
80,505,images/image_170.jpg,images/image_553.jpg,0.10502392053604126
501,173,images/image_55.jpg,images/image_254.jpg,0.10502588748931885
339,380,images/image_403.jpg,images/image_440.jpg,0.10504502058029175
501,394,images/image_55.jpg,images/image_453.jpg,0.10506284236907959
390,572,images/image_45.jpg,images/image_74.jpg,0.10508477687835693
369,587,images/image_430.jpg,images/image_88.jpg,0.1051098108291626
358,26,images/image_420.jpg,images/image_121.jpg,0.10512113571166992
22,125,images/image_118.jpg,images/image_210.jpg,0.10515016317367554
511,162,images/image_559.jpg,images/image_244.jpg,0.10516130924224854
541,11,images/image_586.jpg,images/image_108.jpg,0.10518091917037964
48,41,images/image_141.jpg,images/image_135.jpg,0.10520005226135254
367,276,images/image_429.jpg,images/image_347.jpg,0.1052255630493164
482,563,images/image_532.jpg,images/image_66.jpg,0.10533076524734497
68,437,images/image_16.jpg,images/image_492.jpg,0.10535800457000732
51,271,images/image_144.jpg,images/image_342.jpg,0.10536545515060425
22,285,images/image_118.jpg,images/image_355.jpg,0.10537785291671753
568,245,images/image_70.jpg,images/image_319.jpg,0.10538864135742188
595,530,images/image_95.jpg,images/image_576.jpg,0.10540831089019775
63,111,images/image_155.jpg,images/image_199.jpg,0.10540848970413208
22,267,images/image_118.jpg,images/image_339.jpg,0.10542380809783936
595,405,images/image_95.jpg,images/image_463.jpg,0.10543149709701538
482,192,images/image_532.jpg,images/image_271.jpg,0.10543155670166016
526,470,images/image_572.jpg,images/image_521.jpg,0.10544884204864502
571,236,images/image_73.jpg,images/image_310.jpg,0.10545802116394043
559,46,images/image_62.jpg,images/image_14.jpg,0.10546785593032837
147,127,images/image_230.jpg,images/image_212.jpg,0.10549145936965942
146,317,images/image_23.jpg,images/image_384.jpg,0.10549193620681763
572,152,images/image_74.jpg,images/image_235.jpg,0.10552501678466797
376,311,images/image_437.jpg,images/image_379.jpg,0.10553288459777832
191,108,images/image_270.jpg,images/image_196.jpg,0.10555946826934814
390,148,images/image_45.jpg,images/image_231.jpg,0.10559433698654175
501,319,images/image_55.jpg,images/image_386.jpg,0.10563105344772339
385,485,images/image_445.jpg,images/image_535.jpg,0.10564178228378296
531,568,images/image_577.jpg,images/image_70.jpg,0.10566210746765137
531,484,images/image_577.jpg,images/image_534.jpg,0.10566222667694092
390,127,images/image_45.jpg,images/image_212.jpg,0.10566765069961548
504,1,images/image_552.jpg,images/image_1.jpg,0.10567045211791992
294,410,images/image_363.jpg,images/image_468.jpg,0.10569596290588379
599,237,images/image_99.jpg,images/image_311.jpg,0.1057012677192688
111,198,images/image_199.jpg,images/image_277.jpg,0.10571897029876709
517,166,images/image_564.jpg,images/image_248.jpg,0.10574579238891602
583,207,images/image_84.jpg,images/image_285.jpg,0.10577255487442017
472,536,images/image_523.jpg,images/image_581.jpg,0.10581958293914795
582,314,images/image_83.jpg,images/image_381.jpg,0.10584092140197754
501,360,images/image_55.jpg,images/image_422.jpg,0.10587918758392334
517,340,images/image_564.jpg,images/image_404.jpg,0.1059156060218811
234,78,images/image_309.jpg,images/image_169.jpg,0.10594218969345093
559,20,images/image_62.jpg,images/image_116.jpg,0.10595029592514038
542,5,images/image_587.jpg,images/image_102.jpg,0.10597217082977295
190,547,images/image_27.jpg,images/image_591.jpg,0.10597777366638184
136,175,images/image_220.jpg,images/image_256.jpg,0.10597842931747437
292,532,images/image_361.jpg,images/image_578.jpg,0.10598111152648926
68,521,images/image_16.jpg,images/image_568.jpg,0.10600274801254272
427,297,images/image_483.jpg,images/image_366.jpg,0.10601568222045898
526,437,images/image_572.jpg,images/image_492.jpg,0.10602825880050659
519,595,images/image_566.jpg,images/image_95.jpg,0.1060401201248169
504,195,images/image_552.jpg,images/image_274.jpg,0.10605019330978394
466,14,images/image_518.jpg,images/image_110.jpg,0.10605770349502563
392,13,images/image_451.jpg,images/image_11.jpg,0.10606783628463745
320,139,images/image_387.jpg,images/image_223.jpg,0.10608530044555664
292,148,images/image_361.jpg,images/image_231.jpg,0.10608726739883423
595,559,images/image_95.jpg,images/image_62.jpg,0.10610657930374146
595,139,images/image_95.jpg,images/image_223.jpg,0.10612660646438599
30,337,images/image_125.jpg,images/image_401.jpg,0.10622096061706543
501,5,images/image_55.jpg,images/image_102.jpg,0.10622286796569824
503,8,images/image_551.jpg,images/image_105.jpg,0.10622435808181763
327,249,images/image_393.jpg,images/image_322.jpg,0.1062312126159668
582,134,images/image_83.jpg,images/image_219.jpg,0.10627037286758423
30,313,images/image_125.jpg,images/image_380.jpg,0.10627740621566772
513,236,images/image_560.jpg,images/image_310.jpg,0.10629940032958984
542,306,images/image_587.jpg,images/image_374.jpg,0.10632205009460449
582,455,images/image_83.jpg,images/image_508.jpg,0.1063300371170044
288,378,images/image_358.jpg,images/image_439.jpg,0.10633957386016846
482,469,images/image_532.jpg,images/image_520.jpg,0.10634899139404297
101,155,images/image_19.jpg,images/image_238.jpg,0.10637456178665161
504,41,images/image_552.jpg,images/image_135.jpg,0.10641360282897949
480,587,images/image_530.jpg,images/image_88.jpg,0.10642290115356445
499,311,images/image_548.jpg,images/image_379.jpg,0.10643327236175537
526,399,images/image_572.jpg,images/image_458.jpg,0.10643833875656128
288,21,images/image_358.jpg,images/image_117.jpg,0.10646229982376099
234,8,images/image_309.jpg,images/image_105.jpg,0.10649508237838745
526,402,images/image_572.jpg,images/image_460.jpg,0.10652899742126465
550,458,images/image_594.jpg,images/image_510.jpg,0.1065295934677124
70,215,images/image_161.jpg,images/image_292.jpg,0.10653817653656006
582,320,images/image_83.jpg,images/image_387.jpg,0.10661441087722778
496,14,images/image_545.jpg,images/image_110.jpg,0.1066446304321289
500,132,images/image_549.jpg,images/image_217.jpg,0.10667252540588379
147,532,images/image_230.jpg,images/image_578.jpg,0.10668766498565674
587,69,images/image_88.jpg,images/image_160.jpg,0.1066887378692627
583,431,images/image_84.jpg,images/image_487.jpg,0.10670089721679688
147,148,images/image_230.jpg,images/image_231.jpg,0.10670351982116699
562,362,images/image_65.jpg,images/image_424.jpg,0.10670405626296997
381,93,images/image_441.jpg,images/image_182.jpg,0.10671651363372803
535,229,images/image_580.jpg,images/image_304.jpg,0.10676157474517822
526,413,images/image_572.jpg,images/image_470.jpg,0.10676395893096924
270,410,images/image_341.jpg,images/image_468.jpg,0.10677319765090942
517,201,images/image_564.jpg,images/image_28.jpg,0.10677599906921387
595,551,images/image_95.jpg,images/image_595.jpg,0.10677623748779297
482,384,images/image_532.jpg,images/image_444.jpg,0.10682171583175659
206,61,images/image_284.jpg,images/image_153.jpg,0.10685360431671143
526,514,images/image_572.jpg,images/image_561.jpg,0.1068686842918396
473,93,images/image_524.jpg,images/image_182.jpg,0.10688173770904541
584,161,images/image_85.jpg,images/image_243.jpg,0.1068912148475647
90,284,images/image_18.jpg,images/image_354.jpg,0.10690045356750488
22,494,images/image_118.jpg,images/image_543.jpg,0.10692638158798218
583,460,images/image_84.jpg,images/image_512.jpg,0.106941819190979
367,108,images/image_429.jpg,images/image_196.jpg,0.10695713758468628
427,463,images/image_483.jpg,images/image_515.jpg,0.10697066783905029
239,356,images/image_313.jpg,images/image_419.jpg,0.10698693990707397
593,256,images/image_93.jpg,images/image_329.jpg,0.10700619220733643
546,71,images/image_590.jpg,images/image_162.jpg,0.10703223943710327
595,223,images/image_95.jpg,images/image_3.jpg,0.10703319311141968
542,319,images/image_587.jpg,images/image_386.jpg,0.10709160566329956
567,305,images/image_7.jpg,images/image_373.jpg,0.10709404945373535
482,24,images/image_532.jpg,images/image_12.jpg,0.1071162223815918
585,561,images/image_86.jpg,images/image_64.jpg,0.10716009140014648
479,262,images/image_53.jpg,images/image_334.jpg,0.10717523097991943
542,391,images/image_587.jpg,images/image_450.jpg,0.10717803239822388
482,457,images/image_532.jpg,images/image_51.jpg,0.10717880725860596
101,145,images/image_19.jpg,images/image_229.jpg,0.10725951194763184
51,1,images/image_144.jpg,images/image_1.jpg,0.10726213455200195
427,483,images/image_483.jpg,images/image_533.jpg,0.10726380348205566
390,535,images/image_45.jpg,images/image_580.jpg,0.1072690486907959
126,284,images/image_211.jpg,images/image_354.jpg,0.10727828741073608
322,252,images/image_389.jpg,images/image_325.jpg,0.10731935501098633
525,134,images/image_571.jpg,images/image_219.jpg,0.10733300447463989
313,49,images/image_380.jpg,images/image_142.jpg,0.10739630460739136
501,516,images/image_55.jpg,images/image_563.jpg,0.1073991060256958
427,160,images/image_483.jpg,images/image_242.jpg,0.10743385553359985
234,296,images/image_309.jpg,images/image_365.jpg,0.10746073722839355
482,254,images/image_532.jpg,images/image_327.jpg,0.10747909545898438
595,582,images/image_95.jpg,images/image_83.jpg,0.10748130083084106
542,407,images/image_587.jpg,images/image_465.jpg,0.10752248764038086
499,412,images/image_548.jpg,images/image_47.jpg,0.10753989219665527
583,6,images/image_84.jpg,images/image_103.jpg,0.10756582021713257
188,296,images/image_268.jpg,images/image_365.jpg,0.10758340358734131
18,61,images/image_114.jpg,images/image_153.jpg,0.10761451721191406
519,314,images/image_566.jpg,images/image_381.jpg,0.10762292146682739
433,265,images/image_489.jpg,images/image_337.jpg,0.1076541543006897
15,292,images/image_111.jpg,images/image_361.jpg,0.10767120122909546
385,152,images/image_445.jpg,images/image_235.jpg,0.10770869255065918
598,279,images/image_98.jpg,images/image_35.jpg,0.10771036148071289
555,262,images/image_599.jpg,images/image_334.jpg,0.10776203870773315
188,252,images/image_268.jpg,images/image_325.jpg,0.10777509212493896
531,541,images/image_577.jpg,images/image_586.jpg,0.10778999328613281
234,252,images/image_309.jpg,images/image_325.jpg,0.10780513286590576
385,375,images/image_445.jpg,images/image_436.jpg,0.10780614614486694
585,106,images/image_86.jpg,images/image_194.jpg,0.10780954360961914
392,287,images/image_451.jpg,images/image_357.jpg,0.1078500747680664
257,311,images/image_33.jpg,images/image_379.jpg,0.10785025358200073
392,365,images/image_451.jpg,images/image_427.jpg,0.10791075229644775
198,78,images/image_277.jpg,images/image_169.jpg,0.1079300045967102
542,76,images/image_587.jpg,images/image_167.jpg,0.10798245668411255
136,502,images/image_220.jpg,images/image_550.jpg,0.10798811912536621
42,159,images/image_136.jpg,images/image_241.jpg,0.10798966884613037
430,252,images/image_486.jpg,images/image_325.jpg,0.10803002119064331
466,473,images/image_518.jpg,images/image_524.jpg,0.10803014039993286
136,241,images/image_220.jpg,images/image_315.jpg,0.10804027318954468
466,229,images/image_518.jpg,images/image_304.jpg,0.10805302858352661
215,27,images/image_292.jpg,images/image_122.jpg,0.1080750823020935
136,359,images/image_220.jpg,images/image_421.jpg,0.10809731483459473
575,236,images/image_77.jpg,images/image_310.jpg,0.10809832811355591
385,448,images/image_445.jpg,images/image_501.jpg,0.10813283920288086
526,389,images/image_572.jpg,images/image_449.jpg,0.10813283920288086
526,490,images/image_572.jpg,images/image_54.jpg,0.1081780195236206
562,593,images/image_65.jpg,images/image_93.jpg,0.10817933082580566
562,567,images/image_65.jpg,images/image_7.jpg,0.10818439722061157
468,30,images/image_52.jpg,images/image_125.jpg,0.10820639133453369
531,113,images/image_577.jpg,images/image_20.jpg,0.10822343826293945
583,225,images/image_84.jpg,images/image_300.jpg,0.1082349419593811
575,139,images/image_77.jpg,images/image_223.jpg,0.10826003551483154
545,11,images/image_59.jpg,images/image_108.jpg,0.10827213525772095
525,162,images/image_571.jpg,images/image_244.jpg,0.10827881097793579
525,11,images/image_571.jpg,images/image_108.jpg,0.10828608274459839
257,318,images/image_33.jpg,images/image_385.jpg,0.10833406448364258
583,283,images/image_84.jpg,images/image_353.jpg,0.10833841562271118
70,519,images/image_161.jpg,images/image_566.jpg,0.10835808515548706
232,458,images/image_307.jpg,images/image_510.jpg,0.10836005210876465
102,249,images/image_190.jpg,images/image_322.jpg,0.10836303234100342
154,249,images/image_237.jpg,images/image_322.jpg,0.10837054252624512
526,401,images/image_572.jpg,images/image_46.jpg,0.10837352275848389
390,532,images/image_45.jpg,images/image_578.jpg,0.1083993911743164
585,14,images/image_86.jpg,images/image_110.jpg,0.10845178365707397
433,318,images/image_489.jpg,images/image_385.jpg,0.10845398902893066
468,328,images/image_52.jpg,images/image_394.jpg,0.10846060514450073
206,536,images/image_284.jpg,images/image_581.jpg,0.10847842693328857
198,8,images/image_277.jpg,images/image_105.jpg,0.10848343372344971
537,71,images/image_582.jpg,images/image_162.jpg,0.10851740837097168
74,512,images/image_165.jpg,images/image_56.jpg,0.10853046178817749
499,53,images/image_548.jpg,images/image_146.jpg,0.10853683948516846
475,252,images/image_526.jpg,images/image_325.jpg,0.10857963562011719
432,238,images/image_488.jpg,images/image_312.jpg,0.10860610008239746
526,47,images/image_572.jpg,images/image_140.jpg,0.10862553119659424
541,134,images/image_586.jpg,images/image_219.jpg,0.10863369703292847
177,556,images/image_258.jpg,images/image_6.jpg,0.10863912105560303
303,438,images/image_371.jpg,images/image_493.jpg,0.10864341259002686
583,23,images/image_84.jpg,images/image_119.jpg,0.10864663124084473
526,338,images/image_572.jpg,images/image_402.jpg,0.10871964693069458
369,153,images/image_430.jpg,images/image_236.jpg,0.10873275995254517
303,475,images/image_371.jpg,images/image_526.jpg,0.1087503433227539
526,408,images/image_572.jpg,images/image_466.jpg,0.10876059532165527
248,500,images/image_321.jpg,images/image_549.jpg,0.10877090692520142
529,318,images/image_575.jpg,images/image_385.jpg,0.10888910293579102
493,409,images/image_542.jpg,images/image_467.jpg,0.10897684097290039
181,556,images/image_261.jpg,images/image_6.jpg,0.10898417234420776
303,430,images/image_371.jpg,images/image_486.jpg,0.10900259017944336
433,442,images/image_489.jpg,images/image_497.jpg,0.1090083122253418
101,147,images/image_19.jpg,images/image_230.jpg,0.1090308427810669
526,170,images/image_572.jpg,images/image_251.jpg,0.10909134149551392
428,100,images/image_484.jpg,images/image_189.jpg,0.10917478799819946
18,536,images/image_114.jpg,images/image_581.jpg,0.10922437906265259
191,312,images/image_270.jpg,images/image_38.jpg,0.10922640562057495
435,229,images/image_490.jpg,images/image_304.jpg,0.10923981666564941
209,574,images/image_287.jpg,images/image_76.jpg,0.10928303003311157
188,78,images/image_268.jpg,images/image_169.jpg,0.10933786630630493
500,236,images/image_549.jpg,images/image_310.jpg,0.10940778255462646
130,103,images/image_215.jpg,images/image_191.jpg,0.10942947864532471
396,584,images/image_455.jpg,images/image_85.jpg,0.10945957899093628
22,175,images/image_118.jpg,images/image_256.jpg,0.10946571826934814
499,598,images/image_548.jpg,images/image_98.jpg,0.10947918891906738
500,554,images/image_549.jpg,images/image_598.jpg,0.10950243473052979
367,97,images/image_429.jpg,images/image_186.jpg,0.10955190658569336
541,162,images/image_586.jpg,images/image_244.jpg,0.1095585823059082
468,91,images/image_52.jpg,images/image_180.jpg,0.10959428548812866
111,296,images/image_199.jpg,images/image_365.jpg,0.1096045970916748
277,229,images/image_348.jpg,images/image_304.jpg,0.10960924625396729
136,317,images/image_220.jpg,images/image_384.jpg,0.10962033271789551
566,1,images/image_69.jpg,images/image_1.jpg,0.10963666439056396
168,57,images/image_25.jpg,images/image_15.jpg,0.10964733362197876
496,249,images/image_545.jpg,images/image_322.jpg,0.10965925455093384
529,265,images/image_575.jpg,images/image_337.jpg,0.10967129468917847
392,19,images/image_451.jpg,images/image_115.jpg,0.10970103740692139
526,241,images/image_572.jpg,images/image_315.jpg,0.10972040891647339
214,47,images/image_291.jpg,images/image_140.jpg,0.10972243547439575
198,296,images/image_277.jpg,images/image_365.jpg,0.10972487926483154
80,250,images/image_170.jpg,images/image_323.jpg,0.10974317789077759
209,453,images/image_287.jpg,images/image_506.jpg,0.10978120565414429
188,8,images/image_268.jpg,images/image_105.jpg,0.10978484153747559
55,57,images/image_148.jpg,images/image_15.jpg,0.10978811979293823
188,240,images/image_268.jpg,images/image_314.jpg,0.10980290174484253
322,237,images/image_389.jpg,images/image_311.jpg,0.10984557867050171
369,314,images/image_430.jpg,images/image_381.jpg,0.10984921455383301
130,163,images/image_215.jpg,images/image_245.jpg,0.10985308885574341
595,78,images/image_95.jpg,images/image_169.jpg,0.10986590385437012
128,380,images/image_213.jpg,images/image_440.jpg,0.10986697673797607
555,317,images/image_599.jpg,images/image_384.jpg,0.10987663269042969
303,322,images/image_371.jpg,images/image_389.jpg,0.10990703105926514
381,535,images/image_441.jpg,images/image_580.jpg,0.10993635654449463
198,252,images/image_277.jpg,images/image_325.jpg,0.10994207859039307
313,533,images/image_380.jpg,images/image_579.jpg,0.10994851589202881
130,30,images/image_215.jpg,images/image_125.jpg,0.10995239019393921
392,272,images/image_451.jpg,images/image_343.jpg,0.1099582314491272
288,552,images/image_358.jpg,images/image_596.jpg,0.10996484756469727
367,312,images/image_429.jpg,images/image_38.jpg,0.10998272895812988
562,58,images/image_65.jpg,images/image_150.jpg,0.10999411344528198
174,380,images/image_255.jpg,images/image_440.jpg,0.10999596118927002
292,267,images/image_361.jpg,images/image_339.jpg,0.11002981662750244
168,0,images/image_25.jpg,images/image_0.jpg,0.11005920171737671
380,544,images/image_440.jpg,images/image_589.jpg,0.11007732152938843
432,212,images/image_488.jpg,images/image_29.jpg,0.11009150743484497
422,24,images/image_479.jpg,images/image_12.jpg,0.11012303829193115
598,4,images/image_98.jpg,images/image_101.jpg,0.11016219854354858
517,266,images/image_564.jpg,images/image_338.jpg,0.11019176244735718
55,0,images/image_148.jpg,images/image_0.jpg,0.1102096438407898
438,252,images/image_493.jpg,images/image_325.jpg,0.11022478342056274
517,576,images/image_564.jpg,images/image_78.jpg,0.11022865772247314
307,468,images/image_375.jpg,images/image_52.jpg,0.1102333664894104
594,11,images/image_94.jpg,images/image_108.jpg,0.1102442741394043
517,550,images/image_564.jpg,images/image_594.jpg,0.11026668548583984
90,142,images/image_18.jpg,images/image_226.jpg,0.11032378673553467
55,286,images/image_148.jpg,images/image_356.jpg,0.11035621166229248
168,286,images/image_25.jpg,images/image_356.jpg,0.11035847663879395
369,512,images/image_430.jpg,images/image_56.jpg,0.1103774905204773
188,255,images/image_268.jpg,images/image_328.jpg,0.11039012670516968
209,255,images/image_287.jpg,images/image_328.jpg,0.11039215326309204
292,468,images/image_361.jpg,images/image_52.jpg,0.1103929877281189
427,533,images/image_483.jpg,images/image_579.jpg,0.11041522026062012
214,390,images/image_291.jpg,images/image_45.jpg,0.11043453216552734
545,134,images/image_59.jpg,images/image_219.jpg,0.11044079065322876
392,156,images/image_451.jpg,images/image_239.jpg,0.11046850681304932
433,412,images/image_489.jpg,images/image_47.jpg,0.11047106981277466
292,285,images/image_361.jpg,images/image_355.jpg,0.11047780513763428
575,132,images/image_77.jpg,images/image_217.jpg,0.11047786474227905
430,237,images/image_486.jpg,images/image_311.jpg,0.11047887802124023
390,93,images/image_45.jpg,images/image_182.jpg,0.11049157381057739
144,103,images/image_228.jpg,images/image_191.jpg,0.11052381992340088
190,253,images/image_27.jpg,images/image_326.jpg,0.11054372787475586
480,153,images/image_530.jpg,images/image_236.jpg,0.1105504035949707
383,320,images/image_443.jpg,images/image_387.jpg,0.11055892705917358
422,457,images/image_479.jpg,images/image_51.jpg,0.11058193445205688
541,553,images/image_586.jpg,images/image_597.jpg,0.11060225963592529
144,163,images/image_228.jpg,images/image_245.jpg,0.11060690879821777
200,276,images/image_279.jpg,images/image_347.jpg,0.11063182353973389
562,228,images/image_65.jpg,images/image_303.jpg,0.11065274477005005
239,527,images/image_313.jpg,images/image_573.jpg,0.11066895723342896
196,356,images/image_275.jpg,images/image_419.jpg,0.11074858903884888
90,469,images/image_18.jpg,images/image_520.jpg,0.11074918508529663
575,582,images/image_77.jpg,images/image_83.jpg,0.11079281568527222
369,441,images/image_430.jpg,images/image_496.jpg,0.11079293489456177
531,525,images/image_577.jpg,images/image_571.jpg,0.11080920696258545
422,49,images/image_479.jpg,images/image_142.jpg,0.1108245849609375
74,153,images/image_165.jpg,images/image_236.jpg,0.11083060503005981
102,521,images/image_190.jpg,images/image_568.jpg,0.11084198951721191
435,375,images/image_490.jpg,images/image_436.jpg,0.11084979772567749
214,233,images/image_291.jpg,images/image_308.jpg,0.11085116863250732
307,125,images/image_375.jpg,images/image_210.jpg,0.11085253953933716
136,374,images/image_220.jpg,images/image_435.jpg,0.11087590456008911
531,545,images/image_577.jpg,images/image_59.jpg,0.11088055372238159
214,461,images/image_291.jpg,images/image_513.jpg,0.11088329553604126
39,238,images/image_133.jpg,images/image_312.jpg,0.11088365316390991
546,273,images/image_590.jpg,images/image_344.jpg,0.11089861392974854
392,281,images/image_451.jpg,images/image_351.jpg,0.11090874671936035
239,361,images/image_313.jpg,images/image_423.jpg,0.11092209815979004
209,240,images/image_287.jpg,images/image_314.jpg,0.11093896627426147
232,71,images/image_307.jpg,images/image_162.jpg,0.11101430654525757
257,376,images/image_33.jpg,images/image_437.jpg,0.11101555824279785
398,251,images/image_457.jpg,images/image_324.jpg,0.11102420091629028
598,165,images/image_98.jpg,images/image_247.jpg,0.1110527515411377
584,587,images/image_85.jpg,images/image_88.jpg,0.11105281114578247
126,142,images/image_211.jpg,images/image_226.jpg,0.11105746030807495
327,14,images/image_393.jpg,images/image_110.jpg,0.11106014251708984
529,311,images/image_575.jpg,images/image_379.jpg,0.11106806993484497
15,455,images/image_111.jpg,images/image_508.jpg,0.11108535528182983
307,285,images/image_375.jpg,images/image_355.jpg,0.11108845472335815
504,335,images/image_552.jpg,images/image_40.jpg,0.11108994483947754
529,412,images/image_575.jpg,images/image_47.jpg,0.11109375953674316
475,237,images/image_526.jpg,images/image_311.jpg,0.11110174655914307
422,533,images/image_479.jpg,images/image_579.jpg,0.11116611957550049
493,593,images/image_542.jpg,images/image_93.jpg,0.11116671562194824
546,40,images/image_590.jpg,images/image_134.jpg,0.11116927862167358
472,103,images/image_523.jpg,images/image_191.jpg,0.11118167638778687
593,305,images/image_93.jpg,images/image_373.jpg,0.11118900775909424
22,317,images/image_118.jpg,images/image_384.jpg,0.1112179160118103
66,168,images/image_158.jpg,images/image_25.jpg,0.1112329363822937
307,267,images/image_375.jpg,images/image_339.jpg,0.11123603582382202
66,55,images/image_158.jpg,images/image_148.jpg,0.11125034093856812
535,334,images/image_580.jpg,images/image_4.jpg,0.11125636100769043
315,502,images/image_382.jpg,images/image_550.jpg,0.11126786470413208
22,502,images/image_118.jpg,images/image_550.jpg,0.11128109693527222
188,453,images/image_268.jpg,images/image_506.jpg,0.1112966537475586
357,589,images/image_42.jpg,images/image_9.jpg,0.11130225658416748
541,456,images/image_586.jpg,images/image_509.jpg,0.11135339736938477
468,558,images/image_52.jpg,images/image_61.jpg,0.11136072874069214
598,347,images/image_98.jpg,images/image_410.jpg,0.11139929294586182
494,30,images/image_543.jpg,images/image_125.jpg,0.1114012598991394
392,75,images/image_451.jpg,images/image_166.jpg,0.11140942573547363
493,362,images/image_542.jpg,images/image_424.jpg,0.11141514778137207
392,222,images/image_451.jpg,images/image_299.jpg,0.11142700910568237
545,162,images/image_59.jpg,images/image_244.jpg,0.11143463850021362
504,242,images/image_552.jpg,images/image_316.jpg,0.11143767833709717
277,381,images/image_348.jpg,images/image_441.jpg,0.1114572286605835
277,334,images/image_348.jpg,images/image_4.jpg,0.11148101091384888
531,73,images/image_577.jpg,images/image_164.jpg,0.11148357391357422
392,445,images/image_451.jpg,images/image_5.jpg,0.1114877462387085
468,537,images/image_52.jpg,images/image_582.jpg,0.11150670051574707
472,163,images/image_523.jpg,images/image_245.jpg,0.11152464151382446
468,543,images/image_52.jpg,images/image_588.jpg,0.11152839660644531
423,499,images/image_48.jpg,images/image_548.jpg,0.11153393983840942
126,469,images/image_211.jpg,images/image_520.jpg,0.11154907941818237
292,125,images/image_361.jpg,images/image_210.jpg,0.11156010627746582
566,271,images/image_69.jpg,images/image_342.jpg,0.11156481504440308
136,7,images/image_220.jpg,images/image_104.jpg,0.11156690120697021
537,125,images/image_582.jpg,images/image_210.jpg,0.1115727424621582
15,20,images/image_111.jpg,images/image_116.jpg,0.11160290241241455
22,241,images/image_118.jpg,images/image_315.jpg,0.11160802841186523
480,314,images/image_530.jpg,images/image_381.jpg,0.11162704229354858
598,349,images/image_98.jpg,images/image_412.jpg,0.11165118217468262
369,595,images/image_430.jpg,images/image_95.jpg,0.11166369915008545
595,33,images/image_95.jpg,images/image_128.jpg,0.11173492670059204
574,188,images/image_76.jpg,images/image_268.jpg,0.1117713451385498
381,435,images/image_441.jpg,images/image_490.jpg,0.11178028583526611
598,79,images/image_98.jpg,images/image_17.jpg,0.11180227994918823
518,24,images/image_565.jpg,images/image_12.jpg,0.1118168830871582
466,381,images/image_518.jpg,images/image_441.jpg,0.11183434724807739
595,201,images/image_95.jpg,images/image_28.jpg,0.1118767261505127
357,422,images/image_42.jpg,images/image_479.jpg,0.11189568042755127
599,252,images/image_99.jpg,images/image_325.jpg,0.11190414428710938
427,49,images/image_483.jpg,images/image_142.jpg,0.1119149923324585
74,314,images/image_165.jpg,images/image_381.jpg,0.11191791296005249
366,432,images/image_428.jpg,images/image_488.jpg,0.11192375421524048
198,240,images/image_277.jpg,images/image_314.jpg,0.11192548274993896
504,179,images/image_552.jpg,images/image_26.jpg,0.11193060874938965
541,141,images/image_586.jpg,images/image_225.jpg,0.11195611953735352
480,512,images/image_530.jpg,images/image_56.jpg,0.11196911334991455
368,392,images/image_43.jpg,images/image_451.jpg,0.11200451850891113
531,197,images/image_577.jpg,images/image_276.jpg,0.11203199625015259
583,407,images/image_84.jpg,images/image_465.jpg,0.11221522092819214
466,390,images/image_518.jpg,images/image_45.jpg,0.11225003004074097
472,30,images/image_523.jpg,images/image_125.jpg,0.11225950717926025
434,392,images/image_49.jpg,images/image_451.jpg,0.1122637391090393
168,69,images/image_25.jpg,images/image_160.jpg,0.1122666597366333
168,382,images/image_25.jpg,images/image_442.jpg,0.112271249294281
382,55,images/image_442.jpg,images/image_148.jpg,0.11227411031723022
518,457,images/image_565.jpg,images/image_51.jpg,0.11227476596832275
356,194,images/image_419.jpg,images/image_273.jpg,0.1123238205909729
435,485,images/image_490.jpg,images/image_535.jpg,0.11232423782348633
482,590,images/image_532.jpg,images/image_90.jpg,0.11232805252075195
307,494,images/image_375.jpg,images/image_543.jpg,0.11232960224151611
473,406,images/image_524.jpg,images/image_464.jpg,0.11234855651855469
435,334,images/image_490.jpg,images/image_4.jpg,0.11235034465789795
39,212,images/image_133.jpg,images/image_29.jpg,0.11238884925842285
234,240,images/image_309.jpg,images/image_314.jpg,0.11241328716278076
482,9,images/image_532.jpg,images/image_106.jpg,0.11242818832397461
315,175,images/image_382.jpg,images/image_256.jpg,0.11243987083435059
589,24,images/image_9.jpg,images/image_12.jpg,0.11246651411056519
313,26,images/image_380.jpg,images/image_121.jpg,0.11246901750564575
494,537,images/image_543.jpg,images/image_582.jpg,0.11247909069061279
482,2,images/image_532.jpg,images/image_10.jpg,0.11251115798950195
198,255,images/image_277.jpg,images/image_328.jpg,0.11252868175506592
589,49,images/image_9.jpg,images/image_142.jpg,0.11255735158920288
385,239,images/image_445.jpg,images/image_313.jpg,0.11260032653808594
294,21,images/image_363.jpg,images/image_117.jpg,0.1126067042350769
356,538,images/image_419.jpg,images/image_583.jpg,0.11260968446731567
496,406,images/image_545.jpg,images/image_464.jpg,0.11261618137359619
504,171,images/image_552.jpg,images/image_252.jpg,0.11261743307113647
480,441,images/image_530.jpg,images/image_496.jpg,0.11262071132659912
206,30,images/image_284.jpg,images/image_125.jpg,0.11262619495391846
80,520,images/image_170.jpg,images/image_567.jpg,0.11264002323150635
550,162,images/image_594.jpg,images/image_244.jpg,0.11264157295227051
562,583,images/image_65.jpg,images/image_84.jpg,0.11266422271728516
80,209,images/image_170.jpg,images/image_287.jpg,0.1126665472984314
15,46,images/image_111.jpg,images/image_14.jpg,0.11268836259841919
264,509,images/image_336.jpg,images/image_557.jpg,0.11269915103912354
567,77,images/image_7.jpg,images/image_168.jpg,0.11270546913146973
200,108,images/image_279.jpg,images/image_196.jpg,0.11272525787353516
423,279,images/image_48.jpg,images/image_35.jpg,0.11273211240768433
325,410,images/image_391.jpg,images/image_468.jpg,0.11273974180221558
292,494,images/image_361.jpg,images/image_543.jpg,0.11274093389511108
482,395,images/image_532.jpg,images/image_454.jpg,0.11274546384811401
206,386,images/image_284.jpg,images/image_446.jpg,0.11274886131286621
556,42,images/image_6.jpg,images/image_136.jpg,0.11277139186859131
294,304,images/image_363.jpg,images/image_372.jpg,0.11281979084014893
583,332,images/image_84.jpg,images/image_398.jpg,0.1128307580947876
503,52,images/image_551.jpg,images/image_145.jpg,0.1128377914428711
294,299,images/image_363.jpg,images/image_368.jpg,0.11284494400024414
74,441,images/image_165.jpg,images/image_496.jpg,0.11285090446472168
589,533,images/image_9.jpg,images/image_579.jpg,0.11286413669586182
593,77,images/image_93.jpg,images/image_168.jpg,0.11288666725158691
589,457,images/image_9.jpg,images/image_51.jpg,0.11292612552642822
433,311,images/image_489.jpg,images/image_379.jpg,0.11293274164199829
435,549,images/image_490.jpg,images/image_593.jpg,0.112937331199646
594,531,images/image_94.jpg,images/image_577.jpg,0.11294853687286377
363,271,images/image_425.jpg,images/image_342.jpg,0.11294931173324585
438,237,images/image_493.jpg,images/image_311.jpg,0.11295074224472046
571,16,images/image_73.jpg,images/image_112.jpg,0.11295491456985474
294,378,images/image_363.jpg,images/image_439.jpg,0.11295616626739502
518,49,images/image_565.jpg,images/image_142.jpg,0.11296999454498291
473,140,images/image_524.jpg,images/image_224.jpg,0.11297738552093506
234,255,images/image_309.jpg,images/image_328.jpg,0.11298280954360962
594,118,images/image_94.jpg,images/image_204.jpg,0.11300688982009888
88,317,images/image_178.jpg,images/image_384.jpg,0.11301285028457642
282,21,images/image_352.jpg,images/image_117.jpg,0.11303764581680298
504,376,images/image_552.jpg,images/image_437.jpg,0.11303764581680298
504,81,images/image_552.jpg,images/image_171.jpg,0.11308395862579346
101,292,images/image_19.jpg,images/image_361.jpg,0.11310362815856934
519,153,images/image_566.jpg,images/image_236.jpg,0.11314088106155396
479,317,images/image_53.jpg,images/image_384.jpg,0.11316752433776855
513,16,images/image_560.jpg,images/image_112.jpg,0.1131787896156311
200,539,images/image_279.jpg,images/image_584.jpg,0.11318278312683105
545,456,images/image_59.jpg,images/image_509.jpg,0.11319416761398315
545,553,images/image_59.jpg,images/image_597.jpg,0.11321532726287842
130,386,images/image_215.jpg,images/image_446.jpg,0.11325240135192871
583,306,images/image_84.jpg,images/image_374.jpg,0.11325293779373169
594,134,images/image_94.jpg,images/image_219.jpg,0.11325955390930176
518,533,images/image_565.jpg,images/image_579.jpg,0.11329704523086548
529,542,images/image_575.jpg,images/image_587.jpg,0.11330091953277588
599,531,images/image_99.jpg,images/image_577.jpg,0.11330175399780273
554,159,images/image_598.jpg,images/image_241.jpg,0.11330944299697876
537,267,images/image_582.jpg,images/image_339.jpg,0.11333227157592773
537,285,images/image_582.jpg,images/image_355.jpg,0.113350510597229
357,518,images/image_42.jpg,images/image_565.jpg,0.11336052417755127
288,496,images/image_358.jpg,images/image_545.jpg,0.11338889598846436
51,41,images/image_144.jpg,images/image_135.jpg,0.11343491077423096
198,453,images/image_277.jpg,images/image_506.jpg,0.11343961954116821
299,345,images/image_368.jpg,images/image_409.jpg,0.11344856023788452
70,78,images/image_161.jpg,images/image_169.jpg,0.11346203088760376
480,595,images/image_530.jpg,images/image_95.jpg,0.11346769332885742
422,26,images/image_479.jpg,images/image_121.jpg,0.113494873046875
339,119,images/image_403.jpg,images/image_205.jpg,0.11350476741790771
466,334,images/image_518.jpg,images/image_4.jpg,0.11357331275939941
117,444,images/image_203.jpg,images/image_499.jpg,0.11363482475280762
589,238,images/image_9.jpg,images/image_312.jpg,0.11363905668258667
479,276,images/image_53.jpg,images/image_347.jpg,0.11364871263504028
109,533,images/image_197.jpg,images/image_579.jpg,0.11365282535552979
351,357,images/image_414.jpg,images/image_42.jpg,0.11366057395935059
493,567,images/image_542.jpg,images/image_7.jpg,0.11369019746780396
74,595,images/image_165.jpg,images/image_95.jpg,0.11373269557952881
18,386,images/image_114.jpg,images/image_446.jpg,0.11373388767242432
206,103,images/image_284.jpg,images/image_191.jpg,0.11380493640899658
200,492,images/image_279.jpg,images/image_541.jpg,0.11381924152374268
426,271,images/image_482.jpg,images/image_342.jpg,0.11381936073303223
583,391,images/image_84.jpg,images/image_450.jpg,0.11383950710296631
589,107,images/image_9.jpg,images/image_195.jpg,0.1138421893119812
585,249,images/image_86.jpg,images/image_322.jpg,0.11385738849639893
352,345,images/image_415.jpg,images/image_409.jpg,0.1138681173324585
234,453,images/image_309.jpg,images/image_506.jpg,0.11390620470046997
90,395,images/image_18.jpg,images/image_454.jpg,0.11390960216522217
398,37,images/image_457.jpg,images/image_131.jpg,0.11391019821166992
472,386,images/image_523.jpg,images/image_446.jpg,0.1139291524887085
198,574,images/image_277.jpg,images/image_76.jpg,0.11394178867340088
248,159,images/image_321.jpg,images/image_241.jpg,0.11394989490509033
70,55,images/image_161.jpg,images/image_148.jpg,0.11396753787994385
468,419,images/image_52.jpg,images/image_476.jpg,0.11396938562393188
599,11,images/image_99.jpg,images/image_108.jpg,0.11399805545806885
339,108,images/image_403.jpg,images/image_196.jpg,0.11406242847442627
234,52,images/image_309.jpg,images/image_145.jpg,0.11407238245010376
70,168,images/image_161.jpg,images/image_25.jpg,0.11409175395965576
366,589,images/image_428.jpg,images/image_9.jpg,0.11412900686264038
351,24,images/image_414.jpg,images/image_12.jpg,0.11413633823394775
432,268,images/image_488.jpg,images/image_34.jpg,0.11415040493011475
282,378,images/image_352.jpg,images/image_439.jpg,0.11418062448501587
39,366,images/image_133.jpg,images/image_428.jpg,0.11421281099319458
206,163,images/image_284.jpg,images/image_245.jpg,0.11423569917678833
293,533,images/image_362.jpg,images/image_579.jpg,0.11427295207977295
126,395,images/image_211.jpg,images/image_454.jpg,0.11428606510162354
144,386,images/image_228.jpg,images/image_446.jpg,0.11429685354232788
566,256,images/image_69.jpg,images/image_329.jpg,0.11430686712265015
422,384,images/image_479.jpg,images/image_444.jpg,0.11432111263275146
504,501,images/image_552.jpg,images/image_55.jpg,0.11434876918792725
422,238,images/image_479.jpg,images/image_312.jpg,0.11435467004776001
494,328,images/image_543.jpg,images/image_394.jpg,0.11435496807098389
594,162,images/image_94.jpg,images/image_244.jpg,0.11436492204666138
234,574,images/image_309.jpg,images/image_76.jpg,0.1143830418586731
168,404,images/image_25.jpg,images/image_462.jpg,0.11439281702041626
404,55,images/image_462.jpg,images/image_148.jpg,0.11439645290374756
422,107,images/image_479.jpg,images/image_195.jpg,0.1144108772277832
315,374,images/image_382.jpg,images/image_435.jpg,0.11441433429718018
528,533,images/image_574.jpg,images/image_579.jpg,0.11441534757614136
277,145,images/image_348.jpg,images/image_229.jpg,0.11443185806274414
583,77,images/image_84.jpg,images/image_168.jpg,0.11443215608596802
196,527,images/image_275.jpg,images/image_573.jpg,0.11445462703704834
102,289,images/image_190.jpg,images/image_359.jpg,0.11448931694030762
206,317,images/image_284.jpg,images/image_384.jpg,0.11449790000915527
315,241,images/image_382.jpg,images/image_315.jpg,0.11451834440231323
473,572,images/image_524.jpg,images/image_74.jpg,0.11451911926269531
436,229,images/image_491.jpg,images/image_304.jpg,0.11459082365036011
351,457,images/image_414.jpg,images/image_51.jpg,0.11459517478942871
315,359,images/image_382.jpg,images/image_421.jpg,0.11459589004516602
109,26,images/image_197.jpg,images/image_121.jpg,0.1145976185798645
422,192,images/image_479.jpg,images/image_271.jpg,0.1146312952041626
147,267,images/image_230.jpg,images/image_339.jpg,0.1146501898765564
583,263,images/image_84.jpg,images/image_335.jpg,0.11466634273529053
421,596,images/image_478.jpg,images/image_96.jpg,0.11466991901397705
18,103,images/image_114.jpg,images/image_191.jpg,0.11467999219894409
361,196,images/image_423.jpg,images/image_275.jpg,0.1147117018699646
270,21,images/image_341.jpg,images/image_117.jpg,0.11471617221832275
555,276,images/image_599.jpg,images/image_347.jpg,0.11477065086364746
232,273,images/image_307.jpg,images/image_344.jpg,0.11478167772293091
39,86,images/image_133.jpg,images/image_176.jpg,0.11478739976882935
545,141,images/image_59.jpg,images/image_225.jpg,0.11481153964996338
366,422,images/image_428.jpg,images/image_479.jpg,0.11482065916061401
130,317,images/image_215.jpg,images/image_384.jpg,0.1149483323097229
315,7,images/image_382.jpg,images/image_104.jpg,0.11495256423950195
18,30,images/image_114.jpg,images/image_125.jpg,0.1149529218673706
546,129,images/image_590.jpg,images/image_214.jpg,0.11495804786682129
578,320,images/image_8.jpg,images/image_387.jpg,0.11498743295669556
545,348,images/image_59.jpg,images/image_411.jpg,0.11498814821243286
554,344,images/image_598.jpg,images/image_408.jpg,0.11499530076980591
232,40,images/image_307.jpg,images/image_134.jpg,0.11501485109329224
18,163,images/image_114.jpg,images/image_245.jpg,0.11502963304519653
147,468,images/image_230.jpg,images/image_52.jpg,0.11503434181213379
277,16,images/image_348.jpg,images/image_112.jpg,0.11503827571868896
546,425,images/image_590.jpg,images/image_481.jpg,0.11504852771759033
494,419,images/image_543.jpg,images/image_476.jpg,0.11505430936813354
234,237,images/image_309.jpg,images/image_311.jpg,0.11506927013397217
421,301,images/image_478.jpg,images/image_37.jpg,0.11510968208312988
566,305,images/image_69.jpg,images/image_373.jpg,0.11513537168502808
594,553,images/image_94.jpg,images/image_597.jpg,0.11514317989349365
496,16,images/image_545.jpg,images/image_112.jpg,0.11517590284347534
39,210,images/image_133.jpg,images/image_288.jpg,0.11521309614181519
589,26,images/image_9.jpg,images/image_121.jpg,0.11523556709289551
294,496,images/image_363.jpg,images/image_545.jpg,0.11528074741363525
589,212,images/image_9.jpg,images/image_29.jpg,0.11536169052124023
361,132,images/image_423.jpg,images/image_217.jpg,0.11537230014801025
494,91,images/image_543.jpg,images/image_180.jpg,0.11538368463516235
130,307,images/image_215.jpg,images/image_375.jpg,0.11538392305374146
592,389,images/image_92.jpg,images/image_449.jpg,0.11538797616958618
363,1,images/image_425.jpg,images/image_1.jpg,0.11538881063461304
206,337,images/image_284.jpg,images/image_401.jpg,0.11539888381958008
146,386,images/image_23.jpg,images/image_446.jpg,0.11545056104660034
352,353,images/image_415.jpg,images/image_416.jpg,0.11547571420669556
190,252,images/image_27.jpg,images/image_325.jpg,0.11547696590423584
130,22,images/image_215.jpg,images/image_118.jpg,0.11553972959518433
546,183,images/image_590.jpg,images/image_263.jpg,0.11554306745529175
500,406,images/image_549.jpg,images/image_464.jpg,0.11557537317276001
438,547,images/image_493.jpg,images/image_591.jpg,0.11557918787002563
436,145,images/image_491.jpg,images/image_229.jpg,0.11558139324188232
475,547,images/image_526.jpg,images/image_591.jpg,0.11558234691619873
87,596,images/image_177.jpg,images/image_96.jpg,0.11559116840362549
427,26,images/image_483.jpg,images/image_121.jpg,0.11562585830688477
435,274,images/image_490.jpg,images/image_345.jpg,0.11563098430633545
518,26,images/image_565.jpg,images/image_121.jpg,0.11564481258392334
117,588,images/image_203.jpg,images/image_89.jpg,0.11564630270004272
571,248,images/image_73.jpg,images/image_321.jpg,0.11564922332763672
299,353,images/image_368.jpg,images/image_416.jpg,0.11571383476257324
555,108,images/image_599.jpg,images/image_196.jpg,0.11573421955108643
70,8,images/image_161.jpg,images/image_105.jpg,0.11574572324752808
130,337,images/image_215.jpg,images/image_401.jpg,0.11574620008468628
598,376,images/image_98.jpg,images/image_437.jpg,0.11575353145599365
352,121,images/image_415.jpg,images/image_207.jpg,0.11575764417648315
518,238,images/image_565.jpg,images/image_312.jpg,0.11576300859451294
422,563,images/image_479.jpg,images/image_66.jpg,0.11580222845077515
527,132,images/image_573.jpg,images/image_217.jpg,0.11584782600402832
430,547,images/image_486.jpg,images/image_591.jpg,0.11586558818817139
554,513,images/image_598.jpg,images/image_560.jpg,0.11586809158325195
351,49,images/image_414.jpg,images/image_142.jpg,0.11587131023406982
444,569,images/image_499.jpg,images/image_71.jpg,0.11587774753570557
518,107,images/image_565.jpg,images/image_195.jpg,0.11589831113815308
594,509,images/image_94.jpg,images/image_557.jpg,0.11589944362640381
472,317,images/image_523.jpg,images/image_384.jpg,0.11592161655426025
351,238,images/image_414.jpg,images/image_312.jpg,0.115925133228302
270,378,images/image_341.jpg,images/image_439.jpg,0.1159258484840393
191,297,images/image_270.jpg,images/image_366.jpg,0.11593341827392578
102,413,images/image_190.jpg,images/image_470.jpg,0.11593347787857056
571,140,images/image_73.jpg,images/image_224.jpg,0.11593359708786011
527,194,images/image_573.jpg,images/image_273.jpg,0.11595922708511353
546,158,images/image_590.jpg,images/image_240.jpg,0.115966796875
339,276,images/image_403.jpg,images/image_347.jpg,0.1159849762916565
588,537,images/image_89.jpg,images/image_582.jpg,0.11600655317306519
339,312,images/image_403.jpg,images/image_38.jpg,0.11602652072906494
594,456,images/image_94.jpg,images/image_509.jpg,0.11603498458862305
518,384,images/image_565.jpg,images/image_444.jpg,0.11604195833206177
554,556,images/image_598.jpg,images/image_6.jpg,0.11606132984161377
315,317,images/image_382.jpg,images/image_384.jpg,0.11606615781784058
422,212,images/image_479.jpg,images/image_29.jpg,0.11607754230499268
423,376,images/image_48.jpg,images/image_437.jpg,0.11609560251235962
293,26,images/image_362.jpg,images/image_121.jpg,0.11619174480438232
361,194,images/image_423.jpg,images/image_273.jpg,0.1161952018737793
214,301,images/image_291.jpg,images/image_37.jpg,0.11619901657104492
351,533,images/image_414.jpg,images/image_579.jpg,0.11622440814971924
518,366,images/image_565.jpg,images/image_428.jpg,0.11623972654342651
351,107,images/image_414.jpg,images/image_195.jpg,0.11626875400543213
191,160,images/image_270.jpg,images/image_242.jpg,0.11627781391143799
230,238,images/image_305.jpg,images/image_312.jpg,0.11627840995788574
51,257,images/image_144.jpg,images/image_33.jpg,0.11628490686416626
259,596,images/image_331.jpg,images/image_96.jpg,0.11630898714065552
528,26,images/image_574.jpg,images/image_121.jpg,0.11631333827972412
596,214,images/image_96.jpg,images/image_291.jpg,0.11631560325622559
294,333,images/image_363.jpg,images/image_399.jpg,0.11632412672042847
598,29,images/image_98.jpg,images/image_124.jpg,0.11634135246276855
518,192,images/image_565.jpg,images/image_271.jpg,0.11636269092559814
294,552,images/image_363.jpg,images/image_596.jpg,0.11637169122695923
527,538,images/image_573.jpg,images/image_583.jpg,0.11637169122695923
432,357,images/image_488.jpg,images/image_42.jpg,0.11640602350234985
39,268,images/image_133.jpg,images/image_34.jpg,0.11640626192092896
18,317,images/image_114.jpg,images/image_384.jpg,0.1164279580116272
204,444,images/image_282.jpg,images/image_499.jpg,0.11645698547363281
18,337,images/image_114.jpg,images/image_401.jpg,0.11646288633346558
351,366,images/image_414.jpg,images/image_428.jpg,0.1164635419845581
472,337,images/image_523.jpg,images/image_401.jpg,0.11648398637771606
333,345,images/image_399.jpg,images/image_409.jpg,0.11653196811676025
546,309,images/image_590.jpg,images/image_377.jpg,0.11653673648834229
307,514,images/image_375.jpg,images/image_561.jpg,0.11654454469680786
592,490,images/image_92.jpg,images/image_54.jpg,0.11655139923095703
313,22,images/image_380.jpg,images/image_118.jpg,0.11658531427383423
361,538,images/image_423.jpg,images/image_583.jpg,0.11660236120223999
556,248,images/image_6.jpg,images/image_321.jpg,0.11662822961807251
554,298,images/image_598.jpg,images/image_367.jpg,0.11664086580276489
554,571,images/image_598.jpg,images/image_73.jpg,0.11664092540740967
584,153,images/image_85.jpg,images/image_236.jpg,0.11665040254592896
299,121,images/image_368.jpg,images/image_207.jpg,0.11670911312103271
589,384,images/image_9.jpg,images/image_444.jpg,0.11672025918960571
322,547,images/image_389.jpg,images/image_591.jpg,0.11672985553741455
259,301,images/image_331.jpg,images/image_37.jpg,0.11673706769943237
555,119,images/image_599.jpg,images/image_205.jpg,0.11675190925598145
426,1,images/image_482.jpg,images/image_1.jpg,0.11676865816116333
546,497,images/image_590.jpg,images/image_546.jpg,0.1168026328086853
299,429,images/image_368.jpg,images/image_485.jpg,0.11681222915649414
86,432,images/image_176.jpg,images/image_488.jpg,0.11681610345840454
144,337,images/image_228.jpg,images/image_401.jpg,0.11681914329528809
385,196,images/image_445.jpg,images/image_275.jpg,0.11683207750320435
352,429,images/image_415.jpg,images/image_485.jpg,0.11684256792068481
523,533,images/image_57.jpg,images/image_579.jpg,0.11686116456985474
436,381,images/image_491.jpg,images/image_441.jpg,0.1168973445892334
144,30,images/image_228.jpg,images/image_125.jpg,0.11692911386489868
549,140,images/image_593.jpg,images/image_224.jpg,0.11696934700012207
102,437,images/image_190.jpg,images/image_492.jpg,0.1169736385345459
589,192,images/image_9.jpg,images/image_271.jpg,0.11697477102279663
63,320,images/image_155.jpg,images/image_387.jpg,0.1169857382774353
477,509,images/image_528.jpg,images/image_557.jpg,0.11699104309082031
135,297,images/image_22.jpg,images/image_366.jpg,0.11701428890228271
519,71,images/image_566.jpg,images/image_162.jpg,0.11703038215637207
486,533,images/image_536.jpg,images/image_579.jpg,0.11704015731811523
538,92,images/image_583.jpg,images/image_181.jpg,0.11704367399215698
111,531,images/image_199.jpg,images/image_577.jpg,0.11705070734024048
144,317,images/image_228.jpg,images/image_384.jpg,0.11706256866455078
571,93,images/image_73.jpg,images/image_182.jpg,0.11706823110580444
435,448,images/image_490.jpg,images/image_501.jpg,0.11710762977600098
535,473,images/image_580.jpg,images/image_524.jpg,0.11712884902954102
288,28,images/image_358.jpg,images/image_123.jpg,0.1172286868095398
512,584,images/image_56.jpg,images/image_85.jpg,0.11725598573684692
17,514,images/image_113.jpg,images/image_561.jpg,0.11726313829421997
436,334,images/image_491.jpg,images/image_4.jpg,0.11726969480514526
421,211,images/image_478.jpg,images/image_289.jpg,0.11730337142944336
339,97,images/image_403.jpg,images/image_186.jpg,0.11732298135757446
130,136,images/image_215.jpg,images/image_220.jpg,0.1173255443572998
468,370,images/image_52.jpg,images/image_431.jpg,0.1173710823059082
494,558,images/image_543.jpg,images/image_61.jpg,0.1173713207244873
259,47,images/image_331.jpg,images/image_140.jpg,0.11739927530288696
494,147,images/image_543.jpg,images/image_230.jpg,0.11742359399795532
135,160,images/image_22.jpg,images/image_242.jpg,0.11742663383483887
588,419,images/image_89.jpg,images/image_476.jpg,0.11747205257415771
215,503,images/image_292.jpg,images/image_551.jpg,0.11748528480529785
518,212,images/image_565.jpg,images/image_29.jpg,0.11749553680419922
518,563,images/image_565.jpg,images/image_66.jpg,0.11754131317138672
325,496,images/image_391.jpg,images/image_545.jpg,0.11759114265441895
550,456,images/image_594.jpg,images/image_509.jpg,0.1175946593284607
146,337,images/image_23.jpg,images/image_401.jpg,0.11761593818664551
307,472,images/image_375.jpg,images/image_523.jpg,0.11763942241668701
39,336,images/image_133.jpg,images/image_400.jpg,0.11766350269317627
351,212,images/image_414.jpg,images/image_29.jpg,0.1176835298538208
231,239,images/image_306.jpg,images/image_313.jpg,0.11771100759506226
459,550,images/image_511.jpg,images/image_594.jpg,0.11772137880325317
538,123,images/image_583.jpg,images/image_209.jpg,0.11780279874801636
174,119,images/image_255.jpg,images/image_205.jpg,0.11781656742095947
230,212,images/image_305.jpg,images/image_29.jpg,0.11782103776931763
594,348,images/image_94.jpg,images/image_411.jpg,0.11783075332641602
39,110,images/image_133.jpg,images/image_198.jpg,0.11787241697311401
39,115,images/image_133.jpg,images/image_201.jpg,0.11787241697311401
569,588,images/image_71.jpg,images/image_89.jpg,0.11787694692611694
472,22,images/image_523.jpg,images/image_118.jpg,0.11787766218185425
206,307,images/image_284.jpg,images/image_375.jpg,0.11787909269332886
282,552,images/image_352.jpg,images/image_596.jpg,0.11788123846054077
592,163,images/image_92.jpg,images/image_245.jpg,0.11792647838592529
90,254,images/image_18.jpg,images/image_327.jpg,0.11794263124465942
191,467,images/image_270.jpg,images/image_519.jpg,0.11795657873153687
584,314,images/image_85.jpg,images/image_381.jpg,0.11798375844955444
594,211,images/image_94.jpg,images/image_289.jpg,0.11799353361129761
592,413,images/image_92.jpg,images/image_470.jpg,0.11804002523422241
315,103,images/image_382.jpg,images/image_191.jpg,0.1180657148361206
550,134,images/image_594.jpg,images/image_219.jpg,0.11806845664978027
99,550,images/image_188.jpg,images/image_594.jpg,0.11807912588119507
523,26,images/image_57.jpg,images/image_121.jpg,0.11810988187789917
84,349,images/image_174.jpg,images/image_412.jpg,0.1181153655052185
128,119,images/image_213.jpg,images/image_205.jpg,0.11814236640930176
589,563,images/image_9.jpg,images/image_66.jpg,0.11814695596694946
190,237,images/image_27.jpg,images/image_311.jpg,0.1181643009185791
486,26,images/image_536.jpg,images/image_121.jpg,0.11818629503250122
206,22,images/image_284.jpg,images/image_118.jpg,0.11822682619094849
385,538,images/image_445.jpg,images/image_583.jpg,0.1182512640953064
585,521,images/image_86.jpg,images/image_568.jpg,0.11830461025238037
594,517,images/image_94.jpg,images/image_564.jpg,0.11833131313323975
191,597,images/image_270.jpg,images/image_97.jpg,0.11839079856872559
210,432,images/image_288.jpg,images/image_488.jpg,0.11839783191680908
594,141,images/image_94.jpg,images/image_225.jpg,0.11840200424194336
90,244,images/image_18.jpg,images/image_318.jpg,0.11843186616897583
421,47,images/image_478.jpg,images/image_140.jpg,0.11843752861022949
351,384,images/image_414.jpg,images/image_444.jpg,0.11844289302825928
550,419,images/image_594.jpg,images/image_476.jpg,0.118502676486969
459,35,images/image_511.jpg,images/image_13.jpg,0.1185036301612854
126,254,images/image_211.jpg,images/image_327.jpg,0.11852484941482544
39,324,images/image_133.jpg,images/image_390.jpg,0.11852902173995972
445,349,images/image_5.jpg,images/image_412.jpg,0.11854946613311768
333,353,images/image_399.jpg,images/image_416.jpg,0.11855947971343994
259,233,images/image_331.jpg,images/image_308.jpg,0.11857330799102783
109,49,images/image_197.jpg,images/image_142.jpg,0.11859762668609619
304,345,images/image_372.jpg,images/image_409.jpg,0.11860239505767822
369,553,images/image_430.jpg,images/image_597.jpg,0.11864322423934937
589,268,images/image_9.jpg,images/image_34.jpg,0.11865639686584473
487,533,images/image_537.jpg,images/image_579.jpg,0.11870509386062622
385,194,images/image_445.jpg,images/image_273.jpg,0.11872029304504395
352,26,images/image_415.jpg,images/image_121.jpg,0.11873078346252441
39,357,images/image_133.jpg,images/image_42.jpg,0.11873483657836914
191,463,images/image_270.jpg,images/image_515.jpg,0.1187371015548706
546,43,images/image_590.jpg,images/image_137.jpg,0.11875742673873901
571,466,images/image_73.jpg,images/image_518.jpg,0.11875933408737183
231,295,images/image_306.jpg,images/image_364.jpg,0.11880272626876831
204,588,images/image_282.jpg,images/image_89.jpg,0.11882621049880981
99,35,images/image_188.jpg,images/image_13.jpg,0.11883920431137085
250,574,images/image_323.jpg,images/image_76.jpg,0.11885237693786621
257,279,images/image_33.jpg,images/image_35.jpg,0.11888086795806885
550,537,images/image_594.jpg,images/image_582.jpg,0.11889785528182983
215,57,images/image_292.jpg,images/image_15.jpg,0.1189078688621521
135,467,images/image_22.jpg,images/image_519.jpg,0.11893385648727417
259,461,images/image_331.jpg,images/image_513.jpg,0.11894053220748901
259,211,images/image_331.jpg,images/image_289.jpg,0.11898690462112427
550,348,images/image_594.jpg,images/image_411.jpg,0.11902850866317749
512,251,images/image_56.jpg,images/image_324.jpg,0.11913317441940308
231,496,images/image_306.jpg,images/image_545.jpg,0.11913406848907471
584,441,images/image_85.jpg,images/image_496.jpg,0.11916160583496094
174,108,images/image_255.jpg,images/image_196.jpg,0.11918449401855469
333,121,images/image_399.jpg,images/image_207.jpg,0.11923426389694214
294,28,images/image_363.jpg,images/image_123.jpg,0.11930090188980103
39,565,images/image_133.jpg,images/image_68.jpg,0.11930471658706665
135,597,images/image_22.jpg,images/image_97.jpg,0.11932384967803955
387,271,images/image_447.jpg,images/image_342.jpg,0.1193246841430664
422,268,images/image_479.jpg,images/image_34.jpg,0.11934506893157959
250,453,images/image_323.jpg,images/image_506.jpg,0.119351327419281
444,537,images/image_499.jpg,images/image_582.jpg,0.11940014362335205
64,550,images/image_156.jpg,images/image_594.jpg,0.11949020624160767
554,295,images/image_598.jpg,images/image_364.jpg,0.11950033903121948
487,26,images/image_537.jpg,images/image_121.jpg,0.11953425407409668
421,233,images/image_478.jpg,images/image_308.jpg,0.11954361200332642
336,432,images/image_400.jpg,images/image_488.jpg,0.11954444646835327
293,49,images/image_362.jpg,images/image_142.jpg,0.11954718828201294
17,502,images/image_113.jpg,images/image_550.jpg,0.11956489086151123
270,552,images/image_341.jpg,images/image_596.jpg,0.11958807706832886
215,0,images/image_292.jpg,images/image_0.jpg,0.11958950757980347
191,112,images/image_270.jpg,images/image_2.jpg,0.11964106559753418
528,49,images/image_574.jpg,images/image_142.jpg,0.11964637041091919
511,153,images/image_559.jpg,images/image_236.jpg,0.11969244480133057
472,136,images/image_523.jpg,images/image_220.jpg,0.11969614028930664
315,130,images/image_382.jpg,images/image_215.jpg,0.11974948644638062
191,208,images/image_270.jpg,images/image_286.jpg,0.11975449323654175
544,119,images/image_589.jpg,images/image_205.jpg,0.11978495121002197
230,366,images/image_305.jpg,images/image_428.jpg,0.11982280015945435
135,112,images/image_22.jpg,images/image_2.jpg,0.1198236346244812
333,429,images/image_399.jpg,images/image_485.jpg,0.11984479427337646
110,432,images/image_198.jpg,images/image_488.jpg,0.11987876892089844
115,432,images/image_201.jpg,images/image_488.jpg,0.11987876892089844
257,499,images/image_33.jpg,images/image_548.jpg,0.1199001669883728
396,251,images/image_455.jpg,images/image_324.jpg,0.11990398168563843
436,375,images/image_491.jpg,images/image_436.jpg,0.11990773677825928
231,298,images/image_306.jpg,images/image_367.jpg,0.11991339921951294
231,571,images/image_306.jpg,images/image_73.jpg,0.11991345882415771
421,461,images/image_478.jpg,images/image_513.jpg,0.11991924047470093
432,107,images/image_488.jpg,images/image_195.jpg,0.119922935962677
135,463,images/image_22.jpg,images/image_515.jpg,0.1199347972869873
584,595,images/image_85.jpg,images/image_95.jpg,0.11995792388916016
250,255,images/image_323.jpg,images/image_328.jpg,0.11997073888778687
191,483,images/image_270.jpg,images/image_533.jpg,0.1199759840965271
555,355,images/image_599.jpg,images/image_418.jpg,0.12001162767410278
164,464,images/image_246.jpg,images/image_516.jpg,0.12002551555633545
206,136,images/image_284.jpg,images/image_220.jpg,0.12008804082870483
128,108,images/image_213.jpg,images/image_196.jpg,0.12009495496749878
135,208,images/image_22.jpg,images/image_286.jpg,0.12010538578033447
307,313,images/image_375.jpg,images/image_380.jpg,0.12012028694152832
422,590,images/image_479.jpg,images/image_90.jpg,0.12013518810272217
18,307,images/image_114.jpg,images/image_375.jpg,0.12013787031173706
64,35,images/image_156.jpg,images/image_13.jpg,0.12022531032562256
445,165,images/image_5.jpg,images/image_247.jpg,0.1202472448348999
361,236,images/image_423.jpg,images/image_310.jpg,0.12024998664855957
253,438,images/image_326.jpg,images/image_493.jpg,0.12029492855072021
585,157,images/image_86.jpg,images/image_24.jpg,0.12039893865585327
480,553,images/image_530.jpg,images/image_597.jpg,0.12042558193206787
240,250,images/image_314.jpg,images/image_323.jpg,0.12051129341125488
99,218,images/image_188.jpg,images/image_295.jpg,0.12052404880523682
496,428,images/image_545.jpg,images/image_484.jpg,0.1205412745475769
174,312,images/image_255.jpg,images/image_38.jpg,0.12054741382598877
550,581,images/image_594.jpg,images/image_82.jpg,0.12054777145385742
572,295,images/image_74.jpg,images/image_364.jpg,0.12056243419647217
304,353,images/image_372.jpg,images/image_416.jpg,0.120597243309021
500,93,images/image_549.jpg,images/image_182.jpg,0.12061989307403564
253,475,images/image_326.jpg,images/image_526.jpg,0.12064886093139648
527,236,images/image_573.jpg,images/image_310.jpg,0.12070351839065552
566,311,images/image_69.jpg,images/image_379.jpg,0.12074458599090576
324,432,images/image_390.jpg,images/image_488.jpg,0.12078320980072021
356,132,images/image_419.jpg,images/image_217.jpg,0.12079274654388428
518,268,images/image_565.jpg,images/image_34.jpg,0.1208045482635498
234,531,images/image_309.jpg,images/image_577.jpg,0.12090307474136353
74,553,images/image_165.jpg,images/image_597.jpg,0.1209302544593811
511,314,images/image_559.jpg,images/image_381.jpg,0.12093961238861084
307,317,images/image_375.jpg,images/image_384.jpg,0.1209668517112732
352,151,images/image_415.jpg,images/image_234.jpg,0.12097108364105225
444,419,images/image_499.jpg,images/image_476.jpg,0.1210055947303772
39,330,images/image_133.jpg,images/image_396.jpg,0.12105995416641235
253,430,images/image_326.jpg,images/image_486.jpg,0.12112700939178467
555,97,images/image_599.jpg,images/image_186.jpg,0.12113392353057861
352,185,images/image_415.jpg,images/image_265.jpg,0.12113964557647705
135,483,images/image_22.jpg,images/image_533.jpg,0.12114238739013672
174,276,images/image_255.jpg,images/image_347.jpg,0.12117922306060791
352,49,images/image_415.jpg,images/image_142.jpg,0.12123048305511475
512,260,images/image_56.jpg,images/image_332.jpg,0.12123793363571167
459,218,images/image_511.jpg,images/image_295.jpg,0.1212611198425293
64,218,images/image_156.jpg,images/image_295.jpg,0.12127643823623657
352,533,images/image_415.jpg,images/image_579.jpg,0.12128973007202148
363,41,images/image_425.jpg,images/image_135.jpg,0.12129980325698853
39,59,images/image_133.jpg,images/image_151.jpg,0.1213231086730957
304,121,images/image_372.jpg,images/image_207.jpg,0.12134295701980591
385,132,images/image_445.jpg,images/image_217.jpg,0.12140804529190063
327,473,images/image_393.jpg,images/image_524.jpg,0.12140840291976929
128,312,images/image_213.jpg,images/image_38.jpg,0.12140846252441406
500,466,images/image_549.jpg,images/image_518.jpg,0.12142598628997803
436,485,images/image_491.jpg,images/image_535.jpg,0.12143492698669434
325,21,images/image_391.jpg,images/image_117.jpg,0.12144553661346436
126,244,images/image_211.jpg,images/image_318.jpg,0.1214708685874939
247,153,images/image_320.jpg,images/image_236.jpg,0.12147480249404907
325,28,images/image_391.jpg,images/image_123.jpg,0.12152010202407837
571,428,images/image_73.jpg,images/image_484.jpg,0.12153112888336182
327,295,images/image_393.jpg,images/image_364.jpg,0.12159544229507446
432,565,images/image_488.jpg,images/image_68.jpg,0.12159967422485352
598,41,images/image_98.jpg,images/image_135.jpg,0.12166333198547363
39,488,images/image_133.jpg,images/image_538.jpg,0.12170761823654175
253,322,images/image_326.jpg,images/image_389.jpg,0.12174415588378906
544,108,images/image_589.jpg,images/image_196.jpg,0.12179362773895264
215,69,images/image_292.jpg,images/image_160.jpg,0.12180125713348389
315,313,images/image_382.jpg,images/image_380.jpg,0.1218036413192749
518,590,images/image_565.jpg,images/image_90.jpg,0.12181264162063599
398,217,images/image_457.jpg,images/image_294.jpg,0.1218419075012207
511,441,images/image_559.jpg,images/image_496.jpg,0.12186223268508911
445,347,images/image_5.jpg,images/image_410.jpg,0.12188714742660522
512,539,images/image_56.jpg,images/image_584.jpg,0.12189650535583496
39,44,images/image_133.jpg,images/image_138.jpg,0.12190359830856323
304,429,images/image_372.jpg,images/image_485.jpg,0.1219327449798584
523,49,images/image_57.jpg,images/image_142.jpg,0.12195086479187012
512,37,images/image_56.jpg,images/image_131.jpg,0.12197166681289673
352,119,images/image_415.jpg,images/image_205.jpg,0.12202149629592896
436,549,images/image_491.jpg,images/image_593.jpg,0.1220749020576477
128,276,images/image_213.jpg,images/image_347.jpg,0.12208062410354614
486,49,images/image_536.jpg,images/image_142.jpg,0.12210673093795776
315,472,images/image_382.jpg,images/image_523.jpg,0.12212735414505005
415,464,images/image_472.jpg,images/image_516.jpg,0.12213754653930664
500,392,images/image_549.jpg,images/image_451.jpg,0.1221541166305542
325,378,images/image_391.jpg,images/image_439.jpg,0.12219417095184326
380,119,images/image_440.jpg,images/image_205.jpg,0.1222183108329773
39,107,images/image_133.jpg,images/image_195.jpg,0.12223374843597412
70,52,images/image_161.jpg,images/image_145.jpg,0.12224721908569336
352,476,images/image_415.jpg,images/image_527.jpg,0.12233740091323853
426,41,images/image_482.jpg,images/image_135.jpg,0.12236911058425903
230,268,images/image_305.jpg,images/image_34.jpg,0.12236917018890381
387,1,images/image_447.jpg,images/image_1.jpg,0.12238872051239014
39,420,images/image_133.jpg,images/image_477.jpg,0.12239885330200195
174,97,images/image_255.jpg,images/image_186.jpg,0.12241101264953613
56,153,images/image_149.jpg,images/image_236.jpg,0.12242013216018677
555,482,images/image_599.jpg,images/image_532.jpg,0.12244772911071777
288,304,images/image_358.jpg,images/image_372.jpg,0.12248110771179199
206,315,images/image_284.jpg,images/image_382.jpg,0.12253117561340332
315,61,images/image_382.jpg,images/image_153.jpg,0.12256258726119995
367,526,images/image_429.jpg,images/image_572.jpg,0.12263447046279907
589,590,images/image_9.jpg,images/image_90.jpg,0.1226491928100586
572,298,images/image_74.jpg,images/image_367.jpg,0.12275993824005127
572,571,images/image_74.jpg,images/image_73.jpg,0.12275993824005127
538,231,images/image_583.jpg,images/image_306.jpg,0.12279117107391357
396,37,images/image_455.jpg,images/image_131.jpg,0.12279224395751953
511,595,images/image_559.jpg,images/image_95.jpg,0.1228061318397522
288,299,images/image_358.jpg,images/image_368.jpg,0.12281596660614014
581,35,images/image_82.jpg,images/image_13.jpg,0.12287372350692749
247,314,images/image_320.jpg,images/image_381.jpg,0.12291765213012695
146,39,images/image_23.jpg,images/image_133.jpg,0.12294971942901611
144,22,images/image_228.jpg,images/image_118.jpg,0.12296628952026367
144,307,images/image_228.jpg,images/image_375.jpg,0.12297916412353516
352,187,images/image_415.jpg,images/image_267.jpg,0.12301081418991089
503,354,images/image_551.jpg,images/image_417.jpg,0.12301880121231079
59,432,images/image_151.jpg,images/image_488.jpg,0.12303668260574341
538,349,images/image_583.jpg,images/image_412.jpg,0.12304526567459106
17,374,images/image_113.jpg,images/image_435.jpg,0.12310147285461426
544,312,images/image_589.jpg,images/image_38.jpg,0.1231113076210022
439,409,images/image_494.jpg,images/image_467.jpg,0.12316817045211792
445,29,images/image_5.jpg,images/image_124.jpg,0.12324398756027222
17,7,images/image_113.jpg,images/image_104.jpg,0.12331676483154297
294,352,images/image_363.jpg,images/image_415.jpg,0.12335038185119629
599,157,images/image_99.jpg,images/image_24.jpg,0.12338066101074219
598,566,images/image_98.jpg,images/image_69.jpg,0.1234096884727478
330,432,images/image_396.jpg,images/image_488.jpg,0.12344884872436523
432,488,images/image_488.jpg,images/image_538.jpg,0.1234859824180603
554,499,images/image_598.jpg,images/image_548.jpg,0.12351471185684204
540,550,images/image_585.jpg,images/image_594.jpg,0.12354576587677002
86,230,images/image_176.jpg,images/image_305.jpg,0.12359499931335449
398,243,images/image_457.jpg,images/image_317.jpg,0.12359851598739624
589,9,images/image_9.jpg,images/image_106.jpg,0.12360930442810059
477,551,images/image_528.jpg,images/image_595.jpg,0.1236918568611145
487,49,images/image_537.jpg,images/image_142.jpg,0.12370181083679199
572,513,images/image_74.jpg,images/image_560.jpg,0.1237337589263916
520,574,images/image_567.jpg,images/image_76.jpg,0.1237342357635498
544,276,images/image_589.jpg,images/image_347.jpg,0.12381380796432495
477,405,images/image_528.jpg,images/image_463.jpg,0.12381845712661743
398,260,images/image_457.jpg,images/image_332.jpg,0.12383008003234863
36,464,images/image_130.jpg,images/image_516.jpg,0.12383973598480225
519,557,images/image_566.jpg,images/image_60.jpg,0.1238487958908081
356,84,images/image_419.jpg,images/image_174.jpg,0.12387394905090332
449,39,images/image_502.jpg,images/image_133.jpg,0.1238970160484314
56,314,images/image_149.jpg,images/image_381.jpg,0.12390607595443726
327,298,images/image_393.jpg,images/image_367.jpg,0.12392556667327881
247,441,images/image_320.jpg,images/image_496.jpg,0.12395709753036499
562,542,images/image_65.jpg,images/image_587.jpg,0.12398421764373779
550,509,images/image_594.jpg,images/image_557.jpg,0.12418997287750244
109,463,images/image_197.jpg,images/image_515.jpg,0.12420874834060669
554,473,images/image_598.jpg,images/image_524.jpg,0.12423980236053467
44,432,images/image_138.jpg,images/image_488.jpg,0.1242552399635315
453,520,images/image_506.jpg,images/image_567.jpg,0.12426066398620605
589,2,images/image_9.jpg,images/image_10.jpg,0.12435400485992432
230,357,images/image_305.jpg,images/image_42.jpg,0.12443435192108154
572,344,images/image_74.jpg,images/image_408.jpg,0.12444508075714111
550,557,images/image_594.jpg,images/image_60.jpg,0.12447208166122437
352,189,images/image_415.jpg,images/image_269.jpg,0.12449228763580322
398,474,images/image_457.jpg,images/image_525.jpg,0.12449944019317627
292,509,images/image_361.jpg,images/image_557.jpg,0.12454915046691895
88,386,images/image_178.jpg,images/image_446.jpg,0.12458181381225586
146,432,images/image_23.jpg,images/image_488.jpg,0.12458741664886475
535,295,images/image_580.jpg,images/image_364.jpg,0.12461507320404053
589,180,images/image_9.jpg,images/image_260.jpg,0.12464582920074463
90,27,images/image_18.jpg,images/image_122.jpg,0.12465423345565796
421,118,images/image_478.jpg,images/image_204.jpg,0.12466037273406982
144,136,images/image_228.jpg,images/image_220.jpg,0.12474650144577026
519,581,images/image_566.jpg,images/image_82.jpg,0.12475794553756714
503,261,images/image_551.jpg,images/image_333.jpg,0.12477695941925049
101,455,images/image_19.jpg,images/image_508.jpg,0.12478506565093994
554,279,images/image_598.jpg,images/image_35.jpg,0.12479203939437866
423,500,images/image_48.jpg,images/image_549.jpg,0.12482291460037231
503,55,images/image_551.jpg,images/image_148.jpg,0.12485235929489136
549,100,images/image_593.jpg,images/image_189.jpg,0.12485301494598389
436,274,images/image_491.jpg,images/image_345.jpg,0.124855637550354
247,595,images/image_320.jpg,images/image_95.jpg,0.12486857175827026
255,520,images/image_328.jpg,images/image_567.jpg,0.12489652633666992
168,503,images/image_25.jpg,images/image_551.jpg,0.12494683265686035
56,441,images/image_149.jpg,images/image_496.jpg,0.12494862079620361
369,201,images/image_430.jpg,images/image_28.jpg,0.12497150897979736
522,194,images/image_569.jpg,images/image_273.jpg,0.12497729063034058
109,483,images/image_197.jpg,images/image_533.jpg,0.12498188018798828
109,160,images/image_197.jpg,images/image_242.jpg,0.124997079372406
549,154,images/image_593.jpg,images/image_237.jpg,0.12500029802322388
544,97,images/image_589.jpg,images/image_186.jpg,0.12504881620407104
398,539,images/image_457.jpg,images/image_584.jpg,0.12506884336471558
307,175,images/image_375.jpg,images/image_256.jpg,0.12512648105621338
109,467,images/image_197.jpg,images/image_519.jpg,0.12518596649169922
352,388,images/image_415.jpg,images/image_448.jpg,0.12533622980117798
584,201,images/image_85.jpg,images/image_28.jpg,0.12533783912658691
210,230,images/image_288.jpg,images/image_305.jpg,0.12542283535003662
240,520,images/image_314.jpg,images/image_567.jpg,0.12544679641723633
540,519,images/image_585.jpg,images/image_566.jpg,0.125451922416687
352,380,images/image_415.jpg,images/image_440.jpg,0.12545239925384521
101,20,images/image_19.jpg,images/image_116.jpg,0.12547647953033447
421,155,images/image_478.jpg,images/image_238.jpg,0.12548774480819702
599,296,images/image_99.jpg,images/image_365.jpg,0.12549513578414917
528,358,images/image_574.jpg,images/image_420.jpg,0.12551617622375488
510,39,images/image_558.jpg,images/image_133.jpg,0.125652015209198
420,432,images/image_477.jpg,images/image_488.jpg,0.12572932243347168
291,257,images/image_360.jpg,images/image_33.jpg,0.1257835030555725
333,185,images/image_399.jpg,images/image_265.jpg,0.12578964233398438
333,151,images/image_399.jpg,images/image_234.jpg,0.12584912776947021
56,595,images/image_149.jpg,images/image_95.jpg,0.12586653232574463
396,260,images/image_455.jpg,images/image_332.jpg,0.12587976455688477
540,35,images/image_585.jpg,images/image_13.jpg,0.12593722343444824
307,502,images/image_375.jpg,images/image_550.jpg,0.12594729661941528
288,333,images/image_358.jpg,images/image_399.jpg,0.126004159450531
584,553,images/image_85.jpg,images/image_597.jpg,0.12607192993164062
443,257,images/image_498.jpg,images/image_33.jpg,0.1261146068572998
587,251,images/image_88.jpg,images/image_324.jpg,0.1262022852897644
352,414,images/image_415.jpg,images/image_471.jpg,0.12620818614959717
363,257,images/image_425.jpg,images/image_33.jpg,0.12628823518753052
529,213,images/image_575.jpg,images/image_290.jpg,0.1262984275817871
259,118,images/image_331.jpg,images/image_204.jpg,0.1263188123703003
503,570,images/image_551.jpg,images/image_72.jpg,0.1263400912284851
325,552,images/image_391.jpg,images/image_596.jpg,0.12636548280715942
436,448,images/image_491.jpg,images/image_501.jpg,0.126381516456604
299,185,images/image_368.jpg,images/image_265.jpg,0.12638425827026367
230,336,images/image_305.jpg,images/image_400.jpg,0.12645357847213745
432,312,images/image_488.jpg,images/image_38.jpg,0.12645602226257324
101,46,images/image_19.jpg,images/image_14.jpg,0.12648802995681763
88,337,images/image_178.jpg,images/image_401.jpg,0.12649518251419067
487,463,images/image_537.jpg,images/image_515.jpg,0.12650400400161743
146,351,images/image_23.jpg,images/image_414.jpg,0.12651926279067993
385,236,images/image_445.jpg,images/image_310.jpg,0.1265195608139038
110,230,images/image_198.jpg,images/image_305.jpg,0.12652242183685303
115,230,images/image_201.jpg,images/image_305.jpg,0.12652242183685303
178,464,images/image_259.jpg,images/image_516.jpg,0.1265275478363037
503,506,images/image_551.jpg,images/image_554.jpg,0.12653648853302002
299,151,images/image_368.jpg,images/image_234.jpg,0.12658101320266724
206,312,images/image_284.jpg,images/image_38.jpg,0.12658554315567017
477,582,images/image_528.jpg,images/image_83.jpg,0.12659895420074463
480,201,images/image_530.jpg,images/image_28.jpg,0.12660986185073853
423,305,images/image_48.jpg,images/image_373.jpg,0.12661045789718628
549,327,images/image_593.jpg,images/image_393.jpg,0.12670791149139404
477,139,images/image_528.jpg,images/image_223.jpg,0.12674689292907715
396,539,images/image_455.jpg,images/image_584.jpg,0.1268327236175537
333,476,images/image_399.jpg,images/image_527.jpg,0.12686419486999512
352,149,images/image_415.jpg,images/image_232.jpg,0.12686806917190552
557,35,images/image_60.jpg,images/image_13.jpg,0.1268751621246338
304,185,images/image_372.jpg,images/image_265.jpg,0.12690412998199463
304,151,images/image_372.jpg,images/image_234.jpg,0.12694251537322998
535,571,images/image_580.jpg,images/image_73.jpg,0.12694859504699707
535,298,images/image_580.jpg,images/image_367.jpg,0.12694859504699707
512,163,images/image_56.jpg,images/image_245.jpg,0.12695157527923584
352,219,images/image_415.jpg,images/image_296.jpg,0.12699687480926514
247,201,images/image_320.jpg,images/image_28.jpg,0.12702125310897827
99,264,images/image_188.jpg,images/image_336.jpg,0.12702709436416626
523,463,images/image_57.jpg,images/image_515.jpg,0.1271265745162964
109,597,images/image_197.jpg,images/image_97.jpg,0.12717878818511963
486,463,images/image_536.jpg,images/image_515.jpg,0.12720441818237305
432,449,images/image_488.jpg,images/image_502.jpg,0.12725955247879028
369,258,images/image_430.jpg,images/image_330.jpg,0.12727409601211548
383,264,images/image_443.jpg,images/image_336.jpg,0.12728393077850342
367,337,images/image_429.jpg,images/image_401.jpg,0.12729084491729736
144,315,images/image_228.jpg,images/image_382.jpg,0.1272977590560913
487,160,images/image_537.jpg,images/image_242.jpg,0.12734460830688477
293,358,images/image_362.jpg,images/image_420.jpg,0.1273471713066101
299,476,images/image_368.jpg,images/image_527.jpg,0.1273820400238037
99,477,images/image_188.jpg,images/image_528.jpg,0.12739288806915283
487,483,images/image_537.jpg,images/image_533.jpg,0.12745094299316406
352,479,images/image_415.jpg,images/image_53.jpg,0.12747132778167725
333,187,images/image_399.jpg,images/image_267.jpg,0.12747544050216675
307,241,images/image_375.jpg,images/image_315.jpg,0.12748587131500244
307,359,images/image_375.jpg,images/image_421.jpg,0.12752830982208252
487,467,images/image_537.jpg,images/image_519.jpg,0.1275935173034668
436,152,images/image_491.jpg,images/image_235.jpg,0.12766027450561523
72,464,images/image_163.jpg,images/image_516.jpg,0.12766772508621216
126,27,images/image_211.jpg,images/image_122.jpg,0.12770485877990723
584,258,images/image_85.jpg,images/image_330.jpg,0.12775546312332153
459,264,images/image_511.jpg,images/image_336.jpg,0.12776249647140503
367,386,images/image_429.jpg,images/image_446.jpg,0.12778419256210327
64,264,images/image_156.jpg,images/image_336.jpg,0.12780386209487915
527,84,images/image_573.jpg,images/image_174.jpg,0.12781298160552979
554,376,images/image_598.jpg,images/image_437.jpg,0.12783247232437134
496,275,images/image_545.jpg,images/image_346.jpg,0.12784451246261597
146,589,images/image_23.jpg,images/image_9.jpg,0.12787508964538574
535,513,images/image_580.jpg,images/image_560.jpg,0.12787997722625732
472,175,images/image_523.jpg,images/image_256.jpg,0.12789589166641235
472,17,images/image_523.jpg,images/image_113.jpg,0.12792080640792847
304,476,images/image_372.jpg,images/image_527.jpg,0.12793338298797607
523,483,images/image_57.jpg,images/image_533.jpg,0.12793368101119995
523,160,images/image_57.jpg,images/image_242.jpg,0.12798285484313965
523,467,images/image_57.jpg,images/image_519.jpg,0.12801986932754517
230,324,images/image_305.jpg,images/image_390.jpg,0.12802249193191528
486,483,images/image_536.jpg,images/image_533.jpg,0.12802410125732422
299,187,images/image_368.jpg,images/image_267.jpg,0.12804162502288818
164,224,images/image_246.jpg,images/image_30.jpg,0.12804216146469116
486,160,images/image_536.jpg,images/image_242.jpg,0.12804383039474487
352,411,images/image_415.jpg,images/image_469.jpg,0.128045916557312
585,289,images/image_86.jpg,images/image_359.jpg,0.12810355424880981
64,477,images/image_156.jpg,images/image_528.jpg,0.12813979387283325
486,467,images/image_536.jpg,images/image_519.jpg,0.12814056873321533
555,352,images/image_599.jpg,images/image_415.jpg,0.12815409898757935
62,297,images/image_154.jpg,images/image_366.jpg,0.12818747758865356
464,498,images/image_516.jpg,images/image_547.jpg,0.1282145380973816
459,477,images/image_511.jpg,images/image_528.jpg,0.12823045253753662
387,41,images/image_447.jpg,images/image_135.jpg,0.12829136848449707
572,361,images/image_74.jpg,images/image_423.jpg,0.1282990574836731
472,312,images/image_523.jpg,images/image_38.jpg,0.12832266092300415
206,17,images/image_284.jpg,images/image_113.jpg,0.12836116552352905
230,107,images/image_305.jpg,images/image_195.jpg,0.1283864974975586
572,123,images/image_74.jpg,images/image_209.jpg,0.1284162998199463
339,355,images/image_403.jpg,images/image_418.jpg,0.12843286991119385
109,297,images/image_197.jpg,images/image_366.jpg,0.1285313367843628
304,187,images/image_372.jpg,images/image_267.jpg,0.12860119342803955
423,159,images/image_48.jpg,images/image_241.jpg,0.12863731384277344
512,536,images/image_56.jpg,images/image_581.jpg,0.12864309549331665
339,482,images/image_403.jpg,images/image_532.jpg,0.12869757413864136
307,103,images/image_375.jpg,images/image_191.jpg,0.12871712446212769
146,422,images/image_23.jpg,images/image_479.jpg,0.1287732720375061
421,205,images/image_478.jpg,images/image_283.jpg,0.12879341840744019
230,565,images/image_305.jpg,images/image_68.jpg,0.1287943720817566
62,160,images/image_154.jpg,images/image_242.jpg,0.12881815433502197
527,572,images/image_573.jpg,images/image_74.jpg,0.12883341312408447
369,138,images/image_430.jpg,images/image_222.jpg,0.12885987758636475
333,26,images/image_399.jpg,images/image_121.jpg,0.1288663148880005
480,258,images/image_530.jpg,images/image_330.jpg,0.1289198398590088
146,518,images/image_23.jpg,images/image_565.jpg,0.12896257638931274
230,548,images/image_305.jpg,images/image_592.jpg,0.12898504734039307
322,574,images/image_389.jpg,images/image_76.jpg,0.12898796796798706
182,39,images/image_262.jpg,images/image_133.jpg,0.12898844480514526
432,510,images/image_488.jpg,images/image_558.jpg,0.12899994850158691
500,140,images/image_549.jpg,images/image_224.jpg,0.12902939319610596
584,138,images/image_85.jpg,images/image_222.jpg,0.12903767824172974
427,112,images/image_483.jpg,images/image_2.jpg,0.12916362285614014
572,500,images/image_74.jpg,images/image_549.jpg,0.1291683316230774
333,189,images/image_399.jpg,images/image_269.jpg,0.1291886568069458
418,464,images/image_475.jpg,images/image_516.jpg,0.129200279712677
438,574,images/image_493.jpg,images/image_76.jpg,0.12926477193832397
562,318,images/image_65.jpg,images/image_385.jpg,0.12929391860961914
59,230,images/image_151.jpg,images/image_305.jpg,0.12930649518966675
304,26,images/image_372.jpg,images/image_121.jpg,0.12933087348937988
562,265,images/image_65.jpg,images/image_337.jpg,0.12933838367462158
383,218,images/image_443.jpg,images/image_295.jpg,0.12934911251068115
549,277,images/image_593.jpg,images/image_348.jpg,0.12942379713058472
339,26,images/image_403.jpg,images/image_121.jpg,0.12943828105926514
383,477,images/image_443.jpg,images/image_528.jpg,0.12944048643112183
307,374,images/image_375.jpg,images/image_435.jpg,0.1294611096382141
299,189,images/image_368.jpg,images/image_269.jpg,0.1294630765914917
587,37,images/image_88.jpg,images/image_131.jpg,0.12946408987045288
230,447,images/image_305.jpg,images/image_500.jpg,0.12947511672973633
487,597,images/image_537.jpg,images/image_97.jpg,0.12957286834716797
423,344,images/image_48.jpg,images/image_408.jpg,0.12957638502120972
304,380,images/image_372.jpg,images/image_440.jpg,0.12962037324905396
88,39,images/image_178.jpg,images/image_133.jpg,0.12963175773620605
48,257,images/image_141.jpg,images/image_33.jpg,0.12963593006134033
472,514,images/image_523.jpg,images/image_561.jpg,0.12967032194137573
15,421,images/image_111.jpg,images/image_478.jpg,0.12970203161239624
15,87,images/image_111.jpg,images/image_177.jpg,0.12972676753997803
527,169,images/image_573.jpg,images/image_250.jpg,0.129799485206604
255,322,images/image_328.jpg,images/image_389.jpg,0.12980538606643677
230,393,images/image_305.jpg,images/image_452.jpg,0.1298179030418396
88,514,images/image_178.jpg,images/image_561.jpg,0.12982314825057983
465,271,images/image_517.jpg,images/image_342.jpg,0.12982618808746338
333,388,images/image_399.jpg,images/image_448.jpg,0.12984025478363037
475,574,images/image_526.jpg,images/image_76.jpg,0.12991344928741455
522,196,images/image_569.jpg,images/image_275.jpg,0.12994402647018433
247,258,images/image_320.jpg,images/image_330.jpg,0.1299760341644287
511,201,images/image_559.jpg,images/image_28.jpg,0.1299877166748047
307,7,images/image_375.jpg,images/image_104.jpg,0.12999194860458374
230,488,images/image_305.jpg,images/image_538.jpg,0.13000136613845825
255,438,images/image_328.jpg,images/image_493.jpg,0.13000810146331787
523,597,images/image_57.jpg,images/image_97.jpg,0.13001161813735962
465,257,images/image_517.jpg,images/image_33.jpg,0.13001251220703125
224,415,images/image_30.jpg,images/image_472.jpg,0.1300230622291565
523,358,images/image_57.jpg,images/image_420.jpg,0.13004958629608154
12,39,images/image_109.jpg,images/image_133.jpg,0.13008159399032593
182,432,images/image_262.jpg,images/image_488.jpg,0.1300886869430542
529,507,images/image_575.jpg,images/image_555.jpg,0.1300983428955078
529,65,images/image_575.jpg,images/image_157.jpg,0.1300983428955078
511,553,images/image_559.jpg,images/image_597.jpg,0.13012468814849854
486,597,images/image_536.jpg,images/image_97.jpg,0.13013184070587158
380,26,images/image_440.jpg,images/image_121.jpg,0.13016217947006226
322,453,images/image_389.jpg,images/image_506.jpg,0.13016676902770996
304,189,images/image_372.jpg,images/image_269.jpg,0.13017487525939941
181,194,images/image_261.jpg,images/image_273.jpg,0.13022345304489136
70,354,images/image_161.jpg,images/image_417.jpg,0.13023459911346436
299,388,images/image_368.jpg,images/image_448.jpg,0.13025712966918945
512,61,images/image_56.jpg,images/image_153.jpg,0.1302751898765564
385,84,images/image_445.jpg,images/image_174.jpg,0.13034439086914062
528,463,images/image_574.jpg,images/image_515.jpg,0.13034456968307495
438,453,images/image_493.jpg,images/image_506.jpg,0.13041222095489502
578,264,images/image_8.jpg,images/image_336.jpg,0.1304178237915039
293,463,images/image_362.jpg,images/image_515.jpg,0.13042175769805908
423,513,images/image_48.jpg,images/image_560.jpg,0.1304512619972229
150,39,images/image_233.jpg,images/image_133.jpg,0.13045459985733032
480,138,images/image_530.jpg,images/image_222.jpg,0.13051778078079224
527,25,images/image_573.jpg,images/image_120.jpg,0.13056540489196777
101,421,images/image_19.jpg,images/image_478.jpg,0.1305726170539856
472,359,images/image_523.jpg,images/image_421.jpg,0.13061589002609253
101,87,images/image_19.jpg,images/image_177.jpg,0.13067543506622314
247,138,images/image_320.jpg,images/image_222.jpg,0.1306757926940918
512,217,images/image_56.jpg,images/image_294.jpg,0.130726158618927
255,475,images/image_328.jpg,images/image_526.jpg,0.13072651624679565
423,4,images/image_48.jpg,images/image_101.jpg,0.13075435161590576
190,574,images/image_27.jpg,images/image_76.jpg,0.13077020645141602
538,165,images/image_583.jpg,images/image_247.jpg,0.13082283735275269
562,412,images/image_65.jpg,images/image_47.jpg,0.13084274530410767
304,388,images/image_372.jpg,images/image_448.jpg,0.1308523416519165
528,467,images/image_574.jpg,images/image_519.jpg,0.13085567951202393
230,330,images/image_305.jpg,images/image_396.jpg,0.13089746236801147
383,11,images/image_443.jpg,images/image_108.jpg,0.13092851638793945
444,505,images/image_499.jpg,images/image_553.jpg,0.13094699382781982
15,259,images/image_111.jpg,images/image_331.jpg,0.1309502124786377
44,204,images/image_138.jpg,images/image_282.jpg,0.13096606731414795
293,467,images/image_362.jpg,images/image_519.jpg,0.13097113370895386
528,483,images/image_574.jpg,images/image_533.jpg,0.13100987672805786
423,256,images/image_48.jpg,images/image_329.jpg,0.1310563087463379
293,483,images/image_362.jpg,images/image_533.jpg,0.13105642795562744
453,475,images/image_506.jpg,images/image_526.jpg,0.13109451532363892
528,160,images/image_574.jpg,images/image_242.jpg,0.13110220432281494
472,241,images/image_523.jpg,images/image_315.jpg,0.13112258911132812
80,569,images/image_170.jpg,images/image_71.jpg,0.13113147020339966
220,464,images/image_297.jpg,images/image_516.jpg,0.1311456561088562
487,297,images/image_537.jpg,images/image_366.jpg,0.131178081035614
293,160,images/image_362.jpg,images/image_242.jpg,0.13119769096374512
570,470,images/image_72.jpg,images/image_521.jpg,0.1312083601951599
12,432,images/image_109.jpg,images/image_488.jpg,0.13122987747192383
529,173,images/image_575.jpg,images/image_254.jpg,0.1312577724456787
421,401,images/image_478.jpg,images/image_46.jpg,0.13126903772354126
423,298,images/image_48.jpg,images/image_367.jpg,0.13127869367599487
333,414,images/image_399.jpg,images/image_471.jpg,0.13128697872161865
62,463,images/image_154.jpg,images/image_515.jpg,0.13132494688034058
396,217,images/image_455.jpg,images/image_294.jpg,0.1313263177871704
570,408,images/image_72.jpg,images/image_466.jpg,0.1313343048095703
367,467,images/image_429.jpg,images/image_519.jpg,0.13137000799179077
496,575,images/image_545.jpg,images/image_77.jpg,0.1313844919204712
44,230,images/image_138.jpg,images/image_305.jpg,0.13139057159423828
62,467,images/image_154.jpg,images/image_519.jpg,0.1313953399658203
304,119,images/image_372.jpg,images/image_205.jpg,0.1314043402671814
522,346,images/image_569.jpg,images/image_41.jpg,0.13146978616714478
333,49,images/image_399.jpg,images/image_142.jpg,0.13147008419036865
255,190,images/image_328.jpg,images/image_27.jpg,0.13147521018981934
240,322,images/image_314.jpg,images/image_389.jpg,0.1314777135848999
432,88,images/image_488.jpg,images/image_178.jpg,0.13148987293243408
523,297,images/image_57.jpg,images/image_366.jpg,0.13154757022857666
150,432,images/image_233.jpg,images/image_488.jpg,0.13157987594604492
333,533,images/image_399.jpg,images/image_579.jpg,0.13163042068481445
486,297,images/image_536.jpg,images/image_366.jpg,0.13165932893753052
584,157,images/image_85.jpg,images/image_24.jpg,0.13166791200637817
240,438,images/image_314.jpg,images/image_493.jpg,0.13169801235198975
253,505,images/image_326.jpg,images/image_553.jpg,0.1316993236541748
529,394,images/image_575.jpg,images/image_453.jpg,0.13170671463012695
182,230,images/image_262.jpg,images/image_305.jpg,0.13172101974487305
486,358,images/image_536.jpg,images/image_420.jpg,0.1317225694656372
383,296,images/image_443.jpg,images/image_365.jpg,0.1317305564880371
585,492,images/image_86.jpg,images/image_541.jpg,0.13173139095306396
101,259,images/image_19.jpg,images/image_331.jpg,0.13178586959838867
556,423,images/image_6.jpg,images/image_48.jpg,0.1318148970603943
304,49,images/image_372.jpg,images/image_142.jpg,0.1318860650062561
453,190,images/image_506.jpg,images/image_27.jpg,0.13189786672592163
562,311,images/image_65.jpg,images/image_379.jpg,0.13190627098083496
512,243,images/image_56.jpg,images/image_317.jpg,0.13195204734802246
62,597,images/image_154.jpg,images/image_97.jpg,0.1320202350616455
333,149,images/image_399.jpg,images/image_232.jpg,0.13204753398895264
299,414,images/image_368.jpg,images/image_471.jpg,0.13206475973129272
427,208,images/image_483.jpg,images/image_286.jpg,0.13210785388946533
465,1,images/image_517.jpg,images/image_1.jpg,0.13215893507003784
570,203,images/image_72.jpg,images/image_281.jpg,0.13220810890197754
70,261,images/image_161.jpg,images/image_333.jpg,0.1322454810142517
62,483,images/image_154.jpg,images/image_533.jpg,0.13227176666259766
304,533,images/image_372.jpg,images/image_579.jpg,0.1322726011276245
304,414,images/image_372.jpg,images/image_471.jpg,0.13229143619537354
63,264,images/image_155.jpg,images/image_336.jpg,0.1324000358581543
240,475,images/image_314.jpg,images/image_526.jpg,0.1324160099029541
578,218,images/image_8.jpg,images/image_295.jpg,0.13243019580841064
515,346,images/image_562.jpg,images/image_41.jpg,0.13254457712173462
333,380,images/image_399.jpg,images/image_440.jpg,0.13258522748947144
204,330,images/image_282.jpg,images/image_396.jpg,0.13259291648864746
574,218,images/image_76.jpg,images/image_295.jpg,0.13260430097579956
396,163,images/image_455.jpg,images/image_245.jpg,0.13261163234710693
529,360,images/image_575.jpg,images/image_422.jpg,0.13264238834381104
527,93,images/image_573.jpg,images/image_182.jpg,0.1326635479927063
150,307,images/image_233.jpg,images/image_375.jpg,0.1326831579208374
477,578,images/image_528.jpg,images/image_8.jpg,0.13274341821670532
367,597,images/image_429.jpg,images/image_97.jpg,0.13277363777160645
528,193,images/image_574.jpg,images/image_272.jpg,0.13277852535247803
230,420,images/image_305.jpg,images/image_477.jpg,0.13278710842132568
396,243,images/image_455.jpg,images/image_317.jpg,0.13278728723526
12,230,images/image_109.jpg,images/image_305.jpg,0.13283252716064453
528,597,images/image_574.jpg,images/image_97.jpg,0.13289666175842285
588,570,images/image_89.jpg,images/image_72.jpg,0.1329103708267212
293,597,images/image_362.jpg,images/image_97.jpg,0.1329636573791504
304,149,images/image_372.jpg,images/image_232.jpg,0.13300037384033203
511,258,images/image_559.jpg,images/image_330.jpg,0.13302183151245117
255,218,images/image_328.jpg,images/image_295.jpg,0.13314419984817505
150,230,images/image_233.jpg,images/image_305.jpg,0.13316887617111206
512,474,images/image_56.jpg,images/image_525.jpg,0.13317298889160156
70,126,images/image_161.jpg,images/image_211.jpg,0.13318175077438354
240,190,images/image_314.jpg,images/image_27.jpg,0.13320249319076538
299,149,images/image_368.jpg,images/image_232.jpg,0.13320332765579224
288,352,images/image_358.jpg,images/image_415.jpg,0.13321703672409058
70,570,images/image_161.jpg,images/image_72.jpg,0.13325202465057373
449,494,images/image_502.jpg,images/image_543.jpg,0.13326966762542725
367,297,images/image_429.jpg,images/image_366.jpg,0.13327980041503906
36,224,images/image_130.jpg,images/image_30.jpg,0.13331741094589233
585,424,images/image_86.jpg,images/image_480.jpg,0.13337814807891846
240,218,images/image_314.jpg,images/image_295.jpg,0.1334139108657837
480,157,images/image_530.jpg,images/image_24.jpg,0.133417010307312
522,84,images/image_569.jpg,images/image_174.jpg,0.13348990678787231
522,235,images/image_569.jpg,images/image_31.jpg,0.1335119605064392
522,239,images/image_569.jpg,images/image_313.jpg,0.13357025384902954
487,358,images/image_537.jpg,images/image_420.jpg,0.13357561826705933
44,117,images/image_138.jpg,images/image_203.jpg,0.13359206914901733
109,358,images/image_197.jpg,images/image_420.jpg,0.1336047649383545
453,218,images/image_506.jpg,images/image_295.jpg,0.13361841440200806
325,295,images/image_391.jpg,images/image_364.jpg,0.13365036249160767
270,239,images/image_341.jpg,images/image_313.jpg,0.1336979866027832
70,506,images/image_161.jpg,images/image_554.jpg,0.1337447166442871
477,517,images/image_528.jpg,images/image_564.jpg,0.1337801218032837
80,117,images/image_170.jpg,images/image_203.jpg,0.13378500938415527
511,138,images/image_559.jpg,images/image_222.jpg,0.13380342721939087
510,494,images/image_558.jpg,images/image_543.jpg,0.13382089138031006
548,146,images/image_592.jpg,images/image_23.jpg,0.13386201858520508
587,260,images/image_88.jpg,images/image_332.jpg,0.1338757872581482
588,506,images/image_89.jpg,images/image_554.jpg,0.1338769793510437
396,474,images/image_455.jpg,images/image_525.jpg,0.13388383388519287
586,516,images/image_87.jpg,images/image_563.jpg,0.13395607471466064
333,302,images/image_399.jpg,images/image_370.jpg,0.13401007652282715
421,338,images/image_478.jpg,images/image_402.jpg,0.13404375314712524
383,531,images/image_443.jpg,images/image_577.jpg,0.13412082195281982
182,307,images/image_262.jpg,images/image_375.jpg,0.13412398099899292
230,449,images/image_305.jpg,images/image_502.jpg,0.13415855169296265
204,324,images/image_282.jpg,images/image_390.jpg,0.13418060541152954
505,588,images/image_553.jpg,images/image_89.jpg,0.13419604301452637
178,224,images/image_259.jpg,images/image_30.jpg,0.13428258895874023
430,574,images/image_486.jpg,images/image_76.jpg,0.13428950309753418
477,162,images/image_528.jpg,images/image_244.jpg,0.1342986822128296
528,297,images/image_574.jpg,images/image_366.jpg,0.13435161113739014
230,312,images/image_305.jpg,images/image_38.jpg,0.13439524173736572
15,596,images/image_111.jpg,images/image_96.jpg,0.13442504405975342
420,494,images/image_477.jpg,images/image_543.jpg,0.13443714380264282
449,125,images/image_502.jpg,images/image_210.jpg,0.13446825742721558
586,360,images/image_87.jpg,images/image_422.jpg,0.13446825742721558
293,297,images/image_362.jpg,images/image_366.jpg,0.13446837663650513
63,218,images/image_155.jpg,images/image_295.jpg,0.1345006823539734
396,536,images/image_455.jpg,images/image_581.jpg,0.13452160358428955
224,444,images/image_30.jpg,images/image_499.jpg,0.13452738523483276
393,146,images/image_452.jpg,images/image_23.jpg,0.1345881223678589
477,574,images/image_528.jpg,images/image_76.jpg,0.13459467887878418
472,97,images/image_523.jpg,images/image_186.jpg,0.1346014142036438
12,307,images/image_109.jpg,images/image_375.jpg,0.1346062421798706
294,239,images/image_363.jpg,images/image_313.jpg,0.13462615013122559
587,539,images/image_88.jpg,images/image_584.jpg,0.1346297264099121
293,193,images/image_362.jpg,images/image_272.jpg,0.13464903831481934
515,235,images/image_562.jpg,images/image_31.jpg,0.13471215963363647
333,119,images/image_399.jpg,images/image_205.jpg,0.1347145438194275
447,146,images/image_500.jpg,images/image_23.jpg,0.13473927974700928
339,49,images/image_403.jpg,images/image_142.jpg,0.1347510814666748
204,565,images/image_282.jpg,images/image_68.jpg,0.13478225469589233
588,354,images/image_89.jpg,images/image_417.jpg,0.13483142852783203
44,569,images/image_138.jpg,images/image_71.jpg,0.13484376668930054
544,355,images/image_589.jpg,images/image_418.jpg,0.13486498594284058
586,394,images/image_87.jpg,images/image_453.jpg,0.13488531112670898
63,477,images/image_155.jpg,images/image_528.jpg,0.13489902019500732
477,546,images/image_528.jpg,images/image_590.jpg,0.13494694232940674
578,11,images/image_8.jpg,images/image_108.jpg,0.1349583864212036
333,219,images/image_399.jpg,images/image_296.jpg,0.1349736452102661
586,173,images/image_87.jpg,images/image_254.jpg,0.13498800992965698
117,330,images/image_203.jpg,images/image_396.jpg,0.13498955965042114
325,298,images/image_391.jpg,images/image_367.jpg,0.1349974274635315
325,571,images/image_391.jpg,images/image_73.jpg,0.1349974274635315
557,78,images/image_60.jpg,images/image_169.jpg,0.13504981994628906
510,125,images/image_558.jpg,images/image_210.jpg,0.13506805896759033
255,430,images/image_328.jpg,images/image_486.jpg,0.1350799798965454
339,533,images/image_403.jpg,images/image_579.jpg,0.13510745763778687
544,482,images/image_589.jpg,images/image_532.jpg,0.1351633071899414
538,392,images/image_583.jpg,images/image_451.jpg,0.1351635456085205
449,468,images/image_502.jpg,images/image_52.jpg,0.13521993160247803
449,285,images/image_502.jpg,images/image_355.jpg,0.13522779941558838
255,477,images/image_328.jpg,images/image_528.jpg,0.13524538278579712
299,302,images/image_368.jpg,images/image_370.jpg,0.13527119159698486
588,261,images/image_89.jpg,images/image_333.jpg,0.13528698682785034
368,132,images/image_43.jpg,images/image_217.jpg,0.1353132128715515
511,157,images/image_559.jpg,images/image_24.jpg,0.1353505253791809
578,296,images/image_8.jpg,images/image_365.jpg,0.1353919506072998
430,453,images/image_486.jpg,images/image_506.jpg,0.13547790050506592
548,39,images/image_592.jpg,images/image_133.jpg,0.13551634550094604
528,469,images/image_574.jpg,images/image_520.jpg,0.13551825284957886
240,477,images/image_314.jpg,images/image_528.jpg,0.13553458452224731
420,125,images/image_477.jpg,images/image_210.jpg,0.13559240102767944
80,204,images/image_170.jpg,images/image_282.jpg,0.13561224937438965
325,513,images/image_391.jpg,images/image_560.jpg,0.1356298327445984
453,477,images/image_506.jpg,images/image_528.jpg,0.1356772780418396
368,236,images/image_43.jpg,images/image_310.jpg,0.13568907976150513
230,510,images/image_305.jpg,images/image_558.jpg,0.13569402694702148
387,257,images/image_447.jpg,images/image_33.jpg,0.13570129871368408
512,103,images/image_56.jpg,images/image_191.jpg,0.13574212789535522
585,277,images/image_86.jpg,images/image_348.jpg,0.1357629895210266
253,464,images/image_326.jpg,images/image_516.jpg,0.13576745986938477
432,548,images/image_488.jpg,images/image_592.jpg,0.13577800989151
367,483,images/image_429.jpg,images/image_533.jpg,0.1357828974723816
510,468,images/image_558.jpg,images/image_52.jpg,0.13581758737564087
510,285,images/image_558.jpg,images/image_355.jpg,0.13582348823547363
586,65,images/image_87.jpg,images/image_157.jpg,0.1358770728111267
586,507,images/image_87.jpg,images/image_555.jpg,0.1358770728111267
449,267,images/image_502.jpg,images/image_339.jpg,0.13591903448104858
367,463,images/image_429.jpg,images/image_515.jpg,0.13592815399169922
581,78,images/image_82.jpg,images/image_169.jpg,0.13596689701080322
447,39,images/image_500.jpg,images/image_133.jpg,0.13605046272277832
230,146,images/image_305.jpg,images/image_23.jpg,0.1360514760017395
367,160,images/image_429.jpg,images/image_242.jpg,0.13607120513916016
472,108,images/image_523.jpg,images/image_196.jpg,0.13615959882736206
538,76,images/image_583.jpg,images/image_167.jpg,0.1362605094909668
110,204,images/image_198.jpg,images/image_282.jpg,0.1362844705581665
115,204,images/image_201.jpg,images/image_282.jpg,0.1362844705581665
330,569,images/image_396.jpg,images/image_71.jpg,0.13629508018493652
299,26,images/image_368.jpg,images/image_121.jpg,0.13630378246307373
420,468,images/image_477.jpg,images/image_52.jpg,0.13630592823028564
432,447,images/image_488.jpg,images/image_500.jpg,0.13632291555404663
538,381,images/image_583.jpg,images/image_441.jpg,0.1363697052001953
420,285,images/image_477.jpg,images/image_355.jpg,0.13637101650238037
548,88,images/image_592.jpg,images/image_178.jpg,0.13638335466384888
393,39,images/image_452.jpg,images/image_133.jpg,0.13639909029006958
512,342,images/image_56.jpg,images/image_406.jpg,0.136488139629364
538,229,images/image_583.jpg,images/image_304.jpg,0.13650858402252197
522,538,images/image_569.jpg,images/image_583.jpg,0.1365153193473816
510,267,images/image_558.jpg,images/image_339.jpg,0.13651615381240845
477,232,images/image_528.jpg,images/image_307.jpg,0.1365794539451599
393,432,images/image_452.jpg,images/image_488.jpg,0.13665735721588135
204,488,images/image_282.jpg,images/image_538.jpg,0.1366901993751526
540,78,images/image_585.jpg,images/image_169.jpg,0.13671696186065674
527,466,images/image_573.jpg,images/image_518.jpg,0.13672620058059692
557,8,images/image_60.jpg,images/image_105.jpg,0.13672912120819092
398,163,images/image_457.jpg,images/image_245.jpg,0.1367473602294922
434,132,images/image_49.jpg,images/image_217.jpg,0.13675051927566528
240,430,images/image_314.jpg,images/image_486.jpg,0.13679152727127075
444,464,images/image_499.jpg,images/image_516.jpg,0.13680922985076904
444,200,images/image_499.jpg,images/image_279.jpg,0.13693058490753174
117,324,images/image_203.jpg,images/image_390.jpg,0.13696414232254028
293,469,images/image_362.jpg,images/image_520.jpg,0.13705527782440186
420,267,images/image_477.jpg,images/image_339.jpg,0.1370556354522705
393,88,images/image_452.jpg,images/image_178.jpg,0.1370943784713745
339,358,images/image_403.jpg,images/image_420.jpg,0.13711059093475342
63,11,images/image_155.jpg,images/image_108.jpg,0.13714832067489624
72,224,images/image_163.jpg,images/image_30.jpg,0.13717162609100342
434,236,images/image_49.jpg,images/image_310.jpg,0.13718539476394653
224,588,images/image_30.jpg,images/image_89.jpg,0.13721531629562378
447,88,images/image_500.jpg,images/image_178.jpg,0.13721638917922974
224,418,images/image_30.jpg,images/image_475.jpg,0.13721847534179688
527,535,images/image_573.jpg,images/image_580.jpg,0.13724279403686523
325,344,images/image_391.jpg,images/image_408.jpg,0.13726550340652466
15,301,images/image_111.jpg,images/image_37.jpg,0.1373247504234314
586,349,images/image_87.jpg,images/image_412.jpg,0.1373404860496521
538,334,images/image_583.jpg,images/image_4.jpg,0.1373634934425354
117,565,images/image_203.jpg,images/image_68.jpg,0.13737738132476807
63,296,images/image_155.jpg,images/image_365.jpg,0.13740497827529907
538,29,images/image_583.jpg,images/image_124.jpg,0.1374192237854004
538,513,images/image_583.jpg,images/image_560.jpg,0.13742727041244507
581,8,images/image_82.jpg,images/image_105.jpg,0.13745588064193726
523,193,images/image_57.jpg,images/image_272.jpg,0.13747936487197876
585,413,images/image_86.jpg,images/image_470.jpg,0.13752681016921997
282,496,images/image_352.jpg,images/image_545.jpg,0.1376400589942932
444,570,images/image_499.jpg,images/image_72.jpg,0.1376882791519165
293,262,images/image_362.jpg,images/image_334.jpg,0.13770031929016113
444,54,images/image_499.jpg,images/image_147.jpg,0.13770467042922974
538,344,images/image_583.jpg,images/image_408.jpg,0.1377573013305664
538,347,images/image_583.jpg,images/image_410.jpg,0.13789117336273193
538,571,images/image_583.jpg,images/image_73.jpg,0.13789713382720947
538,298,images/image_583.jpg,images/image_367.jpg,0.1378973126411438
224,498,images/image_30.jpg,images/image_547.jpg,0.1379483938217163
164,505,images/image_246.jpg,images/image_553.jpg,0.13797014951705933
191,119,images/image_270.jpg,images/image_205.jpg,0.1380683183670044
578,531,images/image_8.jpg,images/image_577.jpg,0.13807600736618042
427,528,images/image_483.jpg,images/image_574.jpg,0.13809531927108765
380,49,images/image_440.jpg,images/image_142.jpg,0.13809698820114136
587,217,images/image_88.jpg,images/image_294.jpg,0.13812464475631714
367,533,images/image_429.jpg,images/image_579.jpg,0.13819903135299683
540,8,images/image_585.jpg,images/image_105.jpg,0.13823425769805908
585,474,images/image_86.jpg,images/image_525.jpg,0.13827794790267944
135,26,images/image_22.jpg,images/image_121.jpg,0.13828563690185547
585,437,images/image_86.jpg,images/image_492.jpg,0.13828885555267334
585,217,images/image_86.jpg,images/image_294.jpg,0.1382911205291748
324,569,images/image_390.jpg,images/image_71.jpg,0.13830703496932983
135,119,images/image_22.jpg,images/image_205.jpg,0.13830912113189697
367,539,images/image_429.jpg,images/image_584.jpg,0.13840949535369873
270,538,images/image_341.jpg,images/image_583.jpg,0.1384543776512146
59,204,images/image_151.jpg,images/image_282.jpg,0.13849914073944092
505,547,images/image_553.jpg,images/image_591.jpg,0.13852298259735107
299,49,images/image_368.jpg,images/image_142.jpg,0.13856464624404907
135,313,images/image_22.jpg,images/image_380.jpg,0.13862866163253784
421,490,images/image_478.jpg,images/image_54.jpg,0.13864320516586304
421,452,images/image_478.jpg,images/image_505.jpg,0.1386631727218628
86,204,images/image_176.jpg,images/image_282.jpg,0.13867735862731934
565,569,images/image_68.jpg,images/image_71.jpg,0.13870835304260254
444,506,images/image_499.jpg,images/image_554.jpg,0.13872820138931274
299,533,images/image_368.jpg,images/image_579.jpg,0.13874900341033936
528,262,images/image_574.jpg,images/image_334.jpg,0.13880151510238647
430,494,images/image_486.jpg,images/image_543.jpg,0.13880622386932373
453,498,images/image_506.jpg,images/image_547.jpg,0.1388494372367859
255,498,images/image_328.jpg,images/image_547.jpg,0.13885879516601562
574,264,images/image_76.jpg,images/image_336.jpg,0.1388719081878662
240,498,images/image_314.jpg,images/image_547.jpg,0.13889169692993164
498,574,images/image_547.jpg,images/image_76.jpg,0.13893210887908936
554,305,images/image_598.jpg,images/image_373.jpg,0.13896232843399048
465,41,images/image_517.jpg,images/image_135.jpg,0.13902664184570312
464,588,images/image_516.jpg,images/image_89.jpg,0.13905304670333862
191,26,images/image_270.jpg,images/image_121.jpg,0.13907456398010254
282,239,images/image_352.jpg,images/image_313.jpg,0.13909024000167847
398,536,images/image_457.jpg,images/image_581.jpg,0.1391056776046753
339,193,images/image_403.jpg,images/image_272.jpg,0.13911014795303345
224,253,images/image_30.jpg,images/image_326.jpg,0.13914638757705688
436,473,images/image_491.jpg,images/image_524.jpg,0.1391850709915161
486,193,images/image_536.jpg,images/image_272.jpg,0.13919669389724731
515,194,images/image_562.jpg,images/image_273.jpg,0.1392691731452942
15,118,images/image_111.jpg,images/image_204.jpg,0.13936054706573486
550,261,images/image_594.jpg,images/image_333.jpg,0.13937503099441528
255,264,images/image_328.jpg,images/image_336.jpg,0.13944506645202637
63,94,images/image_155.jpg,images/image_183.jpg,0.13945990800857544
544,26,images/image_589.jpg,images/image_121.jpg,0.1395626664161682
325,239,images/image_391.jpg,images/image_313.jpg,0.13958394527435303
585,243,images/image_86.jpg,images/image_317.jpg,0.1397196650505066
70,495,images/image_161.jpg,images/image_544.jpg,0.1397467851638794
240,264,images/image_314.jpg,images/image_336.jpg,0.13975167274475098
444,354,images/image_499.jpg,images/image_417.jpg,0.13980060815811157
415,505,images/image_472.jpg,images/image_553.jpg,0.1398082971572876
15,211,images/image_111.jpg,images/image_289.jpg,0.13981670141220093
110,117,images/image_198.jpg,images/image_203.jpg,0.13984084129333496
115,117,images/image_201.jpg,images/image_203.jpg,0.13984084129333496
587,243,images/image_88.jpg,images/image_317.jpg,0.13985884189605713
62,208,images/image_154.jpg,images/image_286.jpg,0.13988518714904785
204,336,images/image_282.jpg,images/image_400.jpg,0.13991832733154297
453,264,images/image_506.jpg,images/image_336.jpg,0.13992542028427124
426,257,images/image_482.jpg,images/image_33.jpg,0.14008992910385132
293,427,images/image_362.jpg,images/image_483.jpg,0.14011090993881226
398,342,images/image_457.jpg,images/image_406.jpg,0.14011359214782715
444,261,images/image_499.jpg,images/image_333.jpg,0.1402580738067627
421,413,images/image_478.jpg,images/image_470.jpg,0.14028286933898926
586,165,images/image_87.jpg,images/image_247.jpg,0.14028745889663696
544,358,images/image_589.jpg,images/image_420.jpg,0.1403195858001709
380,533,images/image_440.jpg,images/image_579.jpg,0.14034616947174072
512,309,images/image_56.jpg,images/image_377.jpg,0.14040803909301758
294,538,images/image_363.jpg,images/image_583.jpg,0.140430748462677
368,466,images/image_43.jpg,images/image_518.jpg,0.14044350385665894
512,497,images/image_56.jpg,images/image_546.jpg,0.1405501365661621
220,224,images/image_297.jpg,images/image_30.jpg,0.14061599969863892
135,49,images/image_22.jpg,images/image_142.jpg,0.14062875509262085
94,578,images/image_183.jpg,images/image_8.jpg,0.1407376527786255
150,17,images/image_233.jpg,images/image_113.jpg,0.14077717065811157
527,116,images/image_573.jpg,images/image_202.jpg,0.14078271389007568
62,112,images/image_154.jpg,images/image_2.jpg,0.14086097478866577
588,200,images/image_89.jpg,images/image_279.jpg,0.14087903499603271
70,373,images/image_161.jpg,images/image_434.jpg,0.14093130826950073
587,474,images/image_88.jpg,images/image_525.jpg,0.14095962047576904
487,193,images/image_537.jpg,images/image_272.jpg,0.14100384712219238
117,488,images/image_203.jpg,images/image_538.jpg,0.14104163646697998
341,509,images/image_405.jpg,images/image_557.jpg,0.14118099212646484
438,494,images/image_493.jpg,images/image_543.jpg,0.14119428396224976
586,213,images/image_87.jpg,images/image_290.jpg,0.1412164568901062
110,569,images/image_198.jpg,images/image_71.jpg,0.14123547077178955
115,569,images/image_201.jpg,images/image_71.jpg,0.1412355899810791
109,193,images/image_197.jpg,images/image_272.jpg,0.14125674962997437
70,534,images/image_161.jpg,images/image_58.jpg,0.1413557529449463
94,383,images/image_183.jpg,images/image_443.jpg,0.14142709970474243
15,214,images/image_111.jpg,images/image_291.jpg,0.1414562463760376
36,255,images/image_130.jpg,images/image_328.jpg,0.14147329330444336
36,453,images/image_130.jpg,images/image_506.jpg,0.141487717628479
36,240,images/image_130.jpg,images/image_314.jpg,0.14150619506835938
36,574,images/image_130.jpg,images/image_76.jpg,0.1415938138961792
588,54,images/image_89.jpg,images/image_147.jpg,0.14160746335983276
434,466,images/image_49.jpg,images/image_518.jpg,0.14161711931228638
191,49,images/image_270.jpg,images/image_142.jpg,0.14168739318847656
282,28,images/image_352.jpg,images/image_123.jpg,0.14177602529525757
341,249,images/image_405.jpg,images/image_322.jpg,0.1419488787651062
72,453,images/image_163.jpg,images/image_506.jpg,0.14199721813201904
72,255,images/image_163.jpg,images/image_328.jpg,0.1420074701309204
86,117,images/image_176.jpg,images/image_203.jpg,0.14202100038528442
72,240,images/image_163.jpg,images/image_314.jpg,0.14205366373062134
380,412,images/image_440.jpg,images/image_47.jpg,0.1420590877532959
72,574,images/image_163.jpg,images/image_76.jpg,0.14207208156585693
544,193,images/image_589.jpg,images/image_272.jpg,0.14216399192810059
70,161,images/image_161.jpg,images/image_243.jpg,0.14220798015594482
380,265,images/image_440.jpg,images/image_337.jpg,0.14230334758758545
182,17,images/image_262.jpg,images/image_113.jpg,0.14239323139190674
430,125,images/image_486.jpg,images/image_210.jpg,0.14248496294021606
550,354,images/image_594.jpg,images/image_417.jpg,0.14252591133117676
488,569,images/image_538.jpg,images/image_71.jpg,0.1425304412841797
462,70,images/image_514.jpg,images/image_161.jpg,0.14256852865219116
587,163,images/image_88.jpg,images/image_245.jpg,0.14264339208602905
101,214,images/image_19.jpg,images/image_291.jpg,0.14265334606170654
12,17,images/image_109.jpg,images/image_113.jpg,0.14271759986877441
109,119,images/image_197.jpg,images/image_205.jpg,0.14272856712341309
210,494,images/image_288.jpg,images/image_543.jpg,0.14274996519088745
430,285,images/image_486.jpg,images/image_355.jpg,0.14275014400482178
94,111,images/image_183.jpg,images/image_199.jpg,0.14280861616134644
523,427,images/image_57.jpg,images/image_483.jpg,0.14283955097198486
515,586,images/image_562.jpg,images/image_87.jpg,0.1428682804107666
503,557,images/image_551.jpg,images/image_60.jpg,0.1429457664489746
90,70,images/image_18.jpg,images/image_161.jpg,0.14299732446670532
59,117,images/image_151.jpg,images/image_203.jpg,0.1430368423461914
294,196,images/image_363.jpg,images/image_275.jpg,0.14318567514419556
580,88,images/image_81.jpg,images/image_178.jpg,0.14320701360702515
62,276,images/image_154.jpg,images/image_347.jpg,0.14324575662612915
220,453,images/image_297.jpg,images/image_506.jpg,0.1432785987854004
220,255,images/image_297.jpg,images/image_328.jpg,0.1432785987854004
220,240,images/image_297.jpg,images/image_314.jpg,0.14332616329193115
220,574,images/image_297.jpg,images/image_76.jpg,0.14335012435913086
322,83,images/image_389.jpg,images/image_173.jpg,0.14340168237686157
86,569,images/image_176.jpg,images/image_71.jpg,0.1434330940246582
528,119,images/image_574.jpg,images/image_205.jpg,0.1434774398803711
527,435,images/image_573.jpg,images/image_490.jpg,0.143485426902771
380,299,images/image_440.jpg,images/image_368.jpg,0.14355766773223877
430,267,images/image_486.jpg,images/image_339.jpg,0.14358794689178467
432,97,images/image_488.jpg,images/image_186.jpg,0.14359784126281738
430,83,images/image_486.jpg,images/image_173.jpg,0.1436018943786621
523,119,images/image_57.jpg,images/image_205.jpg,0.14360296726226807
464,547,images/image_516.jpg,images/image_591.jpg,0.14365148544311523
253,569,images/image_326.jpg,images/image_71.jpg,0.14368945360183716
117,336,images/image_203.jpg,images/image_400.jpg,0.14371061325073242
291,4,images/image_360.jpg,images/image_101.jpg,0.14372879266738892
554,256,images/image_598.jpg,images/image_329.jpg,0.1437564492225647
554,4,images/image_598.jpg,images/image_101.jpg,0.1437709927558899
210,125,images/image_288.jpg,images/image_210.jpg,0.14380407333374023
550,273,images/image_594.jpg,images/image_344.jpg,0.14385336637496948
487,208,images/image_537.jpg,images/image_286.jpg,0.14386963844299316
109,208,images/image_197.jpg,images/image_286.jpg,0.14396971464157104
178,505,images/image_259.jpg,images/image_553.jpg,0.14404761791229248
475,494,images/image_526.jpg,images/image_543.jpg,0.14407265186309814
36,505,images/image_130.jpg,images/image_553.jpg,0.1441592574119568
515,196,images/image_562.jpg,images/image_275.jpg,0.14417386054992676
117,232,images/image_203.jpg,images/image_307.jpg,0.14422810077667236
454,88,images/image_507.jpg,images/image_178.jpg,0.14427179098129272
487,112,images/image_537.jpg,images/image_2.jpg,0.14428216218948364
486,119,images/image_536.jpg,images/image_205.jpg,0.14438772201538086
105,70,images/image_193.jpg,images/image_161.jpg,0.14439451694488525
109,112,images/image_197.jpg,images/image_2.jpg,0.1444658637046814
475,83,images/image_526.jpg,images/image_173.jpg,0.14447098970413208
587,536,images/image_88.jpg,images/image_581.jpg,0.14447176456451416
210,468,images/image_288.jpg,images/image_52.jpg,0.14448904991149902
59,569,images/image_151.jpg,images/image_71.jpg,0.14452248811721802
486,427,images/image_536.jpg,images/image_483.jpg,0.1445777416229248
554,156,images/image_598.jpg,images/image_239.jpg,0.1446012258529663
451,63,images/image_504.jpg,images/image_155.jpg,0.14460664987564087
117,253,images/image_203.jpg,images/image_326.jpg,0.1446213722229004
210,285,images/image_288.jpg,images/image_355.jpg,0.1446232795715332
554,272,images/image_598.jpg,images/image_343.jpg,0.1446550488471985
434,93,images/image_49.jpg,images/image_182.jpg,0.14469784498214722
341,14,images/image_405.jpg,images/image_110.jpg,0.1447378396987915
62,97,images/image_154.jpg,images/image_186.jpg,0.14475864171981812
341,267,images/image_405.jpg,images/image_339.jpg,0.1447737216949463
487,119,images/image_537.jpg,images/image_205.jpg,0.14485955238342285
430,468,images/image_486.jpg,images/image_52.jpg,0.14489620923995972
438,125,images/image_493.jpg,images/image_210.jpg,0.1449817419052124
322,450,images/image_389.jpg,images/image_503.jpg,0.1450425386428833
554,75,images/image_598.jpg,images/image_166.jpg,0.1450493335723877
544,49,images/image_589.jpg,images/image_142.jpg,0.14505654573440552
322,494,images/image_389.jpg,images/image_543.jpg,0.14505988359451294
341,468,images/image_405.jpg,images/image_52.jpg,0.14510446786880493
430,450,images/image_486.jpg,images/image_503.jpg,0.1451793909072876
336,569,images/image_400.jpg,images/image_71.jpg,0.14523959159851074
85,88,images/image_175.jpg,images/image_178.jpg,0.1452655792236328
544,533,images/image_589.jpg,images/image_579.jpg,0.14527440071105957
438,285,images/image_493.jpg,images/image_355.jpg,0.14528387784957886
210,267,images/image_288.jpg,images/image_339.jpg,0.14530611038208008
341,285,images/image_405.jpg,images/image_355.jpg,0.14534235000610352
569,232,images/image_71.jpg,images/image_307.jpg,0.14544838666915894
293,119,images/image_362.jpg,images/image_205.jpg,0.14545917510986328
562,213,images/image_65.jpg,images/image_290.jpg,0.14553302526474
544,427,images/image_589.jpg,images/image_483.jpg,0.14555811882019043
104,88,images/image_192.jpg,images/image_178.jpg,0.14566361904144287
126,503,images/image_211.jpg,images/image_551.jpg,0.14566487073898315
291,376,images/image_360.jpg,images/image_437.jpg,0.1457189917564392
503,540,images/image_551.jpg,images/image_585.jpg,0.1458221673965454
523,469,images/image_57.jpg,images/image_520.jpg,0.14598435163497925
451,578,images/image_504.jpg,images/image_8.jpg,0.1460147500038147
475,450,images/image_526.jpg,images/image_503.jpg,0.14611554145812988
486,208,images/image_536.jpg,images/image_286.jpg,0.14612317085266113
523,208,images/image_57.jpg,images/image_286.jpg,0.14614790678024292
438,267,images/image_493.jpg,images/image_339.jpg,0.14615386724472046
587,61,images/image_88.jpg,images/image_153.jpg,0.14623022079467773
487,128,images/image_537.jpg,images/image_213.jpg,0.146267831325531
380,482,images/image_440.jpg,images/image_532.jpg,0.14632177352905273
511,309,images/image_559.jpg,images/image_377.jpg,0.14632874727249146
487,339,images/image_537.jpg,images/image_403.jpg,0.14635974168777466
303,505,images/image_371.jpg,images/image_553.jpg,0.1463637351989746
527,277,images/image_573.jpg,images/image_348.jpg,0.1463860273361206
487,427,images/image_537.jpg,images/image_483.jpg,0.1464253067970276
451,505,images/image_504.jpg,images/image_553.jpg,0.1464659571647644
434,554,images/image_49.jpg,images/image_598.jpg,0.14651012420654297
523,112,images/image_57.jpg,images/image_2.jpg,0.14652538299560547
486,112,images/image_536.jpg,images/image_2.jpg,0.14652591943740845
341,125,images/image_405.jpg,images/image_210.jpg,0.14655804634094238
191,313,images/image_270.jpg,images/image_380.jpg,0.146592378616333
109,427,images/image_197.jpg,images/image_483.jpg,0.1467086672782898
434,248,images/image_49.jpg,images/image_321.jpg,0.14671015739440918
62,108,images/image_154.jpg,images/image_196.jpg,0.14676088094711304
528,355,images/image_574.jpg,images/image_418.jpg,0.1468287706375122
383,451,images/image_443.jpg,images/image_504.jpg,0.14683008193969727
224,547,images/image_30.jpg,images/image_591.jpg,0.14684301614761353
101,596,images/image_19.jpg,images/image_96.jpg,0.14706063270568848
418,505,images/image_475.jpg,images/image_553.jpg,0.14714866876602173
303,63,images/image_371.jpg,images/image_155.jpg,0.14718329906463623
209,111,images/image_287.jpg,images/image_199.jpg,0.14725100994110107
495,503,images/image_544.jpg,images/image_551.jpg,0.14726650714874268
487,544,images/image_537.jpg,images/image_589.jpg,0.14729833602905273
580,146,images/image_81.jpg,images/image_23.jpg,0.14734429121017456
511,342,images/image_559.jpg,images/image_406.jpg,0.14740407466888428
438,468,images/image_493.jpg,images/image_52.jpg,0.14748072624206543
380,355,images/image_440.jpg,images/image_418.jpg,0.1475345492362976
486,469,images/image_536.jpg,images/image_520.jpg,0.14756762981414795
191,533,images/image_270.jpg,images/image_579.jpg,0.14763355255126953
511,497,images/image_559.jpg,images/image_546.jpg,0.1476731300354004
475,125,images/image_526.jpg,images/image_210.jpg,0.14780962467193604
72,505,images/image_163.jpg,images/image_553.jpg,0.14789336919784546
475,285,images/image_526.jpg,images/image_355.jpg,0.1480717658996582
480,576,images/image_530.jpg,images/image_78.jpg,0.14808052778244019
430,35,images/image_486.jpg,images/image_13.jpg,0.14823007583618164
587,342,images/image_88.jpg,images/image_406.jpg,0.14829450845718384
523,355,images/image_57.jpg,images/image_418.jpg,0.14839684963226318
454,146,images/image_507.jpg,images/image_23.jpg,0.14852756261825562
480,71,images/image_530.jpg,images/image_162.jpg,0.14855080842971802
432,108,images/image_488.jpg,images/image_196.jpg,0.14861589670181274
373,503,images/image_434.jpg,images/image_551.jpg,0.1486295461654663
117,546,images/image_203.jpg,images/image_590.jpg,0.14864134788513184
322,35,images/image_389.jpg,images/image_13.jpg,0.14865070581436157
438,35,images/image_493.jpg,images/image_13.jpg,0.1486859917640686
322,125,images/image_389.jpg,images/image_210.jpg,0.14881694316864014
293,355,images/image_362.jpg,images/image_418.jpg,0.14887642860412598
503,534,images/image_551.jpg,images/image_58.jpg,0.14891505241394043
498,505,images/image_547.jpg,images/image_553.jpg,0.14891529083251953
475,267,images/image_526.jpg,images/image_339.jpg,0.14892131090164185
303,578,images/image_371.jpg,images/image_8.jpg,0.14894336462020874
451,464,images/image_504.jpg,images/image_516.jpg,0.14896738529205322
322,285,images/image_389.jpg,images/image_355.jpg,0.1490994691848755
503,161,images/image_551.jpg,images/image_243.jpg,0.1491273045539856
528,107,images/image_574.jpg,images/image_195.jpg,0.14916932582855225
523,262,images/image_57.jpg,images/image_334.jpg,0.1491982340812683
562,507,images/image_65.jpg,images/image_555.jpg,0.1492215394973755
562,65,images/image_65.jpg,images/image_157.jpg,0.1492215394973755
528,142,images/image_574.jpg,images/image_226.jpg,0.14923447370529175
459,232,images/image_511.jpg,images/image_307.jpg,0.1493024230003357
503,581,images/image_551.jpg,images/image_82.jpg,0.14931774139404297
486,355,images/image_536.jpg,images/image_418.jpg,0.14936482906341553
85,146,images/image_175.jpg,images/image_23.jpg,0.14949911832809448
557,52,images/image_60.jpg,images/image_145.jpg,0.14958083629608154
204,253,images/image_282.jpg,images/image_326.jpg,0.14959120750427246
480,309,images/image_530.jpg,images/image_377.jpg,0.14961522817611694
99,252,images/image_188.jpg,images/image_325.jpg,0.14974623918533325
303,383,images/image_371.jpg,images/image_443.jpg,0.1498469114303589
475,35,images/image_526.jpg,images/image_13.jpg,0.1498572826385498
291,279,images/image_360.jpg,images/image_35.jpg,0.14988720417022705
569,546,images/image_71.jpg,images/image_590.jpg,0.1499127745628357
150,22,images/image_233.jpg,images/image_118.jpg,0.14993786811828613
291,499,images/image_360.jpg,images/image_548.jpg,0.14995253086090088
99,296,images/image_188.jpg,images/image_365.jpg,0.14997351169586182
104,146,images/image_192.jpg,images/image_23.jpg,0.1499982476234436
99,232,images/image_188.jpg,images/image_307.jpg,0.1500745415687561
451,111,images/image_504.jpg,images/image_199.jpg,0.15015757083892822
101,301,images/image_19.jpg,images/image_37.jpg,0.1501706838607788
438,83,images/image_493.jpg,images/image_173.jpg,0.1501731276512146
528,284,images/image_574.jpg,images/image_354.jpg,0.15019774436950684
475,468,images/image_526.jpg,images/image_52.jpg,0.15029215812683105
581,52,images/image_82.jpg,images/image_145.jpg,0.15030771493911743
462,503,images/image_514.jpg,images/image_551.jpg,0.15035033226013184
459,252,images/image_511.jpg,images/image_325.jpg,0.15041059255599976
528,268,images/image_574.jpg,images/image_34.jpg,0.1504908800125122
562,173,images/image_65.jpg,images/image_254.jpg,0.15063941478729248
150,315,images/image_233.jpg,images/image_382.jpg,0.15064436197280884
64,252,images/image_156.jpg,images/image_325.jpg,0.15065151453018188
303,464,images/image_371.jpg,images/image_516.jpg,0.15067541599273682
94,505,images/image_183.jpg,images/image_553.jpg,0.1507367491722107
64,296,images/image_156.jpg,images/image_365.jpg,0.1508353352546692
549,392,images/image_593.jpg,images/image_451.jpg,0.15085911750793457
459,296,images/image_511.jpg,images/image_365.jpg,0.15090811252593994
480,497,images/image_530.jpg,images/image_546.jpg,0.15104222297668457
434,177,images/image_49.jpg,images/image_258.jpg,0.15106987953186035
540,52,images/image_585.jpg,images/image_145.jpg,0.1512221097946167
528,208,images/image_574.jpg,images/image_286.jpg,0.15124768018722534
523,339,images/image_57.jpg,images/image_403.jpg,0.15125876665115356
286,587,images/image_356.jpg,images/image_88.jpg,0.15137028694152832
182,22,images/image_262.jpg,images/image_118.jpg,0.1514430046081543
220,505,images/image_297.jpg,images/image_553.jpg,0.15156638622283936
587,70,images/image_88.jpg,images/image_161.jpg,0.1515735387802124
588,38,images/image_89.jpg,images/image_132.jpg,0.15158158540725708
66,587,images/image_158.jpg,images/image_88.jpg,0.15160322189331055
380,318,images/image_440.jpg,images/image_385.jpg,0.15160870552062988
434,181,images/image_49.jpg,images/image_261.jpg,0.15166223049163818
432,276,images/image_488.jpg,images/image_347.jpg,0.1517072319984436
438,550,images/image_493.jpg,images/image_594.jpg,0.1518198847770691
587,103,images/image_88.jpg,images/image_191.jpg,0.15182900428771973
587,309,images/image_88.jpg,images/image_377.jpg,0.15213584899902344
62,288,images/image_154.jpg,images/image_358.jpg,0.15214002132415771
182,315,images/image_262.jpg,images/image_382.jpg,0.15220129489898682
105,503,images/image_193.jpg,images/image_551.jpg,0.1522272825241089
459,546,images/image_511.jpg,images/image_590.jpg,0.15226727724075317
62,26,images/image_154.jpg,images/image_121.jpg,0.15228116512298584
94,464,images/image_183.jpg,images/image_516.jpg,0.1523444652557373
587,497,images/image_88.jpg,images/image_546.jpg,0.15235930681228638
544,486,images/image_589.jpg,images/image_536.jpg,0.152366042137146
544,523,images/image_589.jpg,images/image_57.jpg,0.15240323543548584
101,211,images/image_19.jpg,images/image_289.jpg,0.15252971649169922
588,489,images/image_89.jpg,images/image_539.jpg,0.15254998207092285
511,576,images/image_559.jpg,images/image_78.jpg,0.1526254415512085
101,118,images/image_19.jpg,images/image_204.jpg,0.15276634693145752
286,161,images/image_356.jpg,images/image_243.jpg,0.15278905630111694
544,109,images/image_589.jpg,images/image_197.jpg,0.15293031930923462
475,550,images/image_526.jpg,images/image_594.jpg,0.15303730964660645
382,587,images/image_442.jpg,images/image_88.jpg,0.15305525064468384
66,161,images/image_158.jpg,images/image_243.jpg,0.15314733982086182
224,451,images/image_30.jpg,images/image_504.jpg,0.15339690446853638
380,311,images/image_440.jpg,images/image_379.jpg,0.15352535247802734
444,38,images/image_499.jpg,images/image_132.jpg,0.15386933088302612
383,252,images/image_443.jpg,images/image_325.jpg,0.15422415733337402
62,119,images/image_154.jpg,images/image_205.jpg,0.15425002574920654
126,511,images/image_211.jpg,images/image_559.jpg,0.15430200099945068
224,303,images/image_30.jpg,images/image_371.jpg,0.15439289808273315
382,161,images/image_442.jpg,images/image_243.jpg,0.15444117784500122
62,312,images/image_154.jpg,images/image_38.jpg,0.15455013513565063
380,219,images/image_440.jpg,images/image_296.jpg,0.15467113256454468
444,489,images/image_499.jpg,images/image_539.jpg,0.1547754406929016
380,479,images/image_440.jpg,images/image_53.jpg,0.15501725673675537
547,569,images/image_591.jpg,images/image_71.jpg,0.15511417388916016
432,307,images/image_488.jpg,images/image_375.jpg,0.15528106689453125
584,576,images/image_85.jpg,images/image_78.jpg,0.15528547763824463
588,560,images/image_89.jpg,images/image_63.jpg,0.15530085563659668
168,539,images/image_25.jpg,images/image_584.jpg,0.15530580282211304
574,296,images/image_76.jpg,images/image_365.jpg,0.1554526686668396
150,136,images/image_233.jpg,images/image_220.jpg,0.15545755624771118
547,63,images/image_591.jpg,images/image_155.jpg,0.15574240684509277
503,90,images/image_551.jpg,images/image_18.jpg,0.15578198432922363
404,587,images/image_462.jpg,images/image_88.jpg,0.15588146448135376
117,547,images/image_203.jpg,images/image_591.jpg,0.1559472680091858
588,284,images/image_89.jpg,images/image_354.jpg,0.15595507621765137
255,296,images/image_328.jpg,images/image_365.jpg,0.15625518560409546
444,284,images/image_499.jpg,images/image_354.jpg,0.15647387504577637
240,296,images/image_314.jpg,images/image_365.jpg,0.1566317081451416
584,71,images/image_85.jpg,images/image_162.jpg,0.15665119886398315
453,296,images/image_506.jpg,images/image_365.jpg,0.15668249130249023
291,349,images/image_360.jpg,images/image_412.jpg,0.15674543380737305
557,70,images/image_60.jpg,images/image_161.jpg,0.1569954752922058
182,136,images/image_262.jpg,images/image_220.jpg,0.15701687335968018
383,237,images/image_443.jpg,images/image_311.jpg,0.15713715553283691
588,395,images/image_89.jpg,images/image_454.jpg,0.15723180770874023
94,224,images/image_183.jpg,images/image_30.jpg,0.15727531909942627
204,232,images/image_282.jpg,images/image_307.jpg,0.15728503465652466
444,560,images/image_499.jpg,images/image_63.jpg,0.15734130144119263
404,161,images/image_462.jpg,images/image_243.jpg,0.1574476957321167
286,396,images/image_356.jpg,images/image_455.jpg,0.1574840545654297
547,578,images/image_591.jpg,images/image_8.jpg,0.1575036644935608
444,395,images/image_499.jpg,images/image_454.jpg,0.15760618448257446
66,396,images/image_158.jpg,images/image_455.jpg,0.15776020288467407
286,512,images/image_356.jpg,images/image_56.jpg,0.15778803825378418
588,161,images/image_89.jpg,images/image_243.jpg,0.15796911716461182
578,252,images/image_8.jpg,images/image_325.jpg,0.1580578088760376
66,512,images/image_158.jpg,images/image_56.jpg,0.1581706404685974
459,237,images/image_511.jpg,images/image_311.jpg,0.1583119034767151
432,351,images/image_488.jpg,images/image_414.jpg,0.15834593772888184
250,111,images/image_323.jpg,images/image_199.jpg,0.15842676162719727
383,547,images/image_443.jpg,images/image_591.jpg,0.158427894115448
503,512,images/image_551.jpg,images/image_56.jpg,0.15851831436157227
443,4,images/image_498.jpg,images/image_101.jpg,0.15851891040802002
549,248,images/image_593.jpg,images/image_321.jpg,0.15880006551742554
432,589,images/image_488.jpg,images/image_9.jpg,0.15880745649337769
382,396,images/image_442.jpg,images/image_455.jpg,0.15918374061584473
588,309,images/image_89.jpg,images/image_377.jpg,0.15954017639160156
382,512,images/image_442.jpg,images/image_56.jpg,0.15954196453094482
588,497,images/image_89.jpg,images/image_546.jpg,0.15958088636398315
503,587,images/image_551.jpg,images/image_88.jpg,0.1596590280532837
588,342,images/image_89.jpg,images/image_406.jpg,0.1596994400024414
540,70,images/image_585.jpg,images/image_161.jpg,0.16000217199325562
443,376,images/image_498.jpg,images/image_437.jpg,0.16014331579208374
544,528,images/image_589.jpg,images/image_574.jpg,0.16021448373794556
253,63,images/image_326.jpg,images/image_155.jpg,0.16023749113082886
464,232,images/image_516.jpg,images/image_307.jpg,0.1602950096130371
503,396,images/image_551.jpg,images/image_455.jpg,0.1603635549545288
544,293,images/image_589.jpg,images/image_362.jpg,0.16056734323501587
584,43,images/image_85.jpg,images/image_137.jpg,0.16092103719711304
204,547,images/image_282.jpg,images/image_591.jpg,0.16100960969924927
451,569,images/image_504.jpg,images/image_71.jpg,0.16107791662216187
578,237,images/image_8.jpg,images/image_311.jpg,0.1611139178276062
48,4,images/image_141.jpg,images/image_101.jpg,0.16114574670791626
303,569,images/image_371.jpg,images/image_71.jpg,0.16129034757614136
459,519,images/image_511.jpg,images/image_566.jpg,0.16140037775039673
584,309,images/image_85.jpg,images/image_377.jpg,0.16149777173995972
432,422,images/image_488.jpg,images/image_479.jpg,0.16155314445495605
253,578,images/image_326.jpg,images/image_8.jpg,0.16183775663375854
204,546,images/image_282.jpg,images/image_590.jpg,0.16186290979385376
578,273,images/image_8.jpg,images/image_344.jpg,0.16186738014221191
182,206,images/image_262.jpg,images/image_284.jpg,0.16188281774520874
451,117,images/image_504.jpg,images/image_203.jpg,0.162095844745636
404,396,images/image_462.jpg,images/image_455.jpg,0.1621374487876892
303,117,images/image_371.jpg,images/image_203.jpg,0.16215401887893677
291,165,images/image_360.jpg,images/image_247.jpg,0.1622248888015747
574,531,images/image_76.jpg,images/image_577.jpg,0.16242313385009766
404,512,images/image_462.jpg,images/image_56.jpg,0.16251444816589355
48,376,images/image_141.jpg,images/image_437.jpg,0.1626652479171753
182,18,images/image_262.jpg,images/image_114.jpg,0.16267269849777222
584,342,images/image_85.jpg,images/image_406.jpg,0.16294389963150024
584,497,images/image_85.jpg,images/image_546.jpg,0.16295373439788818
150,206,images/image_233.jpg,images/image_284.jpg,0.1629805564880371
578,509,images/image_8.jpg,images/image_557.jpg,0.16301798820495605
588,254,images/image_89.jpg,images/image_327.jpg,0.16304904222488403
253,383,images/image_326.jpg,images/image_443.jpg,0.16305017471313477
182,130,images/image_262.jpg,images/image_215.jpg,0.16332346200942993
255,531,images/image_328.jpg,images/image_577.jpg,0.1634191870689392
303,111,images/image_371.jpg,images/image_199.jpg,0.16366815567016602
581,70,images/image_82.jpg,images/image_161.jpg,0.1637614369392395
453,531,images/image_506.jpg,images/image_577.jpg,0.1637830138206482
240,531,images/image_314.jpg,images/image_577.jpg,0.16380774974822998
150,18,images/image_233.jpg,images/image_114.jpg,0.16382527351379395
584,458,images/image_85.jpg,images/image_510.jpg,0.16386163234710693
588,367,images/image_89.jpg,images/image_429.jpg,0.16405928134918213
581,232,images/image_82.jpg,images/image_307.jpg,0.16411983966827393
588,82,images/image_89.jpg,images/image_172.jpg,0.1641237735748291
520,111,images/image_567.jpg,images/image_199.jpg,0.16412866115570068
580,39,images/image_81.jpg,images/image_133.jpg,0.16425883769989014
459,531,images/image_511.jpg,images/image_577.jpg,0.1643756628036499
574,11,images/image_76.jpg,images/image_108.jpg,0.1643802523612976
564,591,images/image_67.jpg,images/image_91.jpg,0.16448688507080078
464,546,images/image_516.jpg,images/image_590.jpg,0.16449755430221558
221,591,images/image_298.jpg,images/image_91.jpg,0.16450011730194092
580,307,images/image_81.jpg,images/image_375.jpg,0.16470903158187866
164,255,images/image_246.jpg,images/image_328.jpg,0.16493600606918335
578,40,images/image_8.jpg,images/image_134.jpg,0.16496574878692627
164,453,images/image_246.jpg,images/image_506.jpg,0.164992094039917
443,279,images/image_498.jpg,images/image_35.jpg,0.1649932861328125
164,240,images/image_246.jpg,images/image_314.jpg,0.16500401496887207
443,499,images/image_498.jpg,images/image_548.jpg,0.16506630182266235
164,574,images/image_246.jpg,images/image_76.jpg,0.16510379314422607
557,232,images/image_60.jpg,images/image_307.jpg,0.16529875993728638
94,569,images/image_183.jpg,images/image_71.jpg,0.16532206535339355
210,130,images/image_288.jpg,images/image_215.jpg,0.16537243127822876
255,11,images/image_328.jpg,images/image_108.jpg,0.16540932655334473
176,221,images/image_257.jpg,images/image_298.jpg,0.16545474529266357
85,39,images/image_175.jpg,images/image_133.jpg,0.1654711365699768
454,307,images/image_507.jpg,images/image_375.jpg,0.16547513008117676
176,564,images/image_257.jpg,images/image_67.jpg,0.1654878854751587
454,39,images/image_507.jpg,images/image_133.jpg,0.165643572807312
453,11,images/image_506.jpg,images/image_108.jpg,0.16576510667800903
164,569,images/image_246.jpg,images/image_71.jpg,0.16582906246185303
240,11,images/image_314.jpg,images/image_108.jpg,0.1658497452735901
475,10,images/image_526.jpg,images/image_107.jpg,0.16620349884033203
104,39,images/image_192.jpg,images/image_133.jpg,0.16620373725891113
253,111,images/image_326.jpg,images/image_199.jpg,0.16622883081436157
581,546,images/image_82.jpg,images/image_590.jpg,0.16632312536239624
94,117,images/image_183.jpg,images/image_203.jpg,0.16641217470169067
85,307,images/image_175.jpg,images/image_375.jpg,0.16646575927734375
580,17,images/image_81.jpg,images/image_113.jpg,0.1664910912513733
574,252,images/image_76.jpg,images/image_325.jpg,0.16649150848388672
215,536,images/image_292.jpg,images/image_581.jpg,0.16651105880737305
104,307,images/image_192.jpg,images/image_375.jpg,0.16658389568328857
540,232,images/image_585.jpg,images/image_307.jpg,0.16664981842041016
291,29,images/image_360.jpg,images/image_124.jpg,0.16667836904525757
454,17,images/image_507.jpg,images/image_113.jpg,0.16714853048324585
210,472,images/image_288.jpg,images/image_523.jpg,0.16730475425720215
415,569,images/image_472.jpg,images/image_71.jpg,0.16732639074325562
210,206,images/image_288.jpg,images/image_284.jpg,0.16734683513641357
215,163,images/image_292.jpg,images/image_245.jpg,0.16735517978668213
255,252,images/image_328.jpg,images/image_325.jpg,0.16740471124649048
557,546,images/image_60.jpg,images/image_590.jpg,0.16749566793441772
48,279,images/image_141.jpg,images/image_35.jpg,0.16751998662948608
48,499,images/image_141.jpg,images/image_548.jpg,0.1675480604171753
240,252,images/image_314.jpg,images/image_325.jpg,0.16757816076278687
204,303,images/image_282.jpg,images/image_371.jpg,0.1676899790763855
453,252,images/image_506.jpg,images/image_325.jpg,0.16778182983398438
255,415,images/image_328.jpg,images/image_472.jpg,0.16785365343093872
415,453,images/image_472.jpg,images/image_506.jpg,0.16789722442626953
240,415,images/image_314.jpg,images/image_472.jpg,0.16792184114456177
580,432,images/image_81.jpg,images/image_488.jpg,0.16797184944152832
415,574,images/image_472.jpg,images/image_76.jpg,0.16800850629806519
204,451,images/image_282.jpg,images/image_504.jpg,0.16806739568710327
336,427,images/image_400.jpg,images/image_483.jpg,0.16814124584197998
85,17,images/image_175.jpg,images/image_113.jpg,0.16815483570098877
80,253,images/image_170.jpg,images/image_326.jpg,0.16816109418869019
104,17,images/image_192.jpg,images/image_113.jpg,0.16817855834960938
255,418,images/image_328.jpg,images/image_475.jpg,0.16845446825027466
418,453,images/image_475.jpg,images/image_506.jpg,0.1684572696685791
418,240,images/image_475.jpg,images/image_314.jpg,0.16850203275680542
418,574,images/image_475.jpg,images/image_76.jpg,0.16857564449310303
164,117,images/image_246.jpg,images/image_203.jpg,0.16872543096542358
540,546,images/image_585.jpg,images/image_590.jpg,0.1688709855079651
569,36,images/image_71.jpg,images/image_130.jpg,0.16903072595596313
330,444,images/image_396.jpg,images/image_499.jpg,0.16908305883407593
85,432,images/image_175.jpg,images/image_488.jpg,0.16920477151870728
224,232,images/image_30.jpg,images/image_307.jpg,0.169225811958313
454,432,images/image_507.jpg,images/image_488.jpg,0.16936582326889038
59,427,images/image_151.jpg,images/image_483.jpg,0.16978198289871216
459,11,images/image_511.jpg,images/image_108.jpg,0.16990303993225098
104,432,images/image_192.jpg,images/image_488.jpg,0.16995996236801147
547,111,images/image_591.jpg,images/image_199.jpg,0.17001324892044067
415,117,images/image_472.jpg,images/image_203.jpg,0.17025810480117798
459,78,images/image_511.jpg,images/image_169.jpg,0.17026054859161377
488,427,images/image_538.jpg,images/image_483.jpg,0.17026287317276
565,444,images/image_68.jpg,images/image_499.jpg,0.17062127590179443
291,347,images/image_360.jpg,images/image_410.jpg,0.17062634229660034
80,94,images/image_170.jpg,images/image_183.jpg,0.17071032524108887
336,238,images/image_400.jpg,images/image_312.jpg,0.1707601547241211
459,8,images/image_511.jpg,images/image_105.jpg,0.17083454132080078
324,444,images/image_390.jpg,images/image_499.jpg,0.17084503173828125
465,294,images/image_517.jpg,images/image_363.jpg,0.1709580421447754
59,238,images/image_151.jpg,images/image_312.jpg,0.1709808111190796
336,444,images/image_400.jpg,images/image_499.jpg,0.1710202693939209
164,204,images/image_246.jpg,images/image_282.jpg,0.17102473974227905
44,176,images/image_138.jpg,images/image_257.jpg,0.17110908031463623
336,212,images/image_400.jpg,images/image_29.jpg,0.17115557193756104
336,268,images/image_400.jpg,images/image_34.jpg,0.17121738195419312
59,212,images/image_151.jpg,images/image_29.jpg,0.17126202583312988
59,268,images/image_151.jpg,images/image_34.jpg,0.17129290103912354
101,277,images/image_19.jpg,images/image_348.jpg,0.17138558626174927
291,79,images/image_360.jpg,images/image_17.jpg,0.17194724082946777
44,444,images/image_138.jpg,images/image_499.jpg,0.17206120491027832
286,398,images/image_356.jpg,images/image_457.jpg,0.17206692695617676
66,398,images/image_158.jpg,images/image_457.jpg,0.1721908450126648
336,366,images/image_400.jpg,images/image_428.jpg,0.1722819209098816
415,204,images/image_472.jpg,images/image_282.jpg,0.17237132787704468
443,349,images/image_498.jpg,images/image_412.jpg,0.17239344120025635
80,451,images/image_170.jpg,images/image_504.jpg,0.17240303754806519
488,238,images/image_538.jpg,images/image_312.jpg,0.17240488529205322
59,366,images/image_151.jpg,images/image_428.jpg,0.17244106531143188
178,255,images/image_259.jpg,images/image_328.jpg,0.17255675792694092
178,453,images/image_259.jpg,images/image_506.jpg,0.17258334159851074
178,240,images/image_259.jpg,images/image_314.jpg,0.17261457443237305
548,307,images/image_592.jpg,images/image_375.jpg,0.17263996601104736
488,268,images/image_538.jpg,images/image_34.jpg,0.17269355058670044
488,212,images/image_538.jpg,images/image_29.jpg,0.1726939082145691
178,574,images/image_259.jpg,images/image_76.jpg,0.1727144718170166
94,204,images/image_183.jpg,images/image_282.jpg,0.17276006937026978
578,158,images/image_8.jpg,images/image_240.jpg,0.17285048961639404
178,569,images/image_259.jpg,images/image_71.jpg,0.17289453744888306
387,294,images/image_447.jpg,images/image_363.jpg,0.17292845249176025
498,64,images/image_547.jpg,images/image_156.jpg,0.1730743646621704
393,307,images/image_452.jpg,images/image_375.jpg,0.1734158992767334
447,307,images/image_500.jpg,images/image_375.jpg,0.17341679334640503
224,546,images/image_30.jpg,images/image_590.jpg,0.17348307371139526
176,330,images/image_257.jpg,images/image_396.jpg,0.17353832721710205
420,130,images/image_477.jpg,images/image_215.jpg,0.17362374067306519
382,398,images/image_442.jpg,images/image_457.jpg,0.17375558614730835
488,366,images/image_538.jpg,images/image_428.jpg,0.17386293411254883
505,232,images/image_553.jpg,images/image_307.jpg,0.1740134358406067
574,237,images/image_76.jpg,images/image_311.jpg,0.17405354976654053
51,4,images/image_144.jpg,images/image_101.jpg,0.17422497272491455
330,588,images/image_396.jpg,images/image_89.jpg,0.17425858974456787
498,99,images/image_547.jpg,images/image_188.jpg,0.1742706298828125
336,193,images/image_400.jpg,images/image_272.jpg,0.17430728673934937
580,230,images/image_81.jpg,images/image_305.jpg,0.17436164617538452
488,444,images/image_538.jpg,images/image_499.jpg,0.1744590401649475
498,569,images/image_547.jpg,images/image_71.jpg,0.1745051145553589
72,569,images/image_163.jpg,images/image_71.jpg,0.17461299896240234
578,183,images/image_8.jpg,images/image_263.jpg,0.17479759454727173
44,591,images/image_138.jpg,images/image_91.jpg,0.1749228835105896
255,237,images/image_328.jpg,images/image_311.jpg,0.17503619194030762
574,320,images/image_76.jpg,images/image_387.jpg,0.17539668083190918
453,237,images/image_506.jpg,images/image_311.jpg,0.1754029393196106
85,230,images/image_175.jpg,images/image_305.jpg,0.17546606063842773
454,230,images/image_507.jpg,images/image_305.jpg,0.17559540271759033
420,472,images/image_477.jpg,images/image_523.jpg,0.17565280199050903
48,349,images/image_141.jpg,images/image_412.jpg,0.17566537857055664
418,569,images/image_475.jpg,images/image_71.jpg,0.17573201656341553
581,218,images/image_82.jpg,images/image_295.jpg,0.17573416233062744
176,565,images/image_257.jpg,images/image_68.jpg,0.17582666873931885
420,206,images/image_477.jpg,images/image_284.jpg,0.175834059715271
59,193,images/image_151.jpg,images/image_272.jpg,0.1758441925048828
178,117,images/image_259.jpg,images/image_203.jpg,0.1758660078048706
110,444,images/image_198.jpg,images/image_499.jpg,0.17588549852371216
115,444,images/image_201.jpg,images/image_499.jpg,0.17588549852371216
565,588,images/image_68.jpg,images/image_89.jpg,0.17591142654418945
465,288,images/image_517.jpg,images/image_358.jpg,0.17593646049499512
324,588,images/image_390.jpg,images/image_89.jpg,0.17607039213180542
104,230,images/image_192.jpg,images/image_305.jpg,0.1761559247970581
86,444,images/image_176.jpg,images/image_499.jpg,0.17618918418884277
459,3,images/image_511.jpg,images/image_100.jpg,0.17619818449020386
488,193,images/image_538.jpg,images/image_272.jpg,0.17637676000595093
336,588,images/image_400.jpg,images/image_89.jpg,0.17646437883377075
336,200,images/image_400.jpg,images/image_279.jpg,0.17653024196624756
449,130,images/image_502.jpg,images/image_215.jpg,0.17654120922088623
51,376,images/image_144.jpg,images/image_437.jpg,0.17659974098205566
404,398,images/image_462.jpg,images/image_457.jpg,0.17674535512924194
475,509,images/image_526.jpg,images/image_557.jpg,0.17683881521224976
453,320,images/image_506.jpg,images/image_387.jpg,0.1769089698791504
330,591,images/image_396.jpg,images/image_91.jpg,0.1771358847618103
498,111,images/image_547.jpg,images/image_199.jpg,0.17714840173721313
498,459,images/image_547.jpg,images/image_511.jpg,0.1771552562713623
503,398,images/image_551.jpg,images/image_457.jpg,0.17718720436096191
59,444,images/image_151.jpg,images/image_499.jpg,0.17723065614700317
44,588,images/image_138.jpg,images/image_89.jpg,0.17732751369476318
420,18,images/image_477.jpg,images/image_114.jpg,0.17745226621627808
498,117,images/image_547.jpg,images/image_203.jpg,0.1774924397468567
220,569,images/image_297.jpg,images/image_71.jpg,0.17761540412902832
178,204,images/image_259.jpg,images/image_282.jpg,0.1776934266090393
363,294,images/image_425.jpg,images/image_363.jpg,0.17793524265289307
176,324,images/image_257.jpg,images/image_390.jpg,0.17800450325012207
505,546,images/image_553.jpg,images/image_590.jpg,0.17801350355148315
303,232,images/image_371.jpg,images/image_307.jpg,0.1780557632446289
574,80,images/image_76.jpg,images/image_170.jpg,0.1780969500541687
453,80,images/image_506.jpg,images/image_170.jpg,0.17815393209457397
443,165,images/image_498.jpg,images/image_247.jpg,0.17836391925811768
449,472,images/image_502.jpg,images/image_523.jpg,0.1785966157913208
387,288,images/image_447.jpg,images/image_358.jpg,0.1786559820175171
418,117,images/image_475.jpg,images/image_203.jpg,0.17873287200927734
220,64,images/image_297.jpg,images/image_156.jpg,0.17877274751663208
449,206,images/image_502.jpg,images/image_284.jpg,0.17878597974777222
547,232,images/image_591.jpg,images/image_307.jpg,0.17886507511138916
581,240,images/image_82.jpg,images/image_314.jpg,0.17900598049163818
336,357,images/image_400.jpg,images/image_42.jpg,0.17906951904296875
303,546,images/image_371.jpg,images/image_590.jpg,0.17913776636123657
86,238,images/image_176.jpg,images/image_312.jpg,0.17917311191558838
336,367,images/image_400.jpg,images/image_429.jpg,0.1791900396347046
336,54,images/image_400.jpg,images/image_147.jpg,0.17922192811965942
221,537,images/image_298.jpg,images/image_582.jpg,0.17933177947998047
86,427,images/image_176.jpg,images/image_483.jpg,0.1794378161430359
336,107,images/image_400.jpg,images/image_195.jpg,0.179490327835083
510,130,images/image_558.jpg,images/image_215.jpg,0.1795099973678589
503,74,images/image_551.jpg,images/image_165.jpg,0.17952561378479004
565,591,images/image_68.jpg,images/image_91.jpg,0.1795346736907959
86,212,images/image_176.jpg,images/image_29.jpg,0.17965304851531982
363,4,images/image_425.jpg,images/image_101.jpg,0.17966920137405396
86,268,images/image_176.jpg,images/image_34.jpg,0.1799335479736328
564,537,images/image_67.jpg,images/image_582.jpg,0.17995226383209229
488,588,images/image_538.jpg,images/image_89.jpg,0.17999470233917236
547,546,images/image_591.jpg,images/image_590.jpg,0.17999625205993652
220,99,images/image_297.jpg,images/image_188.jpg,0.18001335859298706
110,427,images/image_198.jpg,images/image_483.jpg,0.18028801679611206
115,427,images/image_201.jpg,images/image_483.jpg,0.18028807640075684
540,218,images/image_585.jpg,images/image_295.jpg,0.18038487434387207
449,18,images/image_502.jpg,images/image_114.jpg,0.18041789531707764
253,232,images/image_326.jpg,images/image_307.jpg,0.180425763130188
221,419,images/image_298.jpg,images/image_476.jpg,0.1804579496383667
581,255,images/image_82.jpg,images/image_328.jpg,0.18050038814544678
578,379,images/image_8.jpg,images/image_44.jpg,0.18057703971862793
578,129,images/image_8.jpg,images/image_214.jpg,0.18062537908554077
220,117,images/image_297.jpg,images/image_203.jpg,0.18062567710876465
578,425,images/image_8.jpg,images/image_481.jpg,0.18076759576797485
110,238,images/image_198.jpg,images/image_312.jpg,0.1807689070701599
115,238,images/image_201.jpg,images/image_312.jpg,0.1807689070701599
418,204,images/image_475.jpg,images/image_282.jpg,0.1807776689529419
488,200,images/image_538.jpg,images/image_279.jpg,0.18078017234802246
86,366,images/image_176.jpg,images/image_428.jpg,0.1808549165725708
547,80,images/image_591.jpg,images/image_170.jpg,0.18089044094085693
488,357,images/image_538.jpg,images/image_42.jpg,0.18092936277389526
363,376,images/image_425.jpg,images/image_437.jpg,0.18096590042114258
564,419,images/image_67.jpg,images/image_476.jpg,0.1810646653175354
110,212,images/image_198.jpg,images/image_29.jpg,0.1812061071395874
115,212,images/image_201.jpg,images/image_29.jpg,0.1812061071395874
336,82,images/image_400.jpg,images/image_172.jpg,0.18126177787780762
110,588,images/image_198.jpg,images/image_89.jpg,0.18127042055130005
115,588,images/image_201.jpg,images/image_89.jpg,0.18127042055130005
498,204,images/image_547.jpg,images/image_282.jpg,0.18127405643463135
488,107,images/image_538.jpg,images/image_195.jpg,0.18128234148025513
475,43,images/image_526.jpg,images/image_137.jpg,0.1813938021659851
110,268,images/image_198.jpg,images/image_34.jpg,0.1814286708831787
115,268,images/image_201.jpg,images/image_34.jpg,0.1814286708831787
580,315,images/image_81.jpg,images/image_382.jpg,0.18146562576293945
453,581,images/image_506.jpg,images/image_82.jpg,0.18148595094680786
548,17,images/image_592.jpg,images/image_113.jpg,0.18150222301483154
86,588,images/image_176.jpg,images/image_89.jpg,0.1815163493156433
488,367,images/image_538.jpg,images/image_429.jpg,0.1815711259841919
510,472,images/image_558.jpg,images/image_523.jpg,0.1815750002861023
578,446,images/image_8.jpg,images/image_50.jpg,0.1816023588180542
48,165,images/image_141.jpg,images/image_247.jpg,0.1816314458847046
510,206,images/image_558.jpg,images/image_284.jpg,0.18175077438354492
581,264,images/image_82.jpg,images/image_336.jpg,0.18177008628845215
253,546,images/image_326.jpg,images/image_590.jpg,0.1819601058959961
324,591,images/image_390.jpg,images/image_91.jpg,0.18210065364837646
51,294,images/image_144.jpg,images/image_363.jpg,0.18214279413223267
447,17,images/image_500.jpg,images/image_113.jpg,0.18224215507507324
454,315,images/image_507.jpg,images/image_382.jpg,0.1822490096092224
578,471,images/image_8.jpg,images/image_522.jpg,0.1822527050971985
393,17,images/image_452.jpg,images/image_113.jpg,0.18226861953735352
420,144,images/image_477.jpg,images/image_228.jpg,0.18241220712661743
110,366,images/image_198.jpg,images/image_428.jpg,0.1824137568473816
115,366,images/image_201.jpg,images/image_428.jpg,0.1824137568473816
51,279,images/image_144.jpg,images/image_35.jpg,0.18242228031158447
574,581,images/image_76.jpg,images/image_82.jpg,0.18245118856430054
557,218,images/image_60.jpg,images/image_295.jpg,0.18258529901504517
51,499,images/image_144.jpg,images/image_548.jpg,0.1826390027999878
51,349,images/image_144.jpg,images/image_412.jpg,0.18271100521087646
220,459,images/image_297.jpg,images/image_511.jpg,0.18291127681732178
451,232,images/image_504.jpg,images/image_307.jpg,0.18302708864212036
220,111,images/image_297.jpg,images/image_199.jpg,0.1830906867980957
115,176,images/image_201.jpg,images/image_257.jpg,0.18313217163085938
110,176,images/image_198.jpg,images/image_257.jpg,0.18313270807266235
443,29,images/image_498.jpg,images/image_124.jpg,0.18321847915649414
85,315,images/image_175.jpg,images/image_382.jpg,0.18326836824417114
580,22,images/image_81.jpg,images/image_118.jpg,0.1833363175392151
104,315,images/image_192.jpg,images/image_382.jpg,0.1833786964416504
591,232,images/image_91.jpg,images/image_307.jpg,0.18338125944137573
510,18,images/image_558.jpg,images/image_114.jpg,0.183418869972229
363,288,images/image_425.jpg,images/image_358.jpg,0.18344491720199585
488,54,images/image_538.jpg,images/image_147.jpg,0.18352973461151123
488,82,images/image_538.jpg,images/image_172.jpg,0.18380993604660034
454,22,images/image_507.jpg,images/image_118.jpg,0.18416762351989746
220,204,images/image_297.jpg,images/image_282.jpg,0.1841983199119568
540,240,images/image_585.jpg,images/image_314.jpg,0.18423688411712646
451,546,images/image_504.jpg,images/image_590.jpg,0.18433451652526855
336,358,images/image_400.jpg,images/image_420.jpg,0.1844070553779602
387,4,images/image_447.jpg,images/image_101.jpg,0.18460536003112793
387,376,images/image_447.jpg,images/image_437.jpg,0.18490713834762573
104,22,images/image_192.jpg,images/image_118.jpg,0.18534785509109497
581,477,images/image_82.jpg,images/image_528.jpg,0.18536967039108276
449,144,images/image_502.jpg,images/image_228.jpg,0.18539226055145264
86,193,images/image_176.jpg,images/image_272.jpg,0.18567895889282227
426,4,images/image_482.jpg,images/image_101.jpg,0.18574607372283936
540,255,images/image_585.jpg,images/image_328.jpg,0.18576383590698242
324,427,images/image_390.jpg,images/image_483.jpg,0.18632972240447998
48,29,images/image_141.jpg,images/image_124.jpg,0.18639326095581055
488,358,images/image_538.jpg,images/image_420.jpg,0.18642300367355347
540,264,images/image_585.jpg,images/image_336.jpg,0.18646442890167236
488,176,images/image_538.jpg,images/image_257.jpg,0.18647783994674683
110,193,images/image_198.jpg,images/image_272.jpg,0.18656694889068604
115,193,images/image_201.jpg,images/image_272.jpg,0.18656694889068604
303,80,images/image_371.jpg,images/image_170.jpg,0.18662256002426147
44,253,images/image_138.jpg,images/image_326.jpg,0.18673384189605713
453,540,images/image_506.jpg,images/image_585.jpg,0.18675917387008667
363,279,images/image_425.jpg,images/image_35.jpg,0.18690860271453857
581,3,images/image_82.jpg,images/image_100.jpg,0.18693482875823975
363,499,images/image_425.jpg,images/image_548.jpg,0.1869901418685913
426,376,images/image_482.jpg,images/image_437.jpg,0.18726295232772827
557,240,images/image_60.jpg,images/image_314.jpg,0.18726545572280884
443,347,images/image_498.jpg,images/image_410.jpg,0.187283456325531
591,546,images/image_91.jpg,images/image_590.jpg,0.18744850158691406
253,330,images/image_326.jpg,images/image_396.jpg,0.18755102157592773
291,23,images/image_360.jpg,images/image_119.jpg,0.18770670890808105
540,574,images/image_585.jpg,images/image_76.jpg,0.18774110078811646
51,288,images/image_144.jpg,images/image_358.jpg,0.1880190372467041
115,591,images/image_201.jpg,images/image_91.jpg,0.18811827898025513
591,110,images/image_91.jpg,images/image_198.jpg,0.18811827898025513
382,511,images/image_442.jpg,images/image_559.jpg,0.18819963932037354
286,511,images/image_356.jpg,images/image_559.jpg,0.18821001052856445
581,245,images/image_82.jpg,images/image_319.jpg,0.1883397102355957
510,144,images/image_558.jpg,images/image_228.jpg,0.18843984603881836
443,79,images/image_498.jpg,images/image_17.jpg,0.18852096796035767
557,264,images/image_60.jpg,images/image_336.jpg,0.1886274814605713
324,238,images/image_390.jpg,images/image_312.jpg,0.18863892555236816
291,431,images/image_360.jpg,images/image_487.jpg,0.18865549564361572
557,255,images/image_60.jpg,images/image_328.jpg,0.1887863278388977
336,176,images/image_400.jpg,images/image_257.jpg,0.18881672620773315
565,427,images/image_68.jpg,images/image_483.jpg,0.1888250708580017
51,165,images/image_144.jpg,images/image_247.jpg,0.18888497352600098
498,94,images/image_547.jpg,images/image_183.jpg,0.1891651749610901
580,136,images/image_81.jpg,images/image_220.jpg,0.18917131423950195
324,212,images/image_390.jpg,images/image_29.jpg,0.18920063972473145
324,268,images/image_390.jpg,images/image_34.jpg,0.18946826457977295
564,503,images/image_67.jpg,images/image_551.jpg,0.1895381212234497
253,36,images/image_326.jpg,images/image_130.jpg,0.18966680765151978
453,557,images/image_506.jpg,images/image_60.jpg,0.1897997260093689
253,565,images/image_326.jpg,images/image_68.jpg,0.18981218338012695
44,505,images/image_138.jpg,images/image_553.jpg,0.1899811029434204
454,136,images/image_507.jpg,images/image_220.jpg,0.18999582529067993
540,3,images/image_585.jpg,images/image_100.jpg,0.19004398584365845
540,477,images/image_585.jpg,images/image_528.jpg,0.1901148557662964
382,74,images/image_442.jpg,images/image_165.jpg,0.1902064085006714
286,74,images/image_356.jpg,images/image_165.jpg,0.19029325246810913
324,366,images/image_390.jpg,images/image_428.jpg,0.1903589963912964
451,36,images/image_504.jpg,images/image_130.jpg,0.19054585695266724
48,347,images/image_141.jpg,images/image_410.jpg,0.19055390357971191
443,294,images/image_498.jpg,images/image_363.jpg,0.19073092937469482
591,86,images/image_91.jpg,images/image_176.jpg,0.19075429439544678
557,574,images/image_60.jpg,images/image_76.jpg,0.1908091902732849
565,200,images/image_68.jpg,images/image_279.jpg,0.1908319592475891
387,279,images/image_447.jpg,images/image_35.jpg,0.19085955619812012
387,499,images/image_447.jpg,images/image_548.jpg,0.190903902053833
324,200,images/image_390.jpg,images/image_279.jpg,0.191034197807312
404,511,images/image_462.jpg,images/image_559.jpg,0.19114631414413452
330,427,images/image_396.jpg,images/image_483.jpg,0.19137036800384521
540,245,images/image_585.jpg,images/image_319.jpg,0.1914340853691101
330,505,images/image_396.jpg,images/image_553.jpg,0.1914428472518921
565,238,images/image_68.jpg,images/image_312.jpg,0.1916065216064453
382,480,images/image_442.jpg,images/image_530.jpg,0.19169074296951294
451,72,images/image_504.jpg,images/image_163.jpg,0.1917082667350769
286,480,images/image_356.jpg,images/image_530.jpg,0.19180691242218018
48,79,images/image_141.jpg,images/image_17.jpg,0.19184082746505737
498,253,images/image_547.jpg,images/image_326.jpg,0.19185245037078857
488,591,images/image_538.jpg,images/image_91.jpg,0.192207932472229
565,212,images/image_68.jpg,images/image_29.jpg,0.19222968816757202
451,498,images/image_504.jpg,images/image_547.jpg,0.19231778383255005
557,477,images/image_60.jpg,images/image_528.jpg,0.19242972135543823
303,494,images/image_371.jpg,images/image_543.jpg,0.19244027137756348
548,22,images/image_592.jpg,images/image_118.jpg,0.19245338439941406
565,268,images/image_68.jpg,images/image_34.jpg,0.1925308108329773
426,279,images/image_482.jpg,images/image_35.jpg,0.1925334334373474
382,369,images/image_442.jpg,images/image_430.jpg,0.19255828857421875
556,132,images/image_6.jpg,images/image_217.jpg,0.1925843358039856
426,499,images/image_482.jpg,images/image_548.jpg,0.1926080584526062
556,236,images/image_6.jpg,images/image_310.jpg,0.19263577461242676
286,369,images/image_356.jpg,images/image_430.jpg,0.1926547884941101
324,193,images/image_390.jpg,images/image_272.jpg,0.1928037405014038
548,315,images/image_592.jpg,images/image_382.jpg,0.19281166791915894
557,3,images/image_60.jpg,images/image_100.jpg,0.19303667545318604
330,200,images/image_396.jpg,images/image_279.jpg,0.19314074516296387
404,74,images/image_462.jpg,images/image_165.jpg,0.1931440234184265
581,95,images/image_82.jpg,images/image_184.jpg,0.19315338134765625
393,22,images/image_452.jpg,images/image_118.jpg,0.19325602054595947
447,22,images/image_500.jpg,images/image_118.jpg,0.19328522682189941
565,366,images/image_68.jpg,images/image_428.jpg,0.193328857421875
505,565,images/image_553.jpg,images/image_68.jpg,0.19335639476776123
574,35,images/image_76.jpg,images/image_13.jpg,0.19351810216903687
393,315,images/image_452.jpg,images/image_382.jpg,0.19360798597335815
447,315,images/image_500.jpg,images/image_382.jpg,0.1936209797859192
382,247,images/image_442.jpg,images/image_320.jpg,0.19363254308700562
286,247,images/image_356.jpg,images/image_320.jpg,0.19366365671157837
565,54,images/image_68.jpg,images/image_147.jpg,0.19373953342437744
51,29,images/image_144.jpg,images/image_124.jpg,0.19374781847000122
591,336,images/image_91.jpg,images/image_400.jpg,0.19381850957870483
324,54,images/image_390.jpg,images/image_147.jpg,0.1938871145248413
363,349,images/image_425.jpg,images/image_412.jpg,0.19392448663711548
581,141,images/image_82.jpg,images/image_225.jpg,0.19401788711547852
324,505,images/image_390.jpg,images/image_553.jpg,0.19404464960098267
453,35,images/image_506.jpg,images/image_13.jpg,0.19405823945999146
382,56,images/image_442.jpg,images/image_149.jpg,0.1941077709197998
286,56,images/image_356.jpg,images/image_149.jpg,0.19413304328918457
591,59,images/image_91.jpg,images/image_151.jpg,0.19414567947387695
547,44,images/image_591.jpg,images/image_138.jpg,0.19432294368743896
557,245,images/image_60.jpg,images/image_319.jpg,0.19443738460540771
488,505,images/image_538.jpg,images/image_553.jpg,0.1945464015007019
303,125,images/image_371.jpg,images/image_210.jpg,0.19455021619796753
404,480,images/image_462.jpg,images/image_530.jpg,0.19459420442581177
574,550,images/image_76.jpg,images/image_594.jpg,0.1947302222251892
330,547,images/image_396.jpg,images/image_591.jpg,0.19486701488494873
426,294,images/image_482.jpg,images/image_363.jpg,0.19491958618164062
564,70,images/image_67.jpg,images/image_161.jpg,0.19511818885803223
330,238,images/image_396.jpg,images/image_312.jpg,0.1951277256011963
565,193,images/image_68.jpg,images/image_272.jpg,0.19544005393981934
404,369,images/image_462.jpg,images/image_430.jpg,0.1955103874206543
330,212,images/image_396.jpg,images/image_29.jpg,0.1957584023475647
330,268,images/image_396.jpg,images/image_34.jpg,0.196031391620636
330,54,images/image_396.jpg,images/image_147.jpg,0.19604092836380005
415,253,images/image_472.jpg,images/image_326.jpg,0.1961458921432495
540,95,images/image_585.jpg,images/image_184.jpg,0.19615811109542847
505,110,images/image_553.jpg,images/image_198.jpg,0.196239173412323
505,115,images/image_553.jpg,images/image_201.jpg,0.19623923301696777
505,59,images/image_553.jpg,images/image_151.jpg,0.19625329971313477
324,253,images/image_390.jpg,images/image_326.jpg,0.19631648063659668
415,94,images/image_472.jpg,images/image_183.jpg,0.1963934302330017
556,527,images/image_6.jpg,images/image_573.jpg,0.19654172658920288
221,503,images/image_298.jpg,images/image_551.jpg,0.19654381275177002
404,247,images/image_462.jpg,images/image_320.jpg,0.19656240940093994
443,288,images/image_498.jpg,images/image_358.jpg,0.19656389951705933
569,78,images/image_71.jpg,images/image_169.jpg,0.19675153493881226
330,366,images/image_396.jpg,images/image_428.jpg,0.1968572735786438
324,367,images/image_390.jpg,images/image_429.jpg,0.196904718875885
451,220,images/image_504.jpg,images/image_297.jpg,0.19701600074768066
404,56,images/image_462.jpg,images/image_149.jpg,0.19704437255859375
547,565,images/image_591.jpg,images/image_68.jpg,0.1970459222793579
451,164,images/image_504.jpg,images/image_246.jpg,0.1971433162689209
556,361,images/image_6.jpg,images/image_423.jpg,0.197154700756073
591,444,images/image_91.jpg,images/image_499.jpg,0.19725167751312256
382,584,images/image_442.jpg,images/image_85.jpg,0.1976456642150879
565,367,images/image_68.jpg,images/image_429.jpg,0.19771325588226318
286,584,images/image_356.jpg,images/image_85.jpg,0.1978013515472412
330,303,images/image_396.jpg,images/image_371.jpg,0.1978931427001953
51,347,images/image_144.jpg,images/image_410.jpg,0.1979069709777832
330,193,images/image_396.jpg,images/image_272.jpg,0.1979968547821045
505,336,images/image_553.jpg,images/image_400.jpg,0.19808036088943481
415,64,images/image_472.jpg,images/image_156.jpg,0.1981961727142334
548,136,images/image_592.jpg,images/image_220.jpg,0.19842153787612915
556,356,images/image_6.jpg,images/image_419.jpg,0.1984514594078064
465,4,images/image_517.jpg,images/image_101.jpg,0.19845378398895264
415,451,images/image_472.jpg,images/image_504.jpg,0.19880050420761108
557,95,images/image_60.jpg,images/image_184.jpg,0.19906997680664062
426,349,images/image_482.jpg,images/image_412.jpg,0.1991262435913086
393,136,images/image_452.jpg,images/image_220.jpg,0.19922739267349243
447,136,images/image_500.jpg,images/image_220.jpg,0.19925856590270996
465,376,images/image_517.jpg,images/image_437.jpg,0.19937217235565186
415,99,images/image_472.jpg,images/image_188.jpg,0.199387788772583
556,466,images/image_6.jpg,images/image_518.jpg,0.19961172342300415
565,82,images/image_68.jpg,images/image_172.jpg,0.1996411681175232
505,86,images/image_553.jpg,images/image_176.jpg,0.19966518878936768
547,494,images/image_591.jpg,images/image_543.jpg,0.199812650680542
556,123,images/image_6.jpg,images/image_209.jpg,0.19981569051742554
557,141,images/image_60.jpg,images/image_225.jpg,0.1998891830444336
565,357,images/image_68.jpg,images/image_42.jpg,0.20014619827270508
565,303,images/image_68.jpg,images/image_371.jpg,0.20019745826721191
556,229,images/image_6.jpg,images/image_304.jpg,0.20021504163742065
465,62,images/image_517.jpg,images/image_154.jpg,0.20028936862945557
330,367,images/image_396.jpg,images/image_429.jpg,0.20045942068099976
426,288,images/image_482.jpg,images/image_358.jpg,0.20049047470092773
404,584,images/image_462.jpg,images/image_85.jpg,0.2004917860031128
363,165,images/image_425.jpg,images/image_247.jpg,0.20049667358398438
574,383,images/image_76.jpg,images/image_443.jpg,0.2007923126220703
581,252,images/image_82.jpg,images/image_325.jpg,0.20083391666412354
565,107,images/image_68.jpg,images/image_195.jpg,0.20085233449935913
224,44,images/image_30.jpg,images/image_138.jpg,0.2010420560836792
591,588,images/image_91.jpg,images/image_89.jpg,0.2012912631034851
221,70,images/image_298.jpg,images/image_161.jpg,0.20182335376739502
547,125,images/image_591.jpg,images/image_210.jpg,0.20183593034744263
569,519,images/image_71.jpg,images/image_566.jpg,0.20195627212524414
569,52,images/image_71.jpg,images/image_145.jpg,0.20210862159729004
547,285,images/image_591.jpg,images/image_355.jpg,0.20213860273361206
178,253,images/image_259.jpg,images/image_326.jpg,0.20225214958190918
574,578,images/image_76.jpg,images/image_8.jpg,0.2022840976715088
415,459,images/image_472.jpg,images/image_511.jpg,0.2023015022277832
564,261,images/image_67.jpg,images/image_333.jpg,0.20241832733154297
224,330,images/image_30.jpg,images/image_396.jpg,0.20245134830474854
418,94,images/image_475.jpg,images/image_183.jpg,0.20246165990829468
556,93,images/image_6.jpg,images/image_182.jpg,0.20249956846237183
418,64,images/image_475.jpg,images/image_156.jpg,0.20254582166671753
564,354,images/image_67.jpg,images/image_417.jpg,0.2025572657585144
178,94,images/image_259.jpg,images/image_183.jpg,0.2025861144065857
418,253,images/image_475.jpg,images/image_326.jpg,0.2026391625404358
564,506,images/image_67.jpg,images/image_554.jpg,0.20282596349716187
464,99,images/image_516.jpg,images/image_188.jpg,0.20327723026275635
564,570,images/image_67.jpg,images/image_72.jpg,0.20331311225891113
547,267,images/image_591.jpg,images/image_339.jpg,0.2033478021621704
556,496,images/image_6.jpg,images/image_545.jpg,0.2035718560218811
221,261,images/image_298.jpg,images/image_333.jpg,0.20363527536392212
221,354,images/image_298.jpg,images/image_417.jpg,0.2036588191986084
464,64,images/image_516.jpg,images/image_156.jpg,0.20371800661087036
418,99,images/image_475.jpg,images/image_188.jpg,0.20378434658050537
547,36,images/image_591.jpg,images/image_130.jpg,0.20380133390426636
221,506,images/image_298.jpg,images/image_554.jpg,0.20388877391815186
547,324,images/image_591.jpg,images/image_390.jpg,0.20389199256896973
569,8,images/image_71.jpg,images/image_105.jpg,0.20393431186676025
580,30,images/image_81.jpg,images/image_125.jpg,0.20407384634017944
387,349,images/image_447.jpg,images/image_412.jpg,0.20412474870681763
221,570,images/image_298.jpg,images/image_72.jpg,0.20412933826446533
547,468,images/image_591.jpg,images/image_52.jpg,0.20417940616607666
464,459,images/image_516.jpg,images/image_511.jpg,0.20427638292312622
420,379,images/image_477.jpg,images/image_44.jpg,0.20450425148010254
451,494,images/image_504.jpg,images/image_543.jpg,0.2046228051185608
224,565,images/image_30.jpg,images/image_68.jpg,0.20470911264419556
449,379,images/image_502.jpg,images/image_44.jpg,0.20476609468460083
451,178,images/image_504.jpg,images/image_259.jpg,0.20498907566070557
418,451,images/image_475.jpg,images/image_504.jpg,0.205003559589386
454,30,images/image_507.jpg,images/image_125.jpg,0.20506995916366577
224,324,images/image_30.jpg,images/image_390.jpg,0.20510715246200562
547,72,images/image_591.jpg,images/image_163.jpg,0.20511645078659058
426,165,images/image_482.jpg,images/image_247.jpg,0.20544612407684326
363,29,images/image_425.jpg,images/image_124.jpg,0.20569729804992676
498,547,images/image_547.jpg,images/image_591.jpg,0.20593369007110596
465,279,images/image_517.jpg,images/image_35.jpg,0.20612883567810059
465,499,images/image_517.jpg,images/image_548.jpg,0.20616334676742554
565,358,images/image_68.jpg,images/image_420.jpg,0.20620781183242798
574,63,images/image_76.jpg,images/image_155.jpg,0.20648401975631714
574,3,images/image_76.jpg,images/image_100.jpg,0.2065720558166504
418,459,images/image_475.jpg,images/image_511.jpg,0.20673811435699463
510,379,images/image_558.jpg,images/image_44.jpg,0.2067711353302002
443,23,images/image_498.jpg,images/image_119.jpg,0.20698243379592896
451,125,images/image_504.jpg,images/image_210.jpg,0.20703613758087158
415,111,images/image_472.jpg,images/image_199.jpg,0.20716559886932373
557,252,images/image_60.jpg,images/image_325.jpg,0.2077757716178894
443,431,images/image_498.jpg,images/image_487.jpg,0.20807266235351562
574,245,images/image_76.jpg,images/image_319.jpg,0.20836079120635986
443,6,images/image_498.jpg,images/image_103.jpg,0.20870059728622437
464,44,images/image_516.jpg,images/image_138.jpg,0.2088545560836792
581,296,images/image_82.jpg,images/image_365.jpg,0.20908159017562866
581,237,images/image_82.jpg,images/image_311.jpg,0.20913177728652954
443,283,images/image_498.jpg,images/image_353.jpg,0.2091490626335144
547,164,images/image_591.jpg,images/image_246.jpg,0.20921164751052856
498,303,images/image_547.jpg,images/image_371.jpg,0.209608793258667
556,28,images/image_6.jpg,images/image_123.jpg,0.20972156524658203
581,111,images/image_82.jpg,images/image_199.jpg,0.20978856086730957
418,111,images/image_475.jpg,images/image_199.jpg,0.20995569229125977
363,347,images/image_425.jpg,images/image_410.jpg,0.20995652675628662
464,330,images/image_516.jpg,images/image_396.jpg,0.21019232273101807
426,29,images/image_482.jpg,images/image_124.jpg,0.2105993628501892
547,220,images/image_591.jpg,images/image_297.jpg,0.21064496040344238
548,30,images/image_592.jpg,images/image_125.jpg,0.2106494903564453
464,78,images/image_516.jpg,images/image_169.jpg,0.21078860759735107
415,547,images/image_472.jpg,images/image_591.jpg,0.2109035849571228
363,79,images/image_425.jpg,images/image_17.jpg,0.21105021238327026
387,165,images/image_447.jpg,images/image_247.jpg,0.21112704277038574
569,99,images/image_71.jpg,images/image_188.jpg,0.21122968196868896
393,30,images/image_452.jpg,images/image_125.jpg,0.21149557828903198
447,30,images/image_500.jpg,images/image_125.jpg,0.21156734228134155
420,40,images/image_477.jpg,images/image_134.jpg,0.2117440104484558
449,40,images/image_502.jpg,images/image_134.jpg,0.2118433713912964
569,459,images/image_71.jpg,images/image_511.jpg,0.21184462308883667
105,126,images/image_193.jpg,images/image_211.jpg,0.211930513381958
569,64,images/image_71.jpg,images/image_156.jpg,0.21204698085784912
464,565,images/image_516.jpg,images/image_68.jpg,0.21272093057632446
565,451,images/image_68.jpg,images/image_504.jpg,0.21289408206939697
373,126,images/image_434.jpg,images/image_211.jpg,0.21297919750213623
462,126,images/image_514.jpg,images/image_211.jpg,0.2130032777786255
363,62,images/image_425.jpg,images/image_154.jpg,0.21305274963378906
221,161,images/image_298.jpg,images/image_243.jpg,0.21317583322525024
464,324,images/image_516.jpg,images/image_390.jpg,0.21327108144760132
465,349,images/image_517.jpg,images/image_412.jpg,0.213531494140625
495,126,images/image_544.jpg,images/image_211.jpg,0.21361762285232544
510,40,images/image_558.jpg,images/image_134.jpg,0.21380650997161865
464,52,images/image_516.jpg,images/image_145.jpg,0.21447992324829102
464,8,images/image_516.jpg,images/image_105.jpg,0.2147585153579712
426,347,images/image_482.jpg,images/image_410.jpg,0.21481043100357056
420,446,images/image_477.jpg,images/image_50.jpg,0.2153964638710022
565,210,images/image_68.jpg,images/image_288.jpg,0.21545100212097168
534,126,images/image_58.jpg,images/image_211.jpg,0.21548807621002197
415,303,images/image_472.jpg,images/image_371.jpg,0.21555083990097046
557,441,images/image_60.jpg,images/image_496.jpg,0.21560043096542358
449,446,images/image_502.jpg,images/image_50.jpg,0.21562016010284424
449,471,images/image_502.jpg,images/image_522.jpg,0.21595865488052368
464,488,images/image_516.jpg,images/image_538.jpg,0.2160140872001648
426,79,images/image_482.jpg,images/image_17.jpg,0.21602708101272583
449,330,images/image_502.jpg,images/image_396.jpg,0.21678006649017334
387,29,images/image_447.jpg,images/image_124.jpg,0.2171120047569275
286,519,images/image_356.jpg,images/image_566.jpg,0.21753132343292236
418,547,images/image_475.jpg,images/image_591.jpg,0.2175583839416504
510,446,images/image_558.jpg,images/image_50.jpg,0.21762049198150635
382,519,images/image_442.jpg,images/image_566.jpg,0.21766245365142822
510,471,images/image_558.jpg,images/image_522.jpg,0.21796512603759766
548,351,images/image_592.jpg,images/image_414.jpg,0.2179970145225525
564,161,images/image_67.jpg,images/image_243.jpg,0.2185533046722412
393,351,images/image_452.jpg,images/image_414.jpg,0.21873295307159424
447,351,images/image_500.jpg,images/image_414.jpg,0.21949410438537598
591,64,images/image_91.jpg,images/image_156.jpg,0.21958833932876587
591,99,images/image_91.jpg,images/image_188.jpg,0.2197287678718567
510,330,images/image_558.jpg,images/image_396.jpg,0.21990764141082764
510,273,images/image_558.jpg,images/image_344.jpg,0.21996569633483887
591,111,images/image_91.jpg,images/image_199.jpg,0.22009336948394775
465,165,images/image_517.jpg,images/image_247.jpg,0.22047549486160278
510,565,images/image_558.jpg,images/image_68.jpg,0.2204851508140564
404,519,images/image_462.jpg,images/image_566.jpg,0.22052788734436035
105,90,images/image_193.jpg,images/image_18.jpg,0.22078311443328857
387,347,images/image_447.jpg,images/image_410.jpg,0.2212086319923401
574,95,images/image_76.jpg,images/image_184.jpg,0.22124743461608887
591,459,images/image_91.jpg,images/image_511.jpg,0.22173243761062622
462,90,images/image_514.jpg,images/image_18.jpg,0.2219775915145874
580,130,images/image_81.jpg,images/image_215.jpg,0.2219826579093933
548,589,images/image_592.jpg,images/image_9.jpg,0.22199630737304688
373,90,images/image_434.jpg,images/image_18.jpg,0.22203058004379272
418,303,images/image_475.jpg,images/image_371.jpg,0.2221704125404358
387,79,images/image_447.jpg,images/image_17.jpg,0.22231876850128174
495,90,images/image_544.jpg,images/image_18.jpg,0.2226969599723816
393,589,images/image_452.jpg,images/image_9.jpg,0.22274082899093628
548,518,images/image_592.jpg,images/image_565.jpg,0.22300589084625244
580,472,images/image_81.jpg,images/image_523.jpg,0.223122239112854
580,206,images/image_81.jpg,images/image_284.jpg,0.22325432300567627
373,215,images/image_434.jpg,images/image_292.jpg,0.2234116792678833
564,550,images/image_67.jpg,images/image_594.jpg,0.22345250844955444
382,78,images/image_442.jpg,images/image_169.jpg,0.22347491979599
447,589,images/image_500.jpg,images/image_9.jpg,0.22350388765335083
580,18,images/image_81.jpg,images/image_114.jpg,0.2235906720161438
393,518,images/image_452.jpg,images/image_565.jpg,0.22374498844146729
574,141,images/image_76.jpg,images/image_225.jpg,0.22423475980758667
462,215,images/image_514.jpg,images/image_292.jpg,0.22444462776184082
105,215,images/image_193.jpg,images/image_292.jpg,0.22446298599243164
495,215,images/image_544.jpg,images/image_292.jpg,0.22448205947875977
447,518,images/image_500.jpg,images/image_565.jpg,0.2245159149169922
534,90,images/image_58.jpg,images/image_18.jpg,0.22459769248962402
564,35,images/image_67.jpg,images/image_13.jpg,0.22469580173492432
548,422,images/image_592.jpg,images/image_479.jpg,0.22471016645431519
454,130,images/image_507.jpg,images/image_215.jpg,0.2249462604522705
564,234,images/image_67.jpg,images/image_309.jpg,0.22565054893493652
387,62,images/image_447.jpg,images/image_154.jpg,0.22573286294937134
465,29,images/image_517.jpg,images/image_124.jpg,0.22583091259002686
534,215,images/image_58.jpg,images/image_292.jpg,0.2260533571243286
454,472,images/image_507.jpg,images/image_523.jpg,0.22610950469970703
564,71,images/image_67.jpg,images/image_162.jpg,0.2262219786643982
447,422,images/image_500.jpg,images/image_479.jpg,0.22622597217559814
454,206,images/image_507.jpg,images/image_284.jpg,0.2262427806854248
404,78,images/image_462.jpg,images/image_169.jpg,0.22640091180801392
465,119,images/image_517.jpg,images/image_205.jpg,0.22645390033721924
404,8,images/image_462.jpg,images/image_105.jpg,0.2265712022781372
454,18,images/image_507.jpg,images/image_114.jpg,0.22659891843795776
564,459,images/image_67.jpg,images/image_511.jpg,0.22680628299713135
564,198,images/image_67.jpg,images/image_277.jpg,0.22720223665237427
564,99,images/image_67.jpg,images/image_188.jpg,0.22726863622665405
505,78,images/image_553.jpg,images/image_169.jpg,0.22788774967193604
564,512,images/image_67.jpg,images/image_56.jpg,0.22794479131698608
465,191,images/image_517.jpg,images/image_270.jpg,0.2282489538192749
426,62,images/image_482.jpg,images/image_154.jpg,0.22886788845062256
426,23,images/image_482.jpg,images/image_119.jpg,0.22910499572753906
580,144,images/image_81.jpg,images/image_228.jpg,0.22959303855895996
505,52,images/image_553.jpg,images/image_145.jpg,0.23006105422973633
465,347,images/image_517.jpg,images/image_410.jpg,0.23035156726837158
426,431,images/image_482.jpg,images/image_487.jpg,0.2305125594139099
465,79,images/image_517.jpg,images/image_17.jpg,0.23136478662490845
505,8,images/image_553.jpg,images/image_105.jpg,0.23206615447998047
454,144,images/image_507.jpg,images/image_228.jpg,0.23262923955917358
209,94,images/image_287.jpg,images/image_183.jpg,0.23432385921478271
505,519,images/image_553.jpg,images/image_566.jpg,0.23508840799331665
495,564,images/image_544.jpg,images/image_67.jpg,0.23566949367523193
465,135,images/image_517.jpg,images/image_22.jpg,0.23615312576293945
465,380,images/image_517.jpg,images/image_440.jpg,0.2362358570098877
534,564,images/image_58.jpg,images/image_67.jpg,0.2371155023574829
373,564,images/image_434.jpg,images/image_67.jpg,0.2381575107574463
105,564,images/image_193.jpg,images/image_67.jpg,0.2382577657699585
250,94,images/image_323.jpg,images/image_183.jpg,0.23826920986175537
373,55,images/image_434.jpg,images/image_148.jpg,0.2387116551399231
591,190,images/image_91.jpg,images/image_27.jpg,0.23891741037368774
373,168,images/image_434.jpg,images/image_25.jpg,0.23942339420318604
105,55,images/image_193.jpg,images/image_148.jpg,0.23960977792739868
462,55,images/image_514.jpg,images/image_148.jpg,0.2397242784500122
495,55,images/image_544.jpg,images/image_148.jpg,0.23972535133361816
105,168,images/image_193.jpg,images/image_25.jpg,0.24029922485351562
462,564,images/image_514.jpg,images/image_67.jpg,0.24035203456878662
495,168,images/image_544.jpg,images/image_25.jpg,0.24042487144470215
462,168,images/image_514.jpg,images/image_25.jpg,0.24042892456054688
534,55,images/image_58.jpg,images/image_148.jpg,0.24140965938568115
209,451,images/image_287.jpg,images/image_504.jpg,0.24186164140701294
534,168,images/image_58.jpg,images/image_25.jpg,0.2421175241470337
495,221,images/image_544.jpg,images/image_298.jpg,0.24288290739059448
520,94,images/image_567.jpg,images/image_183.jpg,0.24307668209075928
534,221,images/image_58.jpg,images/image_298.jpg,0.24431383609771729
505,99,images/image_553.jpg,images/image_188.jpg,0.24483215808868408
250,591,images/image_323.jpg,images/image_91.jpg,0.2448958158493042
105,221,images/image_193.jpg,images/image_298.jpg,0.24524414539337158
373,221,images/image_434.jpg,images/image_298.jpg,0.24526137113571167
505,64,images/image_553.jpg,images/image_156.jpg,0.24532556533813477
250,451,images/image_323.jpg,images/image_504.jpg,0.24559944868087769
209,591,images/image_287.jpg,images/image_91.jpg,0.2458651065826416
505,459,images/image_553.jpg,images/image_511.jpg,0.24592113494873047
387,23,images/image_447.jpg,images/image_119.jpg,0.24618279933929443
462,221,images/image_514.jpg,images/image_298.jpg,0.24745720624923706
209,190,images/image_287.jpg,images/image_27.jpg,0.24810892343521118
548,313,images/image_592.jpg,images/image_380.jpg,0.24811887741088867
548,206,images/image_592.jpg,images/image_284.jpg,0.2486116886138916
548,18,images/image_592.jpg,images/image_114.jpg,0.2494581937789917
447,313,images/image_500.jpg,images/image_380.jpg,0.24964642524719238
447,206,images/image_500.jpg,images/image_284.jpg,0.24994397163391113
209,322,images/image_287.jpg,images/image_389.jpg,0.24994510412216187
209,475,images/image_287.jpg,images/image_526.jpg,0.2500172257423401
520,591,images/image_567.jpg,images/image_91.jpg,0.25034821033477783
520,451,images/image_567.jpg,images/image_504.jpg,0.2504417896270752
591,438,images/image_91.jpg,images/image_493.jpg,0.2507374882698059
548,130,images/image_592.jpg,images/image_215.jpg,0.25118589401245117
548,472,images/image_592.jpg,images/image_523.jpg,0.2514989376068115
591,475,images/image_91.jpg,images/image_526.jpg,0.2516849637031555
250,176,images/image_323.jpg,images/image_257.jpg,0.25244903564453125
591,322,images/image_91.jpg,images/image_389.jpg,0.25248217582702637
209,64,images/image_287.jpg,images/image_156.jpg,0.2525283098220825
209,438,images/image_287.jpg,images/image_493.jpg,0.2534646987915039
591,430,images/image_91.jpg,images/image_486.jpg,0.2539362907409668
209,176,images/image_287.jpg,images/image_257.jpg,0.25404661893844604
569,234,images/image_71.jpg,images/image_309.jpg,0.2549217939376831
569,198,images/image_71.jpg,images/image_277.jpg,0.2565557360649109
520,176,images/image_567.jpg,images/image_257.jpg,0.2578519582748413
569,188,images/image_71.jpg,images/image_268.jpg,0.2580260634422302
250,253,images/image_323.jpg,images/image_326.jpg,0.2586161494255066
548,144,images/image_592.jpg,images/image_228.jpg,0.2592160701751709
591,255,images/image_91.jpg,images/image_328.jpg,0.25947725772857666
250,190,images/image_323.jpg,images/image_27.jpg,0.2602770924568176
591,453,images/image_91.jpg,images/image_506.jpg,0.2604498267173767
591,240,images/image_91.jpg,images/image_314.jpg,0.26047515869140625
250,64,images/image_323.jpg,images/image_156.jpg,0.2620943784713745
250,322,images/image_323.jpg,images/image_389.jpg,0.2624216675758362
250,475,images/image_323.jpg,images/image_526.jpg,0.2624622583389282
520,253,images/image_567.jpg,images/image_326.jpg,0.2635670304298401
250,99,images/image_323.jpg,images/image_188.jpg,0.26420706510543823
520,190,images/image_567.jpg,images/image_27.jpg,0.2658193111419678
250,438,images/image_323.jpg,images/image_493.jpg,0.2660290002822876
520,322,images/image_567.jpg,images/image_389.jpg,0.2678781747817993
520,475,images/image_567.jpg,images/image_526.jpg,0.2679187059402466
250,303,images/image_323.jpg,images/image_371.jpg,0.26802074909210205
520,64,images/image_567.jpg,images/image_156.jpg,0.26975125074386597
520,438,images/image_567.jpg,images/image_493.jpg,0.27161115407943726
520,99,images/image_567.jpg,images/image_188.jpg,0.27188974618911743
520,303,images/image_567.jpg,images/image_371.jpg,0.27300453186035156
569,537,images/image_71.jpg,images/image_582.jpg,0.27301883697509766
520,547,images/image_567.jpg,images/image_591.jpg,0.27363258600234985
520,430,images/image_567.jpg,images/image_486.jpg,0.2750554084777832
520,459,images/image_567.jpg,images/image_511.jpg,0.2761783003807068
580,330,images/image_81.jpg,images/image_396.jpg,0.2762089967727661
580,44,images/image_81.jpg,images/image_138.jpg,0.27647602558135986
580,565,images/image_81.jpg,images/image_68.jpg,0.2771568298339844
454,330,images/image_507.jpg,images/image_396.jpg,0.277168869972229
569,419,images/image_71.jpg,images/image_476.jpg,0.2786012887954712
105,587,images/image_193.jpg,images/image_88.jpg,0.2786053419113159
569,581,images/image_71.jpg,images/image_82.jpg,0.2794225811958313
495,587,images/image_544.jpg,images/image_88.jpg,0.27994227409362793
569,557,images/image_71.jpg,images/image_60.jpg,0.27999818325042725
373,587,images/image_434.jpg,images/image_88.jpg,0.28029173612594604
580,324,images/image_81.jpg,images/image_390.jpg,0.28054559230804443
462,587,images/image_514.jpg,images/image_88.jpg,0.2806128263473511
569,540,images/image_71.jpg,images/image_585.jpg,0.2810654044151306
534,587,images/image_58.jpg,images/image_88.jpg,0.2823585271835327
105,161,images/image_193.jpg,images/image_243.jpg,0.28707849979400635
495,161,images/image_544.jpg,images/image_243.jpg,0.28788554668426514
373,161,images/image_434.jpg,images/image_243.jpg,0.2883641719818115
105,512,images/image_193.jpg,images/image_56.jpg,0.2887410521507263
462,161,images/image_514.jpg,images/image_243.jpg,0.2888798117637634
495,512,images/image_544.jpg,images/image_56.jpg,0.28981518745422363
373,512,images/image_434.jpg,images/image_56.jpg,0.2901025414466858
105,396,images/image_193.jpg,images/image_455.jpg,0.29011404514312744
534,161,images/image_58.jpg,images/image_243.jpg,0.29033637046813965
462,512,images/image_514.jpg,images/image_56.jpg,0.29059380292892456
495,396,images/image_544.jpg,images/image_455.jpg,0.29130125045776367
373,396,images/image_434.jpg,images/image_455.jpg,0.29169565439224243
498,190,images/image_547.jpg,images/image_27.jpg,0.291845440864563
462,396,images/image_514.jpg,images/image_455.jpg,0.29209113121032715
534,512,images/image_58.jpg,images/image_56.jpg,0.29221707582473755
534,396,images/image_58.jpg,images/image_455.jpg,0.29375433921813965
495,557,images/image_544.jpg,images/image_60.jpg,0.2985636591911316
498,322,images/image_547.jpg,images/image_389.jpg,0.2989528775215149
498,475,images/image_547.jpg,images/image_526.jpg,0.29898881912231445
498,188,images/image_547.jpg,images/image_268.jpg,0.29919523000717163
534,557,images/image_58.jpg,images/image_60.jpg,0.29996103048324585
498,198,images/image_547.jpg,images/image_277.jpg,0.3002656102180481
495,540,images/image_544.jpg,images/image_585.jpg,0.30035972595214844
534,540,images/image_58.jpg,images/image_585.jpg,0.3017652630805969
373,557,images/image_434.jpg,images/image_60.jpg,0.30231553316116333
373,540,images/image_434.jpg,images/image_585.jpg,0.3041636347770691
462,557,images/image_514.jpg,images/image_60.jpg,0.30497604608535767
495,398,images/image_544.jpg,images/image_457.jpg,0.3063182830810547
462,540,images/image_514.jpg,images/image_585.jpg,0.30679434537887573
495,581,images/image_544.jpg,images/image_82.jpg,0.3068498969078064
373,398,images/image_434.jpg,images/image_457.jpg,0.30685150623321533
462,398,images/image_514.jpg,images/image_457.jpg,0.30711549520492554
495,588,images/image_544.jpg,images/image_89.jpg,0.3074573278427124
534,581,images/image_58.jpg,images/image_82.jpg,0.3082643747329712
534,398,images/image_58.jpg,images/image_457.jpg,0.3088679909706116
534,588,images/image_58.jpg,images/image_89.jpg,0.30902355909347534
462,588,images/image_514.jpg,images/image_89.jpg,0.31167274713516235
495,444,images/image_544.jpg,images/image_499.jpg,0.313167929649353
462,581,images/image_514.jpg,images/image_82.jpg,0.31335312128067017
534,444,images/image_58.jpg,images/image_499.jpg,0.3147016763687134
495,519,images/image_544.jpg,images/image_566.jpg,0.31619709730148315
534,519,images/image_58.jpg,images/image_566.jpg,0.31840968132019043
133,392,images/image_218.jpg,images/image_451.jpg,0.32215428352355957
534,78,images/image_58.jpg,images/image_169.jpg,0.32284224033355713
534,8,images/image_58.jpg,images/image_105.jpg,0.3259243965148926
89,392,images/image_179.jpg,images/image_451.jpg,0.32594478130340576
120,392,images/image_206.jpg,images/image_451.jpg,0.32645756006240845
520,464,images/image_567.jpg,images/image_516.jpg,0.3324428200721741
520,224,images/image_567.jpg,images/image_30.jpg,0.34729433059692383
89,542,images/image_179.jpg,images/image_587.jpg,0.34744226932525635
122,542,images/image_208.jpg,images/image_587.jpg,0.3506345748901367
120,542,images/image_206.jpg,images/image_587.jpg,0.3511887192726135
120,387,images/image_206.jpg,images/image_447.jpg,0.35649341344833374
120,291,images/image_206.jpg,images/image_360.jpg,0.3569389581680298
120,426,images/image_206.jpg,images/image_482.jpg,0.35718172788619995
520,505,images/image_567.jpg,images/image_553.jpg,0.3575092554092407
89,228,images/image_179.jpg,images/image_303.jpg,0.3582908511161804
122,228,images/image_208.jpg,images/image_303.jpg,0.3588598370552063
120,48,images/image_206.jpg,images/image_141.jpg,0.36043161153793335
120,443,images/image_206.jpg,images/image_498.jpg,0.3609817624092102
89,387,images/image_179.jpg,images/image_447.jpg,0.3615073561668396
89,291,images/image_179.jpg,images/image_360.jpg,0.36157435178756714
89,426,images/image_179.jpg,images/image_482.jpg,0.3619568347930908
120,228,images/image_206.jpg,images/image_303.jpg,0.36217015981674194
133,556,images/image_218.jpg,images/image_6.jpg,0.36483824253082275
89,48,images/image_179.jpg,images/image_141.jpg,0.36514079570770264
89,443,images/image_179.jpg,images/image_498.jpg,0.3656291365623474
122,80,images/image_208.jpg,images/image_170.jpg,0.3658204674720764
133,159,images/image_218.jpg,images/image_241.jpg,0.367656409740448
133,542,images/image_218.jpg,images/image_587.jpg,0.3682359457015991
133,387,images/image_218.jpg,images/image_447.jpg,0.3710610866546631
133,426,images/image_218.jpg,images/image_482.jpg,0.3721318244934082
133,291,images/image_218.jpg,images/image_360.jpg,0.3724062442779541
122,392,images/image_208.jpg,images/image_451.jpg,0.37307417392730713
120,363,images/image_206.jpg,images/image_425.jpg,0.37518310546875
133,48,images/image_218.jpg,images/image_141.jpg,0.375537633895874
133,443,images/image_218.jpg,images/image_498.jpg,0.37621206045150757
120,556,images/image_206.jpg,images/image_6.jpg,0.37855660915374756
89,556,images/image_179.jpg,images/image_6.jpg,0.37932121753692627
133,228,images/image_218.jpg,images/image_303.jpg,0.3799936771392822
89,363,images/image_179.jpg,images/image_425.jpg,0.3800569772720337
120,159,images/image_206.jpg,images/image_241.jpg,0.3813328146934509
122,426,images/image_208.jpg,images/image_482.jpg,0.3820520043373108
89,159,images/image_179.jpg,images/image_241.jpg,0.3820858597755432
122,291,images/image_208.jpg,images/image_360.jpg,0.38316160440444946
122,387,images/image_208.jpg,images/image_447.jpg,0.38321763277053833
89,305,images/image_179.jpg,images/image_373.jpg,0.3842799663543701
122,48,images/image_208.jpg,images/image_141.jpg,0.38670140504837036
120,51,images/image_206.jpg,images/image_144.jpg,0.386752188205719
122,443,images/image_208.jpg,images/image_498.jpg,0.3871513605117798
120,305,images/image_206.jpg,images/image_373.jpg,0.38764458894729614
120,465,images/image_206.jpg,images/image_517.jpg,0.38862359523773193
89,256,images/image_179.jpg,images/image_329.jpg,0.388891339302063
133,363,images/image_218.jpg,images/image_425.jpg,0.39024198055267334
89,51,images/image_179.jpg,images/image_144.jpg,0.39143919944763184
120,256,images/image_206.jpg,images/image_329.jpg,0.39223766326904297
89,465,images/image_179.jpg,images/image_517.jpg,0.3937435746192932
89,53,images/image_179.jpg,images/image_146.jpg,0.3975561261177063
133,305,images/image_218.jpg,images/image_373.jpg,0.40014517307281494
120,53,images/image_206.jpg,images/image_146.jpg,0.40079355239868164
89,598,images/image_179.jpg,images/image_98.jpg,0.40135693550109863
122,363,images/image_208.jpg,images/image_425.jpg,0.40141046047210693
133,51,images/image_218.jpg,images/image_144.jpg,0.40247225761413574
133,465,images/image_218.jpg,images/image_517.jpg,0.4034430980682373
122,305,images/image_208.jpg,images/image_373.jpg,0.4041476845741272
120,598,images/image_206.jpg,images/image_98.jpg,0.4046385884284973
133,256,images/image_218.jpg,images/image_329.jpg,0.40512144565582275
133,13,images/image_218.jpg,images/image_11.jpg,0.40518683195114136
133,365,images/image_218.jpg,images/image_427.jpg,0.4062305688858032
133,287,images/image_218.jpg,images/image_357.jpg,0.4065921902656555
120,131,images/image_206.jpg,images/image_216.jpg,0.40709877014160156
122,178,images/image_208.jpg,images/image_259.jpg,0.4081765413284302
122,256,images/image_208.jpg,images/image_329.jpg,0.4082784652709961
122,418,images/image_208.jpg,images/image_475.jpg,0.41010069847106934
122,415,images/image_208.jpg,images/image_472.jpg,0.4105079174041748
122,164,images/image_208.jpg,images/image_246.jpg,0.41111457347869873
122,51,images/image_208.jpg,images/image_144.jpg,0.41186606884002686
133,522,images/image_218.jpg,images/image_569.jpg,0.413590669631958
133,53,images/image_218.jpg,images/image_146.jpg,0.4142962694168091
122,465,images/image_208.jpg,images/image_517.jpg,0.41517114639282227
122,53,images/image_208.jpg,images/image_146.jpg,0.41533905267715454
